<?xml version="1.0" encoding="utf-8"?>
<COLLADA xmlns="http://www.collada.org/2005/11/COLLADASchema" version="1.4.1" xmlns:xsi="http://www.w3.org/2001/XMLSchema-instance">
  <asset>
    <contributor>
      <author>Blender User</author>
      <authoring_tool>Blender 2.82.7 commit date:2020-03-12, commit time:05:06, hash:375c7dc4caf4</authoring_tool>
    </contributor>
    <created>2020-05-29T19:24:17</created>
    <modified>2020-05-29T19:24:17</modified>
    <unit name="meter" meter="1"/>
    <up_axis>Z_UP</up_axis>
  </asset>
  <library_images/>
  <library_geometries>
    <geometry id="Cylinder_001-mesh" name="Cylinder.001">
      <mesh>
        <source id="Cylinder_001-mesh-positions">
          <float_array id="Cylinder_001-mesh-positions-array" count="7428">0.2006652 0.09496152 0.0206806 0.2006652 0.09075266 0.02752929 0.2006652 0.09475553 0.02279698 0.2006652 0.09415769 0.02470618 0.2006652 0.09322655 0.02622133 0.2006652 0.09205329 0.02719408 0.2006652 0.06783246 0.0206806 0.2006652 0.07204133 0.02752929 0.2006652 0.06803846 0.02279698 0.2006652 0.06863629 0.02470618 0.2006652 0.06956744 0.02622133 0.2006652 0.07074075 0.02719408 0.2085794 0.09496152 0.01910638 0.2112002 0.09075266 0.02543377 0.2093892 0.09475553 0.02106165 0.2101199 0.09415769 0.02282553 0.2106997 0.09322655 0.02422535 0.211072 0.09205323 0.02512407 0.2085793 0.06783246 0.01910638 0.2112002 0.07204133 0.02543377 0.2093892 0.06803846 0.02106165 0.2101199 0.06863629 0.02282553 0.2106997 0.06956744 0.02422535 0.2110719 0.07074075 0.02512407 0.2152886 0.09496152 0.0146234 0.2201314 0.09075266 0.01946616 0.2167851 0.09475553 0.01611989 0.2181351 0.09415769 0.01746988 0.2192065 0.09322655 0.01854127 0.2198944 0.09205323 0.01922911 0.2152886 0.06783246 0.0146234 0.2201313 0.07204133 0.01946616 0.2167851 0.06803846 0.01611989 0.2181351 0.06863629 0.01746988 0.2192065 0.06956744 0.01854127 0.2198944 0.07074075 0.01922911 0.2197716 0.09496152 0.007914125 0.226099 0.09075266 0.010535 0.2217269 0.09475553 0.008723974 0.2234908 0.09415769 0.009454607 0.2248905 0.09322655 0.01003444 0.2257893 0.09205323 0.01040673 0.2197716 0.06783246 0.007914125 0.226099 0.07204133 0.010535 0.2217268 0.06803846 0.008724033 0.2234907 0.06863629 0.009454607 0.2248905 0.06956744 0.01003444 0.2257893 0.07074069 0.01040673 0.2213459 0.09496152 0 0.2281945 0.09075266 0 0.2234622 0.09475553 0 0.2253714 0.09415769 0 0.2268865 0.09322655 0 0.2278593 0.09205323 0 0.2213459 0.06783246 0 0.2281945 0.07204133 0 0.2234622 0.06803846 0 0.2253714 0.06863629 0 0.2268865 0.06956744 0 0.2278593 0.07074069 0 0.2197716 0.09496152 -0.007914125 0.226099 0.09075266 -0.010535 0.2217269 0.09475553 -0.008723974 0.2234908 0.09415769 -0.009454607 0.2248905 0.09322655 -0.01003444 0.2257893 0.09205323 -0.01040673 0.2197716 0.06783246 -0.007914125 0.226099 0.07204133 -0.010535 0.2217268 0.06803846 -0.008723974 0.2234907 0.06863629 -0.009454607 0.2248905 0.06956744 -0.01003444 0.2257893 0.07074069 -0.01040673 0.2152886 0.09496152 -0.0146234 0.2201314 0.09075266 -0.01946616 0.2167851 0.09475553 -0.01611989 0.2181351 0.09415769 -0.01746988 0.2192065 0.09322655 -0.01854127 0.2198944 0.09205323 -0.01922911 0.2152886 0.06783246 -0.0146234 0.2201313 0.07204133 -0.01946616 0.2167851 0.06803846 -0.01611989 0.2181351 0.06863629 -0.01746988 0.2192065 0.06956744 -0.01854127 0.2198944 0.07074075 -0.01922911 0.2085794 0.09496152 -0.01910638 0.2112002 0.09075266 -0.02543371 0.2093892 0.09475553 -0.02106165 0.2101199 0.09415769 -0.02282553 0.2106997 0.09322655 -0.02422535 0.211072 0.09205323 -0.02512407 0.2085793 0.06783246 -0.01910638 0.2112002 0.07204133 -0.02543371 0.2093892 0.06803846 -0.02106165 0.2101199 0.06863629 -0.02282553 0.2106997 0.06956744 -0.02422535 0.2110719 0.07074075 -0.02512407 0.2006652 0.09496152 -0.0206806 0.2006652 0.09075266 -0.02752929 0.2006652 0.09475553 -0.02279698 0.2006652 0.09415769 -0.02470618 0.2006652 0.09322655 -0.02622133 0.2006652 0.09205323 -0.02719408 0.2006652 0.06783246 -0.0206806 0.2006652 0.07204133 -0.02752929 0.2006652 0.06803846 -0.02279698 0.2006652 0.06863629 -0.02470618 0.2006652 0.06956744 -0.02622133 0.2006652 0.07074075 -0.02719408 0.1927511 0.09496152 -0.01910638 0.1901302 0.09075266 -0.02543377 0.1919412 0.09475553 -0.02106165 0.1912106 0.09415769 -0.02282553 0.1906307 0.09322655 -0.02422535 0.1902585 0.09205329 -0.02512407 0.1927511 0.06783246 -0.01910638 0.1901302 0.07204133 -0.02543377 0.1919412 0.06803852 -0.02106165 0.1912106 0.06863629 -0.02282553 0.1906307 0.06956744 -0.02422535 0.1902585 0.07074075 -0.02512407 0.1860418 0.09496152 -0.0146234 0.181199 0.09075266 -0.01946616 0.1845453 0.09475553 -0.01611989 0.1831953 0.09415769 -0.01746988 0.1821239 0.09322655 -0.01854127 0.1814361 0.09205329 -0.01922911 0.1860418 0.06783252 -0.0146234 0.181199 0.07204139 -0.01946616 0.1845453 0.06803852 -0.01611989 0.1831953 0.06863629 -0.01746988 0.1821239 0.06956744 -0.01854127 0.1814361 0.07074075 -0.01922911 0.1815588 0.09496152 -0.007914125 0.1752315 0.09075266 -0.010535 0.1796035 0.09475553 -0.008723974 0.1778396 0.09415769 -0.009454607 0.1764398 0.09322655 -0.01003444 0.1755411 0.09205329 -0.01040673 0.1815588 0.06783252 -0.007914125 0.1752314 0.07204139 -0.010535 0.1796035 0.06803852 -0.008723974 0.1778396 0.06863629 -0.009454607 0.1764398 0.06956744 -0.01003444 0.1755411 0.07074075 -0.01040673 0.1799846 0.09496152 0 0.1731359 0.09075266 0 0.1778682 0.09475553 0 0.175959 0.09415769 0 0.1744439 0.09322655 0 0.1734711 0.09205329 0 0.1799846 0.06783252 0 0.1731359 0.07204139 0 0.1778682 0.06803852 0 0.175959 0.06863635 0 0.1744439 0.06956744 0 0.1734711 0.07074075 0 0.1815588 0.09496152 0.007914125 0.1752315 0.09075266 0.010535 0.1796035 0.09475553 0.008724033 0.1778396 0.09415769 0.009454607 0.1764398 0.09322655 0.01003444 0.1755411 0.09205329 0.01040673 0.1815588 0.06783252 0.007914125 0.1752314 0.07204139 0.010535 0.1796035 0.06803852 0.008724033 0.1778396 0.06863629 0.009454607 0.1764398 0.06956744 0.01003444 0.1755411 0.07074075 0.01040673 0.1860418 0.09496152 0.0146234 0.181199 0.09075266 0.01946616 0.1845453 0.09475553 0.01611989 0.1831953 0.09415769 0.01746988 0.1821239 0.09322655 0.01854127 0.1814361 0.09205329 0.01922911 0.1860418 0.06783252 0.0146234 0.181199 0.07204139 0.01946616 0.1845453 0.06803852 0.01611989 0.1831953 0.06863629 0.01746988 0.1821239 0.06956744 0.01854127 0.1814361 0.07074075 0.01922911 0.1927511 0.09496152 0.01910638 0.1901302 0.09075266 0.02543377 0.1919412 0.09475553 0.02106165 0.1912106 0.09415769 0.02282553 0.1906307 0.09322655 0.02422535 0.1902585 0.09205329 0.02512407 0.1927511 0.06783246 0.01910638 0.1901302 0.07204133 0.02543377 0.1919412 0.06803852 0.02106165 0.1912106 0.06863629 0.02282553 0.1906307 0.06956744 0.02422535 0.1902585 0.07074075 0.02512407 0.2006652 0.09496152 0.01074087 0.2047756 0.09496152 0.009923279 0.2082602 0.09496152 0.007594943 0.2105885 0.09496152 0.004110336 0.2114061 0.09496152 0 0.2105885 0.09496152 -0.004110336 0.2082602 0.09496152 -0.007594943 0.2047756 0.09496152 -0.009923219 0.2006652 0.09496152 -0.01074087 0.1965548 0.09496152 -0.009923279 0.1930702 0.09496152 -0.007594943 0.1907419 0.09496152 -0.004110336 0.1899243 0.09496152 0 0.1907419 0.09496152 0.004110336 0.1930702 0.09496152 0.007594943 0.1965548 0.09496152 0.009923279 0.2047756 0.09133398 0.009923279 0.2006652 0.09133398 0.01074087 0.1965548 0.09133398 0.009923279 0.2082602 0.09133398 0.007594943 0.2105885 0.09133398 0.004110336 0.2114061 0.09133398 0 0.2105885 0.09133398 -0.004110336 0.2082602 0.09133398 -0.007594943 0.2047756 0.09133398 -0.009923219 0.2006652 0.09133398 -0.01074087 0.1965548 0.09133398 -0.009923279 0.1930702 0.09133398 -0.007594943 0.1907419 0.09133398 -0.004110336 0.1899243 0.09133398 0 0.1907419 0.09133398 0.004110336 0.1930702 0.09133398 0.007594943 0.2006652 0.09133398 0.006895184 0.2033039 0.09133398 0.006370306 0.2055408 0.09133398 0.004875659 0.2070356 0.09133398 0.002638638 0.2075604 0.09133398 0 0.2070356 0.09133398 -0.002638638 0.2055408 0.09133398 -0.004875659 0.2033039 0.09133398 -0.006370306 0.2006652 0.09133398 -0.006895184 0.1980265 0.09133398 -0.006370306 0.1957895 0.09133398 -0.004875659 0.1942948 0.09133398 -0.002638638 0.19377 0.09133398 0 0.1942949 0.09133398 0.002638638 0.1957895 0.09133398 0.004875659 0.1980265 0.09133398 0.006370306 0.2006652 0.09496152 0.0130369 0.2056542 0.09496152 0.01204454 0.2098837 0.09496152 0.009218513 0.2127098 0.09496152 0.004988968 0.2137022 0.09496152 0 0.2127098 0.09496152 -0.004988968 0.2098837 0.09496152 -0.009218454 0.2056542 0.09496152 -0.01204454 0.2006652 0.09496152 -0.0130369 0.1956762 0.09496152 -0.01204454 0.1914467 0.09496152 -0.009218513 0.1886206 0.09496152 -0.004988968 0.1876283 0.09496152 0 0.1886206 0.09496152 0.004988968 0.1914467 0.09496152 0.009218513 0.1956762 0.09496152 0.01204454 0.2006272 0.095187 0.007894098 0.2006272 0.08975034 0.007894098 0.2074107 0.095187 0.003977656 0.2074107 0.08975034 0.003977656 0.2074107 0.095187 -0.003855228 0.2074107 0.08975034 -0.003855228 0.2006272 0.095187 -0.00777173 0.2006272 0.08975034 -0.00777173 0.1938437 0.095187 -0.003855228 0.1938437 0.08975034 -0.003855228 0.1938437 0.095187 0.003977656 0.1938437 0.08975034 0.003977656 0.1595479 -0.02991908 0.0425682 0.1577829 -0.02839928 0.0425682 0.1577829 -0.02839928 0.04861557 0.1595479 -0.02991908 0.04861557 0.1577829 0.02682036 0.0425682 0.159548 0.02834016 0.0425682 0.159548 0.02834016 0.04861557 0.1577829 0.02682036 0.04861557 0.2254448 -0.02839934 0.0425682 0.2236797 -0.02991908 0.0425682 0.2236797 -0.02991908 0.04861557 0.2254448 -0.02839934 0.04861557 0.2236798 0.0283401 0.0425682 0.2254448 0.0268203 0.0425682 0.2254448 0.0268203 0.04861557 0.2236798 0.0283401 0.04861557 0.1577829 -0.01206368 0.0425682 0.1577829 0.01048475 0.0425682 0.2254448 0.01048469 0.0425682 0.2254448 -0.01206374 0.0425682 0.1577829 -0.01206368 0.04861557 0.1577829 0.01048475 0.04861557 0.2254448 -0.01206374 0.04861557 0.2254448 0.01048469 0.04861557 0.1632112 -0.01206368 0.02251607 0.1632112 0.01048475 0.02251607 0.220792 0.01048469 0.02976673 0.2207919 -0.01206374 0.02976673 0.2017734 0.0283401 0.0425682 0.2017733 -0.02991908 0.0425682 0.2017733 -0.02991908 0.04861557 0.2017734 0.0283401 0.04861557 0.2023326 -0.02839928 0.0425682 0.2023326 0.02682036 0.0425682 0.2023326 -0.01206368 0.0425682 0.2023326 0.01048475 0.0425682 0.2023326 -0.01206368 0.03620314 0.2023326 0.01048475 0.03620314 0.1654631 -0.01192569 0.01144218 0.2141949 -0.009245693 0.03518438 0.2132959 -0.008047342 0.02786862 0.2081061 -0.03680533 0.004665493 0.2092576 -0.03680533 3.68216e-4 0.2109616 -0.01013684 0.01473796 0.2074073 -0.009245693 0.03677427 0.2048224 -0.009245693 0.03108745 0.1979078 -0.01192569 0.0252068 0.1898946 -0.01192569 0.0202955 0.1829153 -0.01192569 0.01719361 0.1738036 -0.01192569 0.0149964 0.2006629 -0.0726574 -0.008226394 0.200663 -0.03680527 -0.008226394 0.2049602 -0.0726574 -0.007074892 0.2049602 -0.03680527 -0.007074892 0.2081061 -0.0726574 -0.003929078 0.2081061 -0.03680533 -0.003929078 0.2092576 -0.0726574 3.68214e-4 0.2081061 -0.0726574 0.004665493 0.2049602 -0.0726574 0.007811367 0.2049602 -0.03680527 0.007811367 0.2006629 -0.0726574 0.00896281 0.200663 -0.03680527 0.00896281 0.1963656 -0.0726574 0.007811367 0.1963657 -0.03680527 0.007811367 0.1932198 -0.0726574 0.004665493 0.1932198 -0.03680527 0.004665493 0.1920683 -0.0726574 3.68216e-4 0.1932198 -0.0726574 -0.003929078 0.1932198 -0.03680527 -0.003929078 0.1963656 -0.0726574 -0.007074892 0.1963657 -0.03680527 -0.007074892 0.2093342 -0.01192569 0.01604306 0.2102949 -0.009245693 0.02900862 0.2054045 -0.01192569 0.0191946 0.2088925 -0.009245693 0.02954137 0.2020922 -0.01192569 0.021851 0.207248 -0.009245693 0.03016608 0.1926229 -0.02526134 0.007471263 0.2048164 -0.02514761 0.01044553 0.2080113 -0.02507978 0.008147835 0.1966179 -0.02529215 0.01065593 0.2098068 -0.02498596 0.004999577 0.201503 -0.02519804 0.01126903 0.1914802 -0.01672273 0.01284235 0.2051894 -0.01636934 0.01554155 0.2090174 -0.01630061 0.01310801 0.1970592 -0.01686441 0.015634 0.2105948 -0.01413387 0.01164549 0.2010733 -0.01655972 0.01635771 0.1979295 -0.01679855 0.01607066 0.1753907 -0.00900352 0.009740829 0.189345 -0.01057893 0.01263642 0.1979078 -0.008691906 0.0252068 0.1898946 -0.008691906 0.0202955 0.1911209 -0.01271021 0.005164682 0.1829153 -0.008691906 0.01719361 0.2085529 -0.01383382 1.65869e-4 0.1738036 -0.008691906 0.0149964 0.2109616 -0.007809102 0.01473796 0.1654631 -0.008691906 0.01144218 0.2132959 -0.006198763 0.02786862 0.2141949 -0.006790161 0.03518438 0.2074073 -0.006790161 0.03677427 0.1670802 -0.008713603 0.00729978 0.2048224 -0.006790161 0.03108745 0.1921415 -0.01485675 4.11802e-4 0.200663 -0.01432371 -0.008226394 0.2049603 -0.01432371 -0.007074892 0.2081061 -0.01432371 -0.003929078 0.1931999 -0.01492571 -0.003890275 0.1963457 -0.01492571 -0.007036149 0.2099384 -0.01308149 0.006109356 0.2105885 -0.01070839 0.01159203 0.1670113 -0.01196962 0.007956266 0.1754278 -0.01255708 0.01044869 0.1897095 -0.01405143 0.01313251 0.191286 -0.02312034 0.004824638 0.1923862 -0.03656983 3.84599e-4 0.2094445 -0.009245693 0.03629708 0.2106469 -0.009245693 0.03601545 0.1654631 0.01034677 0.01144218 0.2141949 0.007666707 0.03518438 0.2132959 0.006468355 0.02786862 0.2081062 0.03522634 0.004665493 0.2092576 0.03522634 3.68211e-4 0.2109616 0.008557856 0.01473796 0.2074073 0.007666707 0.03677427 0.2048224 0.007666707 0.03108745 0.1979078 0.01034677 0.0252068 0.1898946 0.01034677 0.0202955 0.1829153 0.01034677 0.01719361 0.1738036 0.01034677 0.0149964 0.1654631 -7.89449e-4 0.01144218 0.2141949 -7.89486e-4 0.03518438 0.2132959 -7.89486e-4 0.02786862 0.1671475 -7.89456e-4 0.006660103 0.1753545 -7.89456e-4 0.009051144 0.1889899 -7.89463e-4 0.01215302 0.1910985 -7.89463e-4 0.005193531 0.2092576 -7.89486e-4 3.68214e-4 0.2109616 -7.89486e-4 0.01473796 0.2074073 -7.89471e-4 0.03677427 0.2048224 -7.89471e-4 0.03108745 0.1979078 -7.89471e-4 0.0252068 0.1898946 -7.89463e-4 0.0202955 0.1829153 -7.89463e-4 0.01719361 0.1738036 -7.89456e-4 0.0149964 0.200663 0.07107841 -0.008226394 0.200663 0.03522634 -0.008226394 0.2049604 0.07107841 -0.007074892 0.2049603 0.03522634 -0.007074892 0.2081062 0.07107841 -0.003929078 0.2081062 0.03522634 -0.003929078 0.2092577 0.07107841 3.68209e-4 0.2081062 0.07107841 0.004665493 0.2049604 0.07107841 0.007811307 0.2049603 0.03522634 0.007811367 0.200663 0.07107841 0.00896281 0.200663 0.03522634 0.00896281 0.1963657 0.07107841 0.007811367 0.1963657 0.03522634 0.007811367 0.1932199 0.07107841 0.004665493 0.1932199 0.03522634 0.004665493 0.1920684 0.07107841 3.68211e-4 0.1932199 0.07107841 -0.003929078 0.1932199 0.03522634 -0.003929078 0.1963657 0.07107841 -0.007074892 0.1963657 0.03522634 -0.007074892 0.1920683 -7.89463e-4 3.68217e-4 0.200663 -7.89471e-4 -0.008226394 0.2049603 -7.89471e-4 -0.007074892 0.2081061 -7.89486e-4 -0.003929078 0.1932198 -7.89463e-4 -0.003929078 0.1963657 -7.89471e-4 -0.007074892 0.2093342 0.01034677 0.01604306 0.2102949 0.007666707 0.02900862 0.2054045 0.01034677 0.0191946 0.2088925 0.007666707 0.02954137 0.2020922 0.01034677 0.021851 0.207248 0.007666707 0.03016608 0.1926229 0.02368235 0.007471263 0.2048165 0.02356863 0.01044553 0.2080113 0.0235008 0.008147835 0.1966179 0.02371323 0.01065593 0.2098068 0.02340698 0.004999577 0.201503 0.02361905 0.01126903 0.2100743 -7.89486e-4 0.007255315 0.1914802 0.01514375 0.01284235 0.2051894 0.01479035 0.01554155 0.2090174 0.01472163 0.01310801 0.1970592 0.01528543 0.015634 0.2105702 -7.89486e-4 0.01143723 0.2105949 0.01255488 0.01164549 0.2010733 0.01498079 0.01635771 0.1979295 0.01521956 0.01607066 0.1753907 0.007424592 0.009740829 0.1893451 0.009000003 0.01263642 0.1979078 0.007112979 0.0252068 0.1898946 0.007112979 0.0202955 0.1911209 0.01113128 0.005164682 0.1829153 0.007112979 0.01719361 0.2085529 0.01225489 1.65869e-4 0.1738036 0.007112979 0.0149964 0.2109616 0.006230115 0.01473796 0.1654631 0.007112979 0.01144218 0.2132959 0.004619777 0.02786862 0.2141949 0.005211174 0.03518438 0.2074073 0.005211174 0.03677427 0.1670802 0.007134675 0.00729978 0.2048224 0.005211174 0.03108745 0.1921415 0.01327782 4.11802e-4 0.200663 0.01274478 -0.008226394 0.2049603 0.01274478 -0.007074892 0.2081062 0.01274478 -0.003929078 0.1931999 0.01334673 -0.003890275 0.1963458 0.01334673 -0.007036149 0.2099384 0.0115025 0.006109356 0.2105885 0.009129405 0.01159203 0.1670113 0.01039069 0.007956266 0.1754278 0.01097816 0.01044869 0.1897095 0.01247251 0.01313251 0.191286 0.02154141 0.004824638 0.1923863 0.0349909 3.84594e-4 0.2094445 0.007666707 0.03629708 0.2106469 0.007666707 0.03601545 0.1795686 0.007684588 0.008787095 0.1749443 0.007684588 0.0234425 0.1843292 0.006066203 0.01025199 0.1797049 0.006066203 0.02490746 0.1872715 0.001829147 0.01115739 0.1826472 0.001829147 0.02581286 0.1872715 -0.003408074 0.01115739 0.1826472 -0.003408074 0.02581286 0.1843292 -0.00764513 0.01025199 0.1797049 -0.00764513 0.02490746 0.1795686 -0.009263515 0.008787095 0.1749443 -0.009263515 0.0234425 0.1748079 -0.00764513 0.007322132 0.1701836 -0.00764513 0.0219776 0.1718657 -0.003408074 0.006416738 0.1672414 -0.003408074 0.0210722 0.1718657 0.001829147 0.006416738 0.1672414 0.001829147 0.0210722 0.174808 0.006066203 0.007322132 0.1701837 0.006066203 0.0219776 0.1803548 0.007002115 0.0251075 0.1749443 0.008841514 0.0234425 0.1836988 0.002186655 0.02613645 0.1836988 -0.003765583 0.02613645 0.1803548 -0.008581101 0.0251075 0.1749443 -0.01042044 0.0234425 0.1695337 -0.008581101 0.02177757 0.1661898 -0.003765583 0.02074861 0.1661898 0.002186655 0.02074861 0.1695337 0.007002115 0.02177757 0.1788231 0.007002115 0.0300855 0.1734125 0.008841514 0.0284205 0.1821669 0.002186655 0.03111445 0.1821669 -0.003765583 0.03111445 0.178823 -0.008581101 0.0300855 0.1734125 -0.01042044 0.0284205 0.1680019 -0.008581101 0.02675557 0.164658 -0.003765583 0.02572661 0.164658 0.002186655 0.02572661 0.1680019 0.007002115 0.02675557 0.1795686 0.008532702 0.008787035 0.1848057 0.006752312 0.01039862 0.1880424 0.002091228 0.01139461 0.1880424 -0.003670156 0.01139461 0.1848057 -0.008331239 0.01039862 0.1795686 -0.01011162 0.008787035 0.1743315 -0.008331239 0.007175505 0.1710948 -0.003670156 0.006179511 0.1710948 0.002091228 0.006179511 0.1743315 0.006752312 0.007175505 0.1802812 0.007426559 0.006471157 0.184897 0.005857408 0.007891476 0.1877496 0.001749396 0.008769273 0.1877496 -0.003328323 0.008769273 0.1848969 -0.007436394 0.007891476 0.1802812 -0.009005486 0.006471157 0.1756656 -0.007436335 0.005050778 0.1728129 -0.003328323 0.00417298 0.1728129 0.001749396 0.00417298 0.1756656 0.005857408 0.005050778 0.1798762 -0.007072806 0.007206499 0.1811124 -0.007072806 0.00321573 0.1746783 -0.003931105 0.005596399 0.1759145 -0.003931105 0.001605629 0.1746783 0.002352178 0.005596399 0.1759145 0.002352178 0.001605629 0.1798762 0.005493879 0.007206499 0.1811124 0.005493879 0.00321573 0.1850741 0.002352178 0.008816599 0.1863103 0.002352178 0.00482583 0.1850741 -0.003931105 0.008816599 0.1863103 -0.003931105 0.00482583 0.2006651 -0.09551942 -0.0206806 0.2006651 -0.09131056 -0.02752929 0.2006651 -0.09531342 -0.02279698 0.2006651 -0.09471559 -0.02470618 0.2006651 -0.09378451 -0.02622133 0.2006651 -0.09261119 -0.02719408 0.2006651 -0.06839042 -0.0206806 0.2006651 -0.07259929 -0.02752929 0.2006651 -0.06859642 -0.02279698 0.2006651 -0.06919425 -0.02470618 0.2006651 -0.07012534 -0.02622133 0.2006651 -0.07129865 -0.02719408 0.2085792 -0.09551942 -0.01910638 0.2112001 -0.09131056 -0.02543377 0.2093891 -0.09531342 -0.02106165 0.2101197 -0.09471559 -0.02282553 0.2106996 -0.09378451 -0.02422535 0.2110719 -0.09261119 -0.02512407 0.2085793 -0.06839042 -0.01910638 0.2112001 -0.07259929 -0.02543377 0.2093892 -0.06859642 -0.02106165 0.2101197 -0.06919425 -0.02282553 0.2106996 -0.07012534 -0.02422535 0.2110719 -0.07129865 -0.02512407 0.2152885 -0.09551942 -0.0146234 0.2201313 -0.09131056 -0.01946616 0.216785 -0.09531342 -0.01611989 0.218135 -0.09471565 -0.01746988 0.2192063 -0.09378451 -0.01854127 0.2198942 -0.09261119 -0.01922911 0.2152885 -0.06839042 -0.0146234 0.2201313 -0.07259929 -0.01946616 0.216785 -0.06859642 -0.01611989 0.218135 -0.06919425 -0.01746988 0.2192064 -0.0701254 -0.01854127 0.2198942 -0.07129865 -0.01922911 0.2197715 -0.09551942 -0.007914125 0.2260988 -0.09131056 -0.010535 0.2217268 -0.09531342 -0.008724033 0.2234906 -0.09471565 -0.009454607 0.2248904 -0.09378451 -0.01003444 0.2257892 -0.09261119 -0.01040673 0.2197715 -0.06839042 -0.007914125 0.2260989 -0.07259929 -0.010535 0.2217268 -0.06859642 -0.008724033 0.2234907 -0.06919425 -0.009454607 0.2248905 -0.0701254 -0.01003444 0.2257892 -0.07129865 -0.01040673 0.2213457 -0.09551942 0 0.2281944 -0.09131056 0 0.2234621 -0.09531342 0 0.2253713 -0.09471565 0 0.2268864 -0.09378451 0 0.2278592 -0.09261119 0 0.2213457 -0.06839042 0 0.2281944 -0.07259929 0 0.2234621 -0.06859642 0 0.2253713 -0.06919425 0 0.2268865 -0.0701254 0 0.2278592 -0.07129865 0 0.2197715 -0.09551942 0.007914125 0.2260988 -0.09131056 0.010535 0.2217268 -0.09531342 0.008723974 0.2234906 -0.09471565 0.009454607 0.2248904 -0.09378451 0.01003444 0.2257892 -0.09261119 0.01040673 0.2197715 -0.06839042 0.007914125 0.2260989 -0.07259929 0.010535 0.2217268 -0.06859642 0.008723974 0.2234907 -0.06919425 0.009454607 0.2248905 -0.0701254 0.01003444 0.2257892 -0.07129865 0.01040673 0.2152885 -0.09551942 0.0146234 0.2201313 -0.09131056 0.01946616 0.216785 -0.09531342 0.01611989 0.218135 -0.09471565 0.01746988 0.2192064 -0.09378451 0.01854127 0.2198942 -0.09261119 0.01922911 0.2152885 -0.06839042 0.0146234 0.2201313 -0.07259929 0.01946616 0.216785 -0.06859642 0.01611989 0.218135 -0.06919425 0.01746988 0.2192064 -0.0701254 0.01854127 0.2198942 -0.07129865 0.01922911 0.2085793 -0.09551942 0.01910638 0.2112001 -0.09131056 0.02543371 0.2093891 -0.09531342 0.02106165 0.2101197 -0.09471559 0.02282553 0.2106996 -0.09378451 0.02422535 0.2110719 -0.09261119 0.02512407 0.2085793 -0.06839042 0.01910638 0.2112001 -0.07259929 0.02543371 0.2093892 -0.06859642 0.02106165 0.2101197 -0.06919419 0.02282553 0.2106996 -0.07012534 0.02422535 0.2110719 -0.07129865 0.02512407 0.2006651 -0.09551942 0.0206806 0.2006651 -0.09131056 0.02752929 0.2006651 -0.09531342 0.02279698 0.2006651 -0.09471559 0.02470618 0.2006651 -0.09378451 0.02622133 0.2006651 -0.09261119 0.02719408 0.2006651 -0.06839042 0.0206806 0.2006651 -0.07259929 0.02752929 0.2006651 -0.06859642 0.02279698 0.2006651 -0.06919419 0.02470618 0.2006651 -0.07012534 0.02622133 0.2006651 -0.07129865 0.02719408 0.1927509 -0.09551942 0.01910638 0.1901301 -0.09131056 0.02543371 0.191941 -0.09531342 0.02106165 0.1912105 -0.09471559 0.02282553 0.1906306 -0.09378451 0.02422535 0.1902583 -0.09261119 0.02512407 0.192751 -0.06839042 0.01910638 0.1901301 -0.07259929 0.02543371 0.1919411 -0.06859642 0.02106165 0.1912105 -0.06919419 0.02282553 0.1906306 -0.07012534 0.02422535 0.1902584 -0.07129865 0.02512407 0.1860417 -0.09551942 0.0146234 0.1811989 -0.09131056 0.01946616 0.1845452 -0.09531342 0.01611989 0.1831952 -0.09471559 0.01746988 0.1821238 -0.09378445 0.01854127 0.181436 -0.09261113 0.01922911 0.1860417 -0.06839036 0.0146234 0.181199 -0.07259923 0.01946616 0.1845452 -0.06859642 0.01611989 0.1831952 -0.06919419 0.01746988 0.1821238 -0.07012534 0.01854127 0.181436 -0.07129865 0.01922911 0.1815587 -0.09551942 0.007914125 0.1752313 -0.09131056 0.010535 0.1796034 -0.09531342 0.008723974 0.1778395 -0.09471559 0.009454607 0.1764397 -0.09378445 0.01003444 0.175541 -0.09261113 0.01040673 0.1815587 -0.06839036 0.007914125 0.1752313 -0.07259923 0.010535 0.1796034 -0.06859642 0.008723974 0.1778396 -0.06919419 0.009454607 0.1764398 -0.07012534 0.01003444 0.175541 -0.07129865 0.01040673 0.1799845 -0.09551942 0 0.1731358 -0.09131056 0 0.1778681 -0.09531342 0 0.1759589 -0.09471559 0 0.1744437 -0.09378445 0 0.173471 -0.09261119 0 0.1799845 -0.06839036 0 0.1731358 -0.07259923 0 0.1778681 -0.06859642 0 0.1759589 -0.06919419 0 0.1744438 -0.07012534 0 0.173471 -0.07129865 0 0.1815587 -0.09551942 -0.007914125 0.1752313 -0.09131056 -0.010535 0.1796034 -0.09531342 -0.008724033 0.1778395 -0.09471559 -0.009454607 0.1764397 -0.09378445 -0.01003444 0.175541 -0.09261119 -0.01040673 0.1815587 -0.06839036 -0.007914125 0.1752313 -0.07259923 -0.010535 0.1796034 -0.06859642 -0.008724033 0.1778396 -0.06919419 -0.009454607 0.1764398 -0.07012534 -0.01003444 0.175541 -0.07129865 -0.01040673 0.1860417 -0.09551942 -0.0146234 0.1811989 -0.09131056 -0.01946616 0.1845452 -0.09531342 -0.01611989 0.1831952 -0.09471559 -0.01746988 0.1821238 -0.09378445 -0.01854127 0.181436 -0.09261119 -0.01922911 0.1860417 -0.06839036 -0.0146234 0.181199 -0.07259923 -0.01946616 0.1845452 -0.06859642 -0.01611989 0.1831952 -0.06919419 -0.01746988 0.1821238 -0.07012534 -0.01854127 0.181436 -0.07129865 -0.01922911 0.1927509 -0.09551942 -0.01910638 0.1901301 -0.09131056 -0.02543377 0.1919411 -0.09531342 -0.02106165 0.1912105 -0.09471559 -0.02282553 0.1906306 -0.09378451 -0.02422535 0.1902584 -0.09261119 -0.02512407 0.192751 -0.06839042 -0.01910638 0.1901301 -0.07259929 -0.02543377 0.1919411 -0.06859642 -0.02106165 0.1912105 -0.06919425 -0.02282553 0.1906306 -0.07012534 -0.02422535 0.1902584 -0.07129865 -0.02512407 0.2006651 -0.09551942 -0.01074087 0.2047755 -0.09551942 -0.009923279 0.2082601 -0.09551942 -0.007594943 0.2105883 -0.09551942 -0.004110336 0.2114059 -0.09551942 0 0.2105883 -0.09551942 0.004110336 0.20826 -0.09551942 0.007594943 0.2047755 -0.09551942 0.009923219 0.2006651 -0.09551942 0.01074087 0.1965547 -0.09551942 0.009923219 0.1930701 -0.09551942 0.007594943 0.1907418 -0.09551942 0.004110336 0.1899242 -0.09551942 0 0.1907418 -0.09551942 -0.004110336 0.1930701 -0.09551942 -0.007594943 0.1965547 -0.09551942 -0.009923279 0.2047755 -0.09189194 -0.009923279 0.2006651 -0.09189194 -0.01074087 0.1965547 -0.09189194 -0.009923279 0.2082601 -0.09189194 -0.007594943 0.2105883 -0.09189194 -0.004110336 0.2114059 -0.09189194 0 0.2105883 -0.09189194 0.004110336 0.2082601 -0.09189194 0.007594943 0.2047755 -0.09189194 0.009923219 0.2006651 -0.09189194 0.01074087 0.1965547 -0.09189194 0.009923219 0.1930701 -0.09189194 0.007594943 0.1907418 -0.09189194 0.004110336 0.1899242 -0.09189194 0 0.1907418 -0.09189194 -0.004110336 0.1930701 -0.09189194 -0.007594943 0.2006651 -0.09189194 -0.006895184 0.2033038 -0.09189194 -0.006370365 0.2055407 -0.09189194 -0.004875659 0.2070354 -0.09189194 -0.002638638 0.2075603 -0.09189194 0 0.2070354 -0.09189194 0.002638638 0.2055407 -0.09189194 0.0048756 0.2033038 -0.09189194 0.006370306 0.2006651 -0.09189194 0.006895184 0.1980264 -0.09189194 0.006370306 0.1957894 -0.09189194 0.004875659 0.1942947 -0.09189194 0.002638638 0.1937699 -0.09189194 0 0.1942948 -0.09189194 -0.002638638 0.1957894 -0.09189194 -0.004875659 0.1980264 -0.09189194 -0.006370365 0.2006651 -0.09551942 -0.0130369 0.2056541 -0.09551942 -0.01204454 0.2098836 -0.09551942 -0.009218513 0.2127097 -0.09551942 -0.004988968 0.213702 -0.09551942 0 0.2127097 -0.09551942 0.004988968 0.2098836 -0.09551942 0.009218454 0.2056541 -0.09551942 0.01204454 0.2006651 -0.09551942 0.0130369 0.1956761 -0.09551942 0.01204454 0.1914466 -0.09551942 0.009218454 0.1886205 -0.09551942 0.004988968 0.1876282 -0.09551942 0 0.1886205 -0.09551942 -0.004989027 0.1914466 -0.09551942 -0.009218513 0.1956761 -0.09551942 -0.01204454 0.2006271 -0.0957449 -0.007894098 0.2006271 -0.0903083 -0.007894098 0.2074106 -0.0957449 -0.003977656 0.2074106 -0.0903083 -0.003977656 0.2074106 -0.0957449 0.003855228 0.2074106 -0.0903083 0.003855228 0.2006271 -0.0957449 0.00777173 0.2006271 -0.0903083 0.00777173 0.1938436 -0.0957449 0.003855228 0.1938436 -0.0903083 0.003855228 0.1938436 -0.0957449 -0.003977656 0.1938436 -0.0903083 -0.003977656 0.167258 0.02428644 0.0402081 0.167258 0.02428644 0.04330706 0.1711246 0.02205401 0.0402081 0.1711246 0.02205401 0.04330706 0.1711246 0.01758915 0.0402081 0.1711246 0.01758915 0.04330706 0.167258 0.01535671 0.0402081 0.167258 0.01535671 0.04330706 0.1633913 0.01758915 0.0402081 0.1633913 0.01758915 0.04330706 0.1633913 0.02205401 0.0402081 0.1633913 0.02205401 0.04330706 0.2169731 0.02428644 0.0402081 0.2169731 0.02428644 0.04330706 0.2208397 0.02205401 0.0402081 0.2208397 0.02205401 0.04330706 0.2208397 0.01758915 0.0402081 0.2208397 0.01758915 0.04330706 0.216973 0.01535671 0.0402081 0.216973 0.01535671 0.04330706 0.2131063 0.01758915 0.0402081 0.2131063 0.01758915 0.04330706 0.2131063 0.02205401 0.0402081 0.2131063 0.02205401 0.04330706 0.167258 -0.01752239 0.0402081 0.167258 -0.01752239 0.04330706 0.1711246 -0.01975482 0.0402081 0.1711246 -0.01975482 0.04330706 0.1711246 -0.02421969 0.0402081 0.1711246 -0.02421969 0.04330706 0.167258 -0.02645212 0.0402081 0.167258 -0.02645212 0.04330706 0.1633913 -0.02421969 0.0402081 0.1633913 -0.02421969 0.04330706 0.1633913 -0.01975482 0.0402081 0.1633913 -0.01975482 0.04330706 0.216973 -0.01752239 0.0402081 0.216973 -0.01752239 0.04330706 0.2208397 -0.01975482 0.0402081 0.2208397 -0.01975482 0.04330706 0.2208397 -0.02421969 0.0402081 0.2208397 -0.02421969 0.04330706 0.216973 -0.02645212 0.0402081 0.216973 -0.02645212 0.04330706 0.2131063 -0.02421969 0.0402081 0.2131063 -0.02421969 0.04330706 0.2131063 -0.01975482 0.0402081 0.2131063 -0.01975482 0.04330706 -0.243759 0.09541606 0.05088371 -0.2804867 0.09356504 0.05733126 -0.3165589 0.0866847 0.06796538 -0.3414441 0.07509082 0.07723379 -0.3582546 0.05968177 0.08376854 -0.3698979 0.04123026 0.08739548 -0.3787549 0.02066141 0.0906338 -0.2435695 0.09120756 0.0503233 -0.2799314 0.08934605 0.05694323 -0.3152438 0.08261066 0.06774204 -0.3390563 0.07151657 0.07611709 -0.3550255 0.05687868 0.08276355 -0.3671138 0.03924411 0.08650213 -0.3746014 0.01962965 0.08907049 -0.03656375 0.09207326 0.05557835 -0.0780068 0.09207332 0.0554766 -0.1090672 0.09207338 0.05523669 -0.1396147 0.09207344 0.05562853 -0.1739374 0.0920735 0.05443626 -0.2083269 0.09207391 0.0525031 -0.03662818 0.09632194 0.05604267 -0.07099622 0.09632194 0.05600953 -0.1070243 0.09632194 0.05576193 -0.1397445 0.09632194 0.05607789 -0.1741028 0.09632194 0.05495887 -0.2084909 0.09622848 0.05321002 -0.3214177 0.0196349 0.06975209 -0.2681645 0.0196402 0.05079424 -0.213309 0.01900142 0.0475232 -0.1609838 0.01965069 0.04744619 -0.1102369 0.01965576 0.04786485 -0.05469918 0.01966124 0.04788428 -0.3149998 0.03924888 0.06774204 -0.2627991 0.03925371 0.0489574 -0.2101479 0.03925853 0.04776257 -0.1577751 0.03926336 0.04757183 -0.1090835 0.03926783 0.04781609 -0.05362945 0.03927296 0.0478236 -0.3057551 0.05686873 0.06456178 -0.2541201 0.05684185 0.04857146 -0.2032719 0.05684882 0.04829323 -0.1527757 0.05683887 0.04869461 -0.1062358 0.05682969 0.04873687 -0.05202424 0.05681896 0.04870367 -0.2908043 0.07125687 0.05932044 -0.2483431 0.07095056 0.04857885 -0.1943046 0.07152837 0.05086827 -0.1462101 0.07153236 0.05191534 -0.09808444 0.0715363 0.05165511 -0.04996645 0.07154023 0.0514934 -0.279831 0.08244621 0.05647766 -0.1808575 0.08261263 0.05345374 -0.1396561 0.08261328 0.054479 -0.09040504 0.082614 0.05407994 -0.04675418 0.08261466 0.05376595 -0.1741028 0.09632194 0.05495887 -0.1596353 0.09632194 0.05543005 -0.1397445 0.09632194 0.05607789 -0.1070243 0.09632194 0.05576193 -0.07099622 0.09632194 0.05600953 -0.03662818 0.09632194 0.05604267 -0.3787549 0.02066141 0.0906338 -0.3698979 0.04123026 0.08739548 -0.3582546 0.05968177 0.08376854 -0.3414441 0.07509082 0.07723379 -0.3165589 0.0866847 0.06796538 -0.2804867 0.09356504 0.05733126 -0.243759 0.09541606 0.05088371 -0.2084909 0.09622848 0.05321002 -0.2441815 0.08196759 0.04940122 -0.1596353 0.09632194 0.05543005 -0.2450661 0.01937121 0.04796963 -0.2406288 0.03925573 0.04700708 -0.2327091 0.05684477 0.04700708 -0.2226193 0.07115417 0.04884546 -0.2130962 0.08250153 0.05160939 -0.1344333 0.01965337 0.04766523 -0.1317593 0.03926575 0.04770237 -0.1275952 0.05683392 0.04871749 -0.1221473 0.07153433 0.05178523 -0.1155716 0.08261364 0.05428105 -0.121238 0.07074928 0.06260412 -0.1146623 0.08182859 0.06509995 -0.1266859 0.05604887 0.05953633 -0.13085 0.03848069 0.05852121 -0.133524 0.01886832 0.05848413 -0.1387469 0.08182823 0.0652979 -0.1453008 0.07074731 0.06273424 -0.1518664 0.05605381 0.0595135 -0.1568658 0.03847831 0.05839073 -0.1600744 0.01886564 0.05826508 -0.1799483 0.08182758 0.06427264 -0.1730281 0.09128844 0.06525516 -0.22171 0.07036912 0.05966436 -0.2121869 0.08171647 0.06242829 -0.2317998 0.05605971 0.05782598 -0.2397196 0.03847068 0.05782598 -0.2441568 0.01858615 0.05878853 -0.1387054 0.09128838 0.06644743 -0.2432722 0.08118253 0.06022012 -0.2474339 0.07016551 0.05939775 -0.2532109 0.05605679 0.05939036 -0.2618899 0.03846865 0.0597763 -0.2672552 0.01885515 0.06161314 -0.1388353 0.09553688 0.06689679 -0.2789217 0.08166116 0.06729656 -0.2790222 0.08856099 0.06776213 -0.3778455 0.01987636 0.1014527 -0.2426602 0.09042251 0.0611422 -0.03565448 0.0912882 0.06639724 -0.03571891 0.09553688 0.06686156 -0.07709753 0.09128826 0.0662955 -0.07008695 0.09553688 0.06682842 -0.1081579 0.09128832 0.06605559 -0.1061151 0.09553688 0.06658083 -0.1731935 0.09553688 0.06577777 -0.2074177 0.09128886 0.063322 -0.2075815 0.09544342 0.06402891 -0.04584491 0.0818296 0.06458485 -0.08949577 0.08182895 0.06489884 -0.3205084 0.01884984 0.08057099 -0.2123997 0.01821643 0.05834209 -0.1093276 0.01887071 0.05868375 -0.05378985 0.01887619 0.05870318 -0.3140904 0.03846383 0.07856094 -0.2092386 0.03847348 0.05858147 -0.1081743 0.03848278 0.05863499 -0.05272018 0.03848791 0.0586425 -0.3048458 0.05608367 0.07538068 -0.2023627 0.05606377 0.05911213 -0.1053265 0.05604463 0.05955576 -0.05111497 0.0560339 0.05952256 -0.2898951 0.07047182 0.07013934 -0.1933954 0.07074332 0.06168717 -0.09717524 0.07075124 0.06247401 -0.04905718 0.07075518 0.0623123 -0.3143345 0.08182561 0.07856094 -0.3381471 0.07073152 0.08693599 -0.3541162 0.05609363 0.09358245 -0.3662045 0.03845906 0.09732103 -0.3736921 0.0188446 0.09988939 -0.3689886 0.0404452 0.09821438 -0.3573452 0.05889672 0.09458744 -0.3405348 0.07430577 0.08805269 -0.3156495 0.08589965 0.07878428 -0.2795774 0.09277999 0.06815016 -0.2428497 0.09463101 0.0617026 -0.002315759 0.09632194 0.05574327 0.2391275 0.09541606 0.05088371 0.2758553 0.09356504 0.05733126 0.3119273 0.0866847 0.06796538 0.3368126 0.07509082 0.07723379 0.3536231 0.05968177 0.08376854 0.3652663 0.04123026 0.08739548 0.3741233 0.02066141 0.0906338 -0.002315759 0.0920732 0.05518412 0.238938 0.09120756 0.0503233 0.2753 0.08934605 0.05694323 0.3106123 0.08261066 0.06774204 0.3344248 0.07151657 0.07611709 0.350394 0.05687868 0.08276355 0.3624823 0.03924411 0.08650213 0.3699699 0.01962965 0.08907049 -0.002315759 0.01966649 0.04788428 -0.002315759 0.03927779 0.04782027 -0.002315759 0.056809 0.04869008 -0.002315759 0.07154417 0.05144011 -0.002315759 0.08261531 0.05365484 0.03193223 0.09207326 0.05557835 0.07337528 0.09207332 0.0554766 0.1044357 0.09207338 0.05523669 0.1349832 0.09207344 0.05562853 0.1693059 0.0920735 0.05443626 0.2036955 0.09207391 0.0525031 0.03199666 0.09632194 0.05604267 0.0663647 0.09632194 0.05600953 0.1023929 0.09632194 0.05576193 0.135113 0.09632194 0.05607789 0.1694713 0.09632194 0.05495887 0.2038593 0.09622848 0.05321002 0.3167862 0.0196349 0.06975209 0.263533 0.0196402 0.05079424 0.2086775 0.01900142 0.0475232 0.1563522 0.01965069 0.04744619 0.1056054 0.01965576 0.04786485 0.05006766 0.01966124 0.04788428 0.3103682 0.03924888 0.06774204 0.2581676 0.03925371 0.0489574 0.2055164 0.03925853 0.04776257 0.1531436 0.0392633 0.04757183 0.104452 0.03926783 0.04781609 0.04899793 0.03927296 0.0478236 0.3011235 0.05686873 0.06456178 0.2494886 0.05684185 0.04857146 0.1986404 0.05684882 0.04829323 0.1481441 0.05683887 0.04869461 0.1016043 0.05682969 0.04873687 0.04739272 0.05681896 0.04870367 0.2861728 0.07125687 0.05932044 0.2437116 0.07095056 0.04857885 0.1896731 0.07152837 0.05086827 0.1415786 0.07153236 0.05191534 0.09345299 0.0715363 0.05165511 0.04533499 0.07154023 0.0514934 0.2751995 0.08244621 0.05647766 0.176226 0.08261263 0.05345374 0.1350246 0.08261328 0.054479 0.08577352 0.082614 0.05407994 0.04212266 0.08261466 0.05376595 0.1694713 0.09632194 0.05495887 0.1550038 0.09632194 0.05543005 0.135113 0.09632194 0.05607789 0.1023929 0.09632194 0.05576193 0.0663647 0.09632194 0.05600953 0.03199666 0.09632194 0.05604267 0.3741233 0.02066141 0.0906338 0.3652663 0.04123026 0.08739548 0.3536231 0.05968177 0.08376854 0.3368126 0.07509082 0.07723379 0.3119273 0.0866847 0.06796538 0.2758553 0.09356504 0.05733126 0.2391275 0.09541606 0.05088371 0.2038593 0.09622848 0.05321002 -0.002315759 0.09632194 0.05574327 0.2395499 0.08196759 0.04940122 0.1550038 0.09632194 0.05543005 0.2404345 0.01937121 0.04796963 0.2359973 0.03925573 0.04700708 0.2280775 0.05684477 0.04700708 0.2179878 0.07115417 0.04884546 0.2084646 0.08250153 0.05160939 0.1298018 0.01965337 0.04766523 0.1271278 0.03926575 0.04770237 0.1229637 0.05683392 0.04871749 0.1175158 0.07153433 0.05178523 0.11094 0.08261364 0.05428105 0.1166065 0.07074928 0.06260412 0.1100308 0.08182859 0.06509995 0.1220543 0.05604887 0.05953633 0.1262185 0.03848069 0.05852121 0.1288925 0.01886832 0.05848413 0.1341153 0.08182823 0.0652979 0.1406693 0.07074731 0.06273424 0.1472349 0.05605381 0.0595135 0.1522343 0.03847831 0.05839073 0.155443 0.01886564 0.05826508 0.1753168 0.08182758 0.06427264 0.1683966 0.09128844 0.06525516 0.2170785 0.07036912 0.05966436 0.2075554 0.08171647 0.06242829 0.2271683 0.05605971 0.05782598 0.2350881 0.03847068 0.05782598 0.2395253 0.01858615 0.05878853 0.1340739 0.09128838 0.06644743 0.2386407 0.08118253 0.06022012 0.2428023 0.07016551 0.05939775 0.2485793 0.05605679 0.05939036 0.2572583 0.03846865 0.0597763 0.2626237 0.01885515 0.06161314 0.1342037 0.09553688 0.06689679 0.2742902 0.08166116 0.06729656 0.2743907 0.08856099 0.06776213 0.3732141 0.01987636 0.1014527 0.2380287 0.09042251 0.0611422 0.03102296 0.0912882 0.06639724 0.03108739 0.09553688 0.06686156 0.07246595 0.09128826 0.0662955 0.06545543 0.09553688 0.06682842 0.1035264 0.09128832 0.06605559 0.1014835 0.09553688 0.06658083 0.168562 0.09553688 0.06577777 0.2027862 0.09128886 0.063322 0.2029501 0.09544342 0.06402891 0.04121339 0.0818296 0.06458485 0.08486425 0.08182895 0.06489884 0.315877 0.01884984 0.08057099 0.2077682 0.01821637 0.05834209 0.1046961 0.01887071 0.05868375 0.04915839 0.01887619 0.05870318 0.3094589 0.03846383 0.07856094 0.2046071 0.03847348 0.05858147 0.1035428 0.03848278 0.05863499 0.04808866 0.03848791 0.0586425 0.3002142 0.05608367 0.07538068 0.1977311 0.05606377 0.05911213 0.100695 0.05604463 0.05955576 0.04648345 0.0560339 0.05952256 0.2852635 0.07047182 0.07013934 0.1887639 0.07074338 0.06168717 0.09254372 0.07075124 0.06247401 0.04442566 0.07075518 0.0623123 0.3097029 0.08182561 0.07856094 0.3335155 0.07073152 0.08693599 0.3494847 0.05609363 0.09358245 0.3615729 0.03845906 0.09732103 0.3690606 0.0188446 0.09988939 -0.002315759 0.09553688 0.06656217 -0.002315759 0.09128814 0.06600302 -0.002315759 0.08183026 0.06447374 -0.002315759 0.07075911 0.06225901 -0.002315759 0.05602395 0.05950897 -0.002315759 0.03849273 0.05863916 -0.002315759 0.01888149 0.05870318 0.3643571 0.0404452 0.09821438 0.3527138 0.05889672 0.09458744 0.3359033 0.07430577 0.08805269 0.3110181 0.08589965 0.07878428 0.2749459 0.09277999 0.06815016 0.2382182 0.09463101 0.0617026 -0.3814167 -0.001008152 0.09152716 -0.243759 -0.09743243 0.05088371 -0.2804867 -0.09558141 0.05733126 -0.3165589 -0.08870106 0.06796538 -0.3414441 -0.07710719 0.07723379 -0.3582546 -0.06169813 0.08376854 -0.3698979 -0.04324656 0.08739548 -0.3787549 -0.02267777 0.0906338 -0.2435695 -0.09322386 0.0503233 -0.2799314 -0.09136241 0.05694323 -0.3152437 -0.08462703 0.06774204 -0.3390563 -0.07353287 0.07611709 -0.3550255 -0.05889505 0.08276355 -0.3671138 -0.04126042 0.08650213 -0.3746015 -0.02164602 0.08907049 -0.3777691 -0.001008152 0.09029883 -0.3241329 -0.001008152 0.07086873 -0.2704225 -0.001008152 0.05139935 -0.2162603 -0.001008152 0.04657095 -0.1621471 -0.001008152 0.04731601 -0.1087878 -0.001008152 0.04788428 -0.05515164 -0.001008152 0.04788428 -0.03656375 -0.09408962 0.05557835 -0.0780068 -0.09408968 0.0554766 -0.1090672 -0.09408974 0.05523669 -0.1396147 -0.0940898 0.05562853 -0.1739374 -0.09408986 0.05443626 -0.2083269 -0.09409028 0.0525031 -0.03662818 -0.0983383 0.05604267 -0.07099622 -0.0983383 0.05600953 -0.1070243 -0.0983383 0.05576193 -0.1397445 -0.0983383 0.05607789 -0.1741028 -0.0983383 0.05495887 -0.2084909 -0.09824484 0.05321002 -0.3214178 -0.02165126 0.06975209 -0.2681646 -0.02165651 0.05079424 -0.213309 -0.02101778 0.0475232 -0.1609838 -0.02166706 0.04744619 -0.1102369 -0.02167207 0.04786485 -0.05469918 -0.02167761 0.04788428 -0.3149998 -0.04126524 0.06774204 -0.2627991 -0.04127007 0.0489574 -0.2101479 -0.04127484 0.04776257 -0.1577751 -0.04127967 0.04757183 -0.1090835 -0.0412842 0.04781609 -0.05362945 -0.04128926 0.0478236 -0.3057551 -0.05888503 0.06456178 -0.2541201 -0.05885815 0.04857146 -0.2032719 -0.05886518 0.04829323 -0.1527757 -0.05885523 0.04869461 -0.1062358 -0.05884599 0.04873687 -0.05202424 -0.05883532 0.04870367 -0.2908043 -0.07327324 0.05932044 -0.2483431 -0.07296693 0.04857885 -0.1943047 -0.07354474 0.05086827 -0.1462101 -0.07354867 0.05191534 -0.0980845 -0.07355266 0.05165511 -0.04996651 -0.0735566 0.0514934 -0.279831 -0.08446258 0.05647766 -0.1808575 -0.08462899 0.05345374 -0.1396561 -0.08462965 0.054479 -0.09040504 -0.08463037 0.05407994 -0.04675418 -0.08463096 0.05376595 -0.1741028 -0.0983383 0.05495887 -0.1596353 -0.0983383 0.05543005 -0.1397445 -0.0983383 0.05607789 -0.1070243 -0.0983383 0.05576193 -0.07099622 -0.0983383 0.05600953 -0.03662818 -0.0983383 0.05604267 -0.3814167 -0.001008152 0.09152716 -0.3787549 -0.02267777 0.0906338 -0.3698979 -0.04324656 0.08739548 -0.3582546 -0.06169813 0.08376854 -0.3414441 -0.07710719 0.07723379 -0.3165589 -0.08870106 0.06796538 -0.2804867 -0.09558141 0.05733126 -0.243759 -0.09743243 0.05088371 -0.2084909 -0.09824484 0.05321002 -0.2441814 -0.08398395 0.04940122 -0.2476159 -0.001008152 0.04791903 -0.1596353 -0.0983383 0.05543005 -0.2450661 -0.02138757 0.04796963 -0.2406288 -0.0412721 0.04700708 -0.2327091 -0.05886107 0.04700708 -0.2226193 -0.07317048 0.04884546 -0.2130962 -0.08451789 0.05160939 -0.1354675 -0.001008152 0.04760015 -0.1344332 -0.02166968 0.04766523 -0.1317592 -0.04128211 0.04770237 -0.1275952 -0.05885022 0.04871749 -0.1221473 -0.07355064 0.05178523 -0.1155716 -0.08462995 0.05428105 -0.121238 -0.07276558 0.06260412 -0.1146623 -0.0838449 0.06509995 -0.1266859 -0.05806517 0.05953633 -0.13085 -0.04049706 0.05852121 -0.133524 -0.02088463 0.05848413 -0.1345582 -0.001008152 0.05841904 -0.1387468 -0.08384454 0.0652979 -0.1453009 -0.07276368 0.06273424 -0.1518664 -0.05807018 0.0595135 -0.1568658 -0.04049462 0.05839073 -0.1600745 -0.02088201 0.05826508 -0.1612378 -0.001008152 0.05813491 -0.1799483 -0.08384394 0.06427264 -0.1730281 -0.09330481 0.06525516 -0.22171 -0.07238548 0.05966436 -0.2121868 -0.08373284 0.06242829 -0.2317998 -0.05807602 0.05782598 -0.2397195 -0.04048705 0.05782598 -0.2441568 -0.02060252 0.05878853 -0.2467067 -0.001008152 0.05873787 -0.1387054 -0.09330475 0.06644743 -0.2432722 -0.0831989 0.06022012 -0.2474339 -0.07218188 0.05939775 -0.2532109 -0.0580731 0.05939036 -0.2618898 -0.04048502 0.0597763 -0.2672553 -0.02087146 0.06161314 -0.1388353 -0.09755325 0.06689679 -0.2695133 -0.001008152 0.06221824 -0.2789217 -0.08367753 0.06729656 -0.2790222 -0.09057736 0.06776213 -0.3778456 -0.02189272 0.1014527 -0.3805074 -0.001008152 0.1023461 -0.2426602 -0.09243881 0.0611422 -0.03565448 -0.09330451 0.06639724 -0.03571891 -0.09755325 0.06686156 -0.07709753 -0.09330463 0.0662955 -0.07008695 -0.09755325 0.06682842 -0.1081579 -0.09330469 0.06605559 -0.1061151 -0.09755325 0.06658083 -0.1731935 -0.09755325 0.06577777 -0.2074177 -0.09330523 0.063322 -0.2075815 -0.09745973 0.06402891 -0.04584491 -0.08384591 0.06458485 -0.08949577 -0.08384531 0.06489884 -0.3205085 -0.02086621 0.08057099 -0.3232236 -0.001008152 0.08168762 -0.2123997 -0.02023273 0.05834209 -0.2153509 -0.001008152 0.05738985 -0.1093276 -0.02088701 0.05868375 -0.1078786 -0.001008152 0.05870318 -0.05378985 -0.02089256 0.05870318 -0.05424237 -0.001008152 0.05870318 -0.3140904 -0.04048019 0.07856094 -0.2092386 -0.04048979 0.05858147 -0.1081742 -0.04049915 0.05863499 -0.05272024 -0.04050427 0.0586425 -0.3048458 -0.05810004 0.07538068 -0.2023627 -0.05808013 0.05911213 -0.1053265 -0.058061 0.05955576 -0.05111497 -0.05805027 0.05952256 -0.289895 -0.07248818 0.07013934 -0.1933954 -0.07275968 0.06168717 -0.09717518 -0.07276761 0.06247401 -0.04905718 -0.07277154 0.0623123 -0.3143345 -0.08384197 0.07856094 -0.338147 -0.07274788 0.08693599 -0.3541163 -0.05810999 0.09358245 -0.3662045 -0.04047536 0.09732103 -0.3736922 -0.02086097 0.09988939 -0.3768598 -0.001008152 0.1011177 -0.3689886 -0.04246151 0.09821438 -0.3573453 -0.06091308 0.09458744 -0.3405348 -0.07632213 0.08805269 -0.3156495 -0.08791601 0.07878428 -0.2795774 -0.09479629 0.06815016 -0.2428497 -0.09664738 0.0617026 0.3767851 -0.001008152 0.09152716 -0.002315759 -0.001008152 0.04788428 -0.002315759 -0.0983383 0.05574327 0.2391275 -0.09743243 0.05088371 0.2758553 -0.09558141 0.05733126 0.3119273 -0.08870106 0.06796538 0.3368126 -0.07710719 0.07723379 0.3536231 -0.06169813 0.08376854 0.3652664 -0.04324656 0.08739548 0.3741233 -0.02267777 0.0906338 -0.002315759 -0.09408956 0.05518412 0.238938 -0.09322386 0.0503233 0.2753 -0.09136241 0.05694323 0.3106123 -0.08462697 0.06774204 0.3344248 -0.07353293 0.07611709 0.350394 -0.05889505 0.08276355 0.3624823 -0.04126042 0.08650213 0.3699699 -0.02164602 0.08907049 0.3731375 -0.001008152 0.09029883 -0.002315759 -0.02168285 0.04788428 -0.002315759 -0.04129409 0.04782027 -0.002315759 -0.05882537 0.04869008 -0.002315759 -0.07356053 0.05144011 -0.002315759 -0.08463168 0.05365484 0.3195013 -0.001008152 0.07086873 0.265791 -0.001008152 0.05139935 0.2116287 -0.001008152 0.04657095 0.1575155 -0.001008152 0.04731601 0.1041563 -0.001008152 0.04788428 0.05052012 -0.001008152 0.04788428 0.03193223 -0.09408962 0.05557835 0.07337528 -0.09408968 0.0554766 0.1044357 -0.09408974 0.05523669 0.1349832 -0.0940898 0.05562853 0.1693059 -0.09408986 0.05443626 0.2036955 -0.09409028 0.0525031 0.03199666 -0.0983383 0.05604267 0.0663647 -0.0983383 0.05600953 0.1023929 -0.0983383 0.05576193 0.135113 -0.0983383 0.05607789 0.1694713 -0.0983383 0.05495887 0.2038593 -0.09824478 0.05321002 0.3167862 -0.02165126 0.06975209 0.263533 -0.02165651 0.05079424 0.2086775 -0.02101778 0.0475232 0.1563522 -0.02166706 0.04744619 0.1056054 -0.02167207 0.04786485 0.05006766 -0.02167761 0.04788428 0.3103682 -0.04126524 0.06774204 0.2581676 -0.04127007 0.0489574 0.2055164 -0.04127484 0.04776257 0.1531436 -0.04127967 0.04757183 0.104452 -0.0412842 0.04781609 0.04899793 -0.04128932 0.0478236 0.3011235 -0.05888503 0.06456178 0.2494886 -0.05885815 0.04857146 0.1986404 -0.05886518 0.04829323 0.1481441 -0.05885517 0.04869461 0.1016043 -0.05884599 0.04873687 0.04739272 -0.05883532 0.04870367 0.2861728 -0.07327324 0.05932044 0.2437117 -0.07296693 0.04857885 0.1896731 -0.07354474 0.05086827 0.1415786 -0.07354867 0.05191534 0.09345299 -0.07355266 0.05165511 0.04533493 -0.07355654 0.0514934 0.2751995 -0.08446258 0.05647766 0.176226 -0.08462899 0.05345374 0.1350246 -0.08462965 0.054479 0.08577352 -0.08463037 0.05407994 0.04212266 -0.08463096 0.05376595 0.1694713 -0.0983383 0.05495887 0.1550037 -0.0983383 0.05543005 0.135113 -0.0983383 0.05607789 0.1023929 -0.0983383 0.05576193 0.0663647 -0.0983383 0.05600953 0.03199666 -0.0983383 0.05604267 0.3767851 -0.001008152 0.09152716 0.3741233 -0.02267777 0.0906338 0.3652664 -0.04324656 0.08739548 0.3536231 -0.06169813 0.08376854 0.3368126 -0.07710719 0.07723379 0.3119273 -0.08870106 0.06796538 0.2758553 -0.09558141 0.05733126 0.2391275 -0.09743243 0.05088371 0.2038593 -0.09824478 0.05321002 -0.002315759 -0.0983383 0.05574327 0.2395499 -0.08398395 0.04940122 0.2429844 -0.001008152 0.04791903 0.1550037 -0.0983383 0.05543005 0.2404345 -0.02138757 0.04796963 0.2359973 -0.0412721 0.04700708 0.2280775 -0.05886113 0.04700708 0.2179878 -0.07317054 0.04884546 0.2084646 -0.08451789 0.05160939 0.130836 -0.001008152 0.04760015 0.1298018 -0.02166968 0.04766523 0.1271278 -0.04128205 0.04770237 0.1229637 -0.05885022 0.04871749 0.1175158 -0.07355064 0.05178523 0.11094 -0.08462995 0.05428105 0.1166065 -0.07276564 0.06260412 0.1100308 -0.0838449 0.06509995 0.1220544 -0.05806517 0.05953633 0.1262185 -0.040497 0.05852121 0.1288925 -0.02088463 0.05848413 0.1299267 -0.001008152 0.05841904 0.1341153 -0.08384454 0.0652979 0.1406693 -0.07276368 0.06273424 0.1472349 -0.05807018 0.0595135 0.1522343 -0.04049462 0.05839073 0.155443 -0.02088201 0.05826508 0.1566063 -0.001008152 0.05813491 0.1753168 -0.08384394 0.06427264 0.1683966 -0.09330481 0.06525516 0.2170785 -0.07238548 0.05966436 0.2075554 -0.08373284 0.06242829 0.2271683 -0.05807608 0.05782598 0.2350881 -0.04048705 0.05782598 0.2395253 -0.02060252 0.05878853 0.2420752 -0.001008152 0.05873787 0.1340739 -0.09330475 0.06644743 0.2386407 -0.0831989 0.06022012 0.2428024 -0.07218188 0.05939775 0.2485793 -0.0580731 0.05939036 0.2572583 -0.04048502 0.0597763 0.2626237 -0.02087146 0.06161314 0.1342037 -0.09755325 0.06689679 0.2648817 -0.001008152 0.06221824 0.2742902 -0.08367753 0.06729656 0.2743907 -0.09057736 0.06776213 0.373214 -0.02189272 0.1014527 0.3758758 -0.001008152 0.1023461 0.2380287 -0.09243881 0.0611422 0.03102296 -0.09330457 0.06639724 0.03108739 -0.09755325 0.06686156 0.07246595 -0.09330463 0.0662955 0.06545543 -0.09755325 0.06682842 0.1035264 -0.09330469 0.06605559 0.1014835 -0.09755325 0.06658083 0.168562 -0.09755325 0.06577777 0.2027862 -0.09330523 0.063322 0.2029501 -0.09745979 0.06402891 0.04121339 -0.08384591 0.06458485 0.08486425 -0.08384531 0.06489884 0.3158769 -0.02086621 0.08057099 0.318592 -0.001008152 0.08168762 0.2077682 -0.02023273 0.05834209 0.2107194 -0.001008152 0.05738985 0.1046961 -0.02088707 0.05868375 0.1032471 -0.001008152 0.05870318 0.04915833 -0.02089256 0.05870318 0.04961085 -0.001008152 0.05870318 0.309459 -0.04048019 0.07856094 0.2046071 -0.04048979 0.05858147 0.1035428 -0.04049915 0.05863499 0.04808866 -0.04050427 0.0586425 0.3002142 -0.05810004 0.07538068 0.1977311 -0.05808013 0.05911213 0.100695 -0.05806094 0.05955576 0.04648345 -0.05805027 0.05952256 0.2852635 -0.07248818 0.07013934 0.1887639 -0.07275968 0.06168717 0.09254366 -0.07276761 0.06247401 0.04442566 -0.07277154 0.0623123 0.309703 -0.08384191 0.07856094 0.3335155 -0.07274788 0.08693599 0.3494847 -0.05810999 0.09358245 0.3615729 -0.04047536 0.09732103 0.3690606 -0.02086097 0.09988939 -0.002315759 -0.09755325 0.06656217 -0.002315759 -0.09330451 0.06600302 0.3722282 -0.001008152 0.1011177 -0.002315759 -0.08384662 0.06447374 -0.002315759 -0.07277548 0.06225895 -0.002315759 -0.05804032 0.05950897 -0.002315759 -0.04050904 0.05863916 -0.002315759 -0.0208978 0.05870318 -0.002315759 -0.001008152 0.05870318 0.3643571 -0.04246151 0.09821438 0.3527138 -0.06091308 0.09458744 0.3359033 -0.07632213 0.08805269 0.3110181 -0.08791601 0.07878428 0.2749459 -0.09479635 0.06815016 0.2382182 -0.09664738 0.0617026 -0.2048445 -0.0964601 0.0206806 -0.2048445 -0.0922513 0.02752929 -0.2048445 -0.09625411 0.02279698 -0.2048445 -0.09565627 0.02470618 -0.2048445 -0.09472519 0.02622133 -0.2048445 -0.09355187 0.02719408 -0.2048445 -0.0693311 0.0206806 -0.2048445 -0.07353997 0.02752929 -0.2048445 -0.0695371 0.02279698 -0.2048445 -0.07013493 0.02470618 -0.2048445 -0.07106602 0.02622133 -0.2048445 -0.07223933 0.02719408 -0.2127587 -0.0964601 0.01910638 -0.2153795 -0.0922513 0.02543377 -0.2135685 -0.09625411 0.02106165 -0.2142992 -0.09565633 0.02282553 -0.214879 -0.09472519 0.02422535 -0.2152513 -0.09355187 0.02512407 -0.2127587 -0.0693311 0.01910638 -0.2153795 -0.07353997 0.02543377 -0.2135685 -0.0695371 0.02106165 -0.2142992 -0.07013493 0.02282553 -0.214879 -0.07106608 0.02422535 -0.2152513 -0.07223939 0.02512407 -0.2194679 -0.0964601 0.0146234 -0.2243107 -0.0922513 0.01946616 -0.2209644 -0.09625411 0.01611989 -0.2223144 -0.09565633 0.01746988 -0.2233858 -0.09472519 0.01854127 -0.2240737 -0.09355187 0.01922911 -0.2194679 -0.0693311 0.0146234 -0.2243107 -0.07353997 0.01946616 -0.2209644 -0.0695371 0.01611989 -0.2223145 -0.07013493 0.01746988 -0.2233858 -0.07106602 0.01854127 -0.2240737 -0.07223933 0.01922911 -0.2239509 -0.0964601 0.007914125 -0.2302783 -0.0922513 0.010535 -0.2259062 -0.09625411 0.008723974 -0.2276701 -0.09565627 0.009454607 -0.2290698 -0.09472519 0.01003444 -0.2299686 -0.09355187 0.01040673 -0.2239509 -0.0693311 0.007914125 -0.2302783 -0.07353997 0.010535 -0.2259062 -0.0695371 0.008723974 -0.2276701 -0.07013493 0.009454607 -0.2290699 -0.07106602 0.01003444 -0.2299686 -0.07223933 0.01040673 -0.2255252 -0.0964601 0 -0.2323738 -0.0922513 0 -0.2276415 -0.09625411 0 -0.2295507 -0.09565627 0 -0.2310659 -0.09472519 0 -0.2320386 -0.09355187 0 -0.2255252 -0.0693311 0 -0.2323738 -0.07353997 0 -0.2276415 -0.0695371 0 -0.2295507 -0.07013493 0 -0.2310659 -0.07106602 0 -0.2320387 -0.07223933 0 -0.2239509 -0.0964601 -0.007914125 -0.2302783 -0.0922513 -0.010535 -0.2259062 -0.09625411 -0.008724033 -0.2276701 -0.09565627 -0.009454607 -0.2290698 -0.09472519 -0.01003444 -0.2299686 -0.09355187 -0.01040673 -0.2239509 -0.0693311 -0.007914125 -0.2302783 -0.07353997 -0.010535 -0.2259062 -0.0695371 -0.008724033 -0.2276701 -0.07013493 -0.009454607 -0.2290699 -0.07106602 -0.01003444 -0.2299686 -0.07223933 -0.01040673 -0.2194679 -0.0964601 -0.0146234 -0.2243107 -0.0922513 -0.01946616 -0.2209644 -0.09625411 -0.01611989 -0.2223144 -0.09565633 -0.01746988 -0.2233858 -0.09472519 -0.01854127 -0.2240737 -0.09355187 -0.01922911 -0.2194679 -0.0693311 -0.0146234 -0.2243107 -0.07353997 -0.01946616 -0.2209644 -0.0695371 -0.01611989 -0.2223145 -0.07013493 -0.01746988 -0.2233858 -0.07106608 -0.01854127 -0.2240737 -0.07223933 -0.01922911 -0.2127587 -0.0964601 -0.01910638 -0.2153795 -0.0922513 -0.02543377 -0.2135685 -0.09625411 -0.02106165 -0.2142992 -0.09565633 -0.02282553 -0.214879 -0.09472519 -0.02422535 -0.2152513 -0.09355187 -0.02512407 -0.2127587 -0.0693311 -0.01910638 -0.2153795 -0.07353997 -0.02543377 -0.2135685 -0.0695371 -0.02106165 -0.2142992 -0.07013493 -0.02282553 -0.214879 -0.07106602 -0.02422535 -0.2152513 -0.07223939 -0.02512407 -0.2048445 -0.0964601 -0.0206806 -0.2048445 -0.0922513 -0.02752929 -0.2048445 -0.09625411 -0.02279698 -0.2048445 -0.09565627 -0.02470618 -0.2048445 -0.09472519 -0.02622133 -0.2048445 -0.09355187 -0.02719408 -0.2048445 -0.0693311 -0.0206806 -0.2048445 -0.07353997 -0.02752929 -0.2048445 -0.0695371 -0.02279698 -0.2048445 -0.07013493 -0.02470618 -0.2048445 -0.07106602 -0.02622133 -0.2048445 -0.07223933 -0.02719408 -0.1969304 -0.0964601 -0.01910638 -0.1943095 -0.0922513 -0.02543377 -0.1961205 -0.09625416 -0.02106165 -0.1953899 -0.09565633 -0.02282553 -0.1948101 -0.09472519 -0.02422535 -0.1944378 -0.09355187 -0.02512407 -0.1969304 -0.0693311 -0.01910638 -0.1943095 -0.07353997 -0.02543377 -0.1961205 -0.0695371 -0.02106165 -0.1953899 -0.07013493 -0.02282553 -0.1948101 -0.07106608 -0.02422535 -0.1944378 -0.07223939 -0.02512407 -0.1902211 -0.09646016 -0.0146234 -0.1853784 -0.0922513 -0.01946616 -0.1887246 -0.09625416 -0.01611989 -0.1873746 -0.09565633 -0.01746988 -0.1863032 -0.09472519 -0.01854127 -0.1856154 -0.09355187 -0.01922911 -0.1902211 -0.0693311 -0.0146234 -0.1853784 -0.07353997 -0.01946616 -0.1887246 -0.0695371 -0.01611989 -0.1873746 -0.07013493 -0.01746988 -0.1863033 -0.07106608 -0.01854127 -0.1856154 -0.07223939 -0.01922911 -0.1857381 -0.09646016 -0.007914125 -0.1794108 -0.0922513 -0.010535 -0.1837829 -0.09625416 -0.008724033 -0.1820189 -0.09565633 -0.009454607 -0.1806191 -0.09472519 -0.01003444 -0.1797205 -0.09355187 -0.01040673 -0.1857381 -0.0693311 -0.007914125 -0.1794108 -0.07353997 -0.010535 -0.1837829 -0.0695371 -0.008724033 -0.182019 -0.07013493 -0.009454607 -0.1806192 -0.07106608 -0.01003444 -0.1797205 -0.07223939 -0.01040673 -0.1841639 -0.09646016 0 -0.1773152 -0.0922513 0 -0.1820475 -0.09625416 0 -0.1801384 -0.09565633 0 -0.1786232 -0.09472519 0 -0.1776504 -0.09355187 0 -0.1841639 -0.0693311 0 -0.1773152 -0.07353997 0 -0.1820476 -0.0695371 0 -0.1801384 -0.07013493 0 -0.1786232 -0.07106608 0 -0.1776504 -0.07223939 0 -0.1857381 -0.09646016 0.007914125 -0.1794108 -0.0922513 0.010535 -0.1837829 -0.09625416 0.008724033 -0.1820189 -0.09565633 0.009454607 -0.1806191 -0.09472519 0.01003444 -0.1797205 -0.09355187 0.01040673 -0.1857381 -0.0693311 0.007914125 -0.1794108 -0.07353997 0.010535 -0.1837829 -0.0695371 0.008724033 -0.182019 -0.07013493 0.009454607 -0.1806192 -0.07106608 0.01003444 -0.1797205 -0.07223939 0.01040673 -0.1902211 -0.09646016 0.0146234 -0.1853784 -0.0922513 0.01946616 -0.1887246 -0.09625416 0.01611989 -0.1873746 -0.09565633 0.01746988 -0.1863032 -0.09472519 0.01854127 -0.1856154 -0.09355187 0.01922911 -0.1902211 -0.0693311 0.0146234 -0.1853784 -0.07353997 0.01946616 -0.1887246 -0.0695371 0.01611989 -0.1873746 -0.07013493 0.01746988 -0.1863033 -0.07106608 0.01854127 -0.1856154 -0.07223939 0.01922911 -0.1969304 -0.0964601 0.01910638 -0.1943095 -0.0922513 0.02543377 -0.1961205 -0.09625411 0.02106165 -0.1953899 -0.09565633 0.02282553 -0.1948101 -0.09472519 0.02422535 -0.1944378 -0.09355187 0.02512407 -0.1969304 -0.0693311 0.01910638 -0.1943095 -0.07353997 0.02543377 -0.1961205 -0.0695371 0.02106165 -0.1953899 -0.07013493 0.02282553 -0.1948101 -0.07106608 0.02422535 -0.1944378 -0.07223939 0.02512407 -0.2048445 -0.0964601 0.01074087 -0.2089549 -0.0964601 0.009923279 -0.2124395 -0.0964601 0.007594943 -0.2147678 -0.0964601 0.004110336 -0.2155854 -0.0964601 0 -0.2147678 -0.0964601 -0.004110336 -0.2124395 -0.0964601 -0.007594943 -0.2089549 -0.0964601 -0.009923279 -0.2048445 -0.0964601 -0.01074087 -0.2007341 -0.0964601 -0.009923279 -0.1972496 -0.0964601 -0.007594943 -0.1949213 -0.09646016 -0.004110336 -0.1941037 -0.09646016 0 -0.1949213 -0.09646016 0.004110336 -0.1972496 -0.0964601 0.007594943 -0.2007341 -0.0964601 0.009923279 -0.2089549 -0.09283262 0.009923279 -0.2048445 -0.09283262 0.01074087 -0.2007341 -0.09283262 0.009923279 -0.2124395 -0.09283262 0.007594943 -0.2147678 -0.09283262 0.004110336 -0.2155854 -0.09283262 0 -0.2147678 -0.09283262 -0.004110336 -0.2124395 -0.09283262 -0.007594943 -0.2089549 -0.09283262 -0.009923279 -0.2048445 -0.09283262 -0.01074087 -0.2007341 -0.09283262 -0.009923279 -0.1972496 -0.09283262 -0.007594943 -0.1949213 -0.09283262 -0.004110336 -0.1941037 -0.09283262 0 -0.1949213 -0.09283262 0.004110336 -0.1972496 -0.09283262 0.007594943 -0.2048445 -0.09283262 0.006895184 -0.2074832 -0.09283262 0.006370306 -0.2097202 -0.09283262 0.004875659 -0.2112149 -0.09283262 0.002638638 -0.2117397 -0.09283262 0 -0.2112149 -0.09283262 -0.002638638 -0.2097202 -0.09283262 -0.004875659 -0.2074832 -0.09283262 -0.006370306 -0.2048445 -0.09283262 -0.006895184 -0.2022058 -0.09283262 -0.006370306 -0.1999689 -0.09283262 -0.004875659 -0.1984742 -0.09283262 -0.002638638 -0.1979493 -0.09283262 0 -0.1984742 -0.09283262 0.002638638 -0.1999689 -0.09283262 0.004875659 -0.2022058 -0.09283262 0.006370306 -0.2048445 -0.0964601 0.0130369 -0.2098336 -0.0964601 0.01204454 -0.2140631 -0.0964601 0.009218454 -0.2168891 -0.0964601 0.004988968 -0.2178815 -0.0964601 0 -0.2168891 -0.0964601 -0.004988968 -0.2140631 -0.0964601 -0.009218513 -0.2098336 -0.0964601 -0.01204454 -0.2048445 -0.0964601 -0.0130369 -0.1998555 -0.0964601 -0.01204454 -0.195626 -0.09646016 -0.009218513 -0.1927999 -0.09646016 -0.004988968 -0.1918076 -0.09646016 0 -0.1927999 -0.09646016 0.004988968 -0.195626 -0.09646016 0.009218513 -0.1998555 -0.0964601 0.01204454 -0.2048065 -0.09668564 0.007894098 -0.2048065 -0.09124898 0.007894098 -0.2115901 -0.09668564 0.003977656 -0.2115901 -0.09124898 0.003977656 -0.2115901 -0.09668564 -0.003855228 -0.2115901 -0.09124898 -0.003855228 -0.2048065 -0.09668564 -0.00777173 -0.2048065 -0.09124898 -0.00777173 -0.198023 -0.09668564 -0.003855228 -0.198023 -0.09124898 -0.003855228 -0.198023 -0.09668564 0.003977656 -0.198023 -0.09124898 0.003977656 -0.1637273 0.0284205 0.0425682 -0.1619622 0.0269007 0.0425682 -0.1619622 0.0269007 0.04861557 -0.1637273 0.0284205 0.04861557 -0.1619623 -0.02831894 0.0425682 -0.1637273 -0.02983874 0.0425682 -0.1637273 -0.02983874 0.04861557 -0.1619623 -0.02831894 0.04861557 -0.2296242 0.0269007 0.0425682 -0.2278591 0.0284205 0.0425682 -0.2278591 0.0284205 0.04861557 -0.2296242 0.0269007 0.04861557 -0.2278591 -0.02983874 0.0425682 -0.2296242 -0.02831894 0.0425682 -0.2296242 -0.02831894 0.04861557 -0.2278591 -0.02983874 0.04861557 -0.1619622 0.0105651 0.0425682 -0.1619623 -0.01198333 0.0425682 -0.2296242 -0.01198333 0.0425682 -0.2296242 0.0105651 0.0425682 -0.1619622 0.0105651 0.04861557 -0.1619623 -0.01198333 0.04861557 -0.2296242 0.0105651 0.04861557 -0.2296242 -0.01198333 0.04861557 -0.1673905 0.0105651 0.02251607 -0.1673905 -0.01198333 0.02251607 -0.2249714 -0.01198333 0.02976673 -0.2249713 0.0105651 0.02976673 -0.2059527 -0.02983874 0.0425682 -0.2059527 0.0284205 0.0425682 -0.2059527 0.0284205 0.04861557 -0.2059527 -0.02983874 0.04861557 -0.2065119 0.0269007 0.0425682 -0.2065119 -0.02831894 0.0425682 -0.2065119 0.0105651 0.0425682 -0.2065119 -0.01198333 0.0425682 -0.2065119 0.0105651 0.03620314 -0.2065119 -0.01198333 0.03620314 -0.1696425 0.01042711 0.01144218 -0.2183742 0.007747054 0.03518438 -0.2174752 0.006548702 0.02786862 -0.2122855 0.03530669 0.004665493 -0.2134369 0.03530669 3.68213e-4 -0.2151409 0.008638203 0.01473796 -0.2115867 0.007747054 0.03677427 -0.2090018 0.007747054 0.03108745 -0.2020872 0.01042711 0.0252068 -0.194074 0.01042711 0.0202955 -0.1870947 0.01042711 0.01719361 -0.1779829 0.01042711 0.0149964 -0.2048423 0.07115882 -0.008226394 -0.2048423 0.03530669 -0.008226394 -0.2091396 0.07115882 -0.007074892 -0.2091397 0.03530669 -0.007074892 -0.2122855 0.07115882 -0.003929078 -0.2122855 0.03530669 -0.003929078 -0.2134369 0.07115882 3.68212e-4 -0.2122855 0.07115882 0.004665493 -0.2091396 0.07115882 0.007811367 -0.2091397 0.03530669 0.007811367 -0.2048423 0.07115882 0.00896281 -0.2048423 0.03530669 0.00896281 -0.200545 0.07115882 0.007811367 -0.200545 0.03530669 0.007811367 -0.1973991 0.07115876 0.004665493 -0.1973992 0.03530669 0.004665493 -0.1962477 0.07115876 3.68214e-4 -0.1973991 0.07115876 -0.003929078 -0.1973992 0.03530669 -0.003929078 -0.200545 0.07115882 -0.007074892 -0.200545 0.03530669 -0.007074892 -0.2135135 0.01042711 0.01604306 -0.2144742 0.007747054 0.02900862 -0.2095839 0.01042711 0.0191946 -0.2130718 0.007747054 0.02954137 -0.2062715 0.01042711 0.021851 -0.2114273 0.007747054 0.03016602 -0.1968022 0.0237627 0.007471263 -0.2089958 0.02364903 0.01044553 -0.2121906 0.02358114 0.008147835 -0.2007972 0.02379351 0.01065593 -0.2139862 0.02348732 0.004999577 -0.2056823 0.0236994 0.01126903 -0.1956596 0.01522409 0.01284235 -0.2093687 0.0148707 0.01554155 -0.2131967 0.01480197 0.01310801 -0.2012385 0.01536577 0.01563394 -0.2147742 0.01263523 0.01164549 -0.2052527 0.01506114 0.01635771 -0.2021088 0.01529991 0.01607066 -0.17957 0.00750494 0.009740829 -0.1935244 0.00908035 0.01263642 -0.2020872 0.007193326 0.0252068 -0.194074 0.007193326 0.0202955 -0.1953003 0.01121163 0.005164682 -0.1870947 0.007193326 0.01719361 -0.2127323 0.01233524 1.65866e-4 -0.1779829 0.007193326 0.0149964 -0.2151409 0.006310522 0.01473796 -0.1696425 0.007193326 0.01144218 -0.2174752 0.004700124 0.02786862 -0.2183742 0.005291521 0.03518438 -0.2115867 0.005291521 0.03677427 -0.1712596 0.007214963 0.00729978 -0.2090018 0.005291521 0.03108745 -0.1963208 0.01335817 4.11799e-4 -0.2048423 0.01282513 -0.008226394 -0.2091397 0.01282513 -0.007074892 -0.2122855 0.01282513 -0.003929078 -0.1973792 0.01342707 -0.003890275 -0.2005251 0.01342707 -0.007036149 -0.2141177 0.01158285 0.006109356 -0.2147679 0.009209752 0.01159203 -0.1711906 0.01047098 0.007956266 -0.1796071 0.0110585 0.01044869 -0.1938889 0.01255285 0.01313251 -0.1954653 0.02162176 0.004824638 -0.1965656 0.03507125 3.84596e-4 -0.2136238 0.007747054 0.03629708 -0.2148263 0.007747054 0.03601545 -0.1696425 -0.01184535 0.01144218 -0.2183743 -0.009165346 0.03518438 -0.2174752 -0.007966995 0.02786862 -0.2122855 -0.03672492 0.004665493 -0.2134369 -0.03672492 3.68209e-4 -0.2151409 -0.01005643 0.01473796 -0.2115867 -0.009165346 0.03677427 -0.2090018 -0.009165346 0.03108745 -0.2020872 -0.01184535 0.0252068 -0.194074 -0.01184535 0.0202955 -0.1870947 -0.01184535 0.01719361 -0.1779829 -0.01184535 0.0149964 -0.1696425 -7.09139e-4 0.01144218 -0.2183743 -7.09124e-4 0.03518438 -0.2174752 -7.09124e-4 0.02786862 -0.1713268 -7.09139e-4 0.006660103 -0.1795338 -7.09131e-4 0.009051144 -0.1931693 -7.09131e-4 0.01215302 -0.1952779 -7.09131e-4 0.005193531 -0.213437 -7.09124e-4 3.68211e-4 -0.2151409 -7.09124e-4 0.01473796 -0.2115867 -7.09124e-4 0.03677427 -0.2090018 -7.09124e-4 0.03108745 -0.2020872 -7.09131e-4 0.0252068 -0.194074 -7.09131e-4 0.0202955 -0.1870947 -7.09131e-4 0.01719361 -0.1779829 -7.09131e-4 0.0149964 -0.2048424 -0.07257705 -0.008226394 -0.2048423 -0.03672492 -0.008226394 -0.2091397 -0.07257705 -0.007074952 -0.2091397 -0.03672492 -0.007074892 -0.2122855 -0.07257705 -0.003929078 -0.2122855 -0.03672492 -0.003929078 -0.213437 -0.07257705 3.68207e-4 -0.2122855 -0.07257705 0.004665493 -0.2091397 -0.07257705 0.007811307 -0.2091397 -0.03672492 0.007811307 -0.2048424 -0.07257705 0.00896281 -0.2048423 -0.03672492 0.00896281 -0.2005451 -0.07257705 0.007811367 -0.200545 -0.03672492 0.007811367 -0.1973992 -0.07257705 0.004665493 -0.1973992 -0.03672492 0.004665493 -0.1962478 -0.07257705 3.68208e-4 -0.1973992 -0.07257705 -0.003929078 -0.1973992 -0.03672492 -0.003929078 -0.200545 -0.07257705 -0.007074952 -0.200545 -0.03672492 -0.007074892 -0.1962477 -7.09131e-4 3.68215e-4 -0.2048423 -7.09124e-4 -0.008226394 -0.2091397 -7.09124e-4 -0.007074892 -0.2122855 -7.09124e-4 -0.003929078 -0.1973992 -7.09131e-4 -0.003929078 -0.200545 -7.09131e-4 -0.007074892 -0.2135135 -0.01184535 0.01604306 -0.2144743 -0.009165346 0.02900862 -0.2095839 -0.01184535 0.0191946 -0.2130718 -0.009165346 0.02954137 -0.2062716 -0.01184535 0.021851 -0.2114274 -0.009165346 0.03016608 -0.1968023 -0.02518099 0.007471263 -0.2089958 -0.02506726 0.01044553 -0.2121907 -0.02499943 0.008147835 -0.2007972 -0.02521181 0.01065593 -0.2139862 -0.02490556 0.004999577 -0.2056824 -0.02511769 0.01126903 -0.2142536 -7.09124e-4 0.007255315 -0.1956596 -0.01664239 0.01284235 -0.2093687 -0.01628899 0.01554155 -0.2131968 -0.01622021 0.01310801 -0.2012385 -0.01678401 0.01563394 -0.2147495 -7.09124e-4 0.01143723 -0.2147743 -0.01405346 0.01164549 -0.2052527 -0.01647937 0.01635771 -0.2021088 -0.0167182 0.01607066 -0.17957 -0.008923172 0.009740829 -0.1935244 -0.01049858 0.01263642 -0.2020872 -0.008611619 0.0252068 -0.194074 -0.008611619 0.0202955 -0.1953004 -0.01262986 0.005164682 -0.1870947 -0.008611619 0.01719361 -0.2127323 -0.01375347 1.65866e-4 -0.1779829 -0.008611619 0.0149964 -0.2151409 -0.007728755 0.01473796 -0.1696425 -0.008611619 0.01144218 -0.2174752 -0.006118357 0.02786862 -0.2183743 -0.006709754 0.03518438 -0.2115867 -0.006709754 0.03677427 -0.1712596 -0.008633255 0.00729978 -0.2090018 -0.006709754 0.03108745 -0.1963208 -0.01477646 4.11799e-4 -0.2048423 -0.01424336 -0.008226394 -0.2091397 -0.01424336 -0.007074892 -0.2122855 -0.01424336 -0.003929078 -0.1973792 -0.01484537 -0.003890275 -0.2005251 -0.01484537 -0.007036149 -0.2141178 -0.01300114 0.006109356 -0.2147679 -0.01062798 0.01159203 -0.1711906 -0.01188927 0.007956266 -0.1796071 -0.0124768 0.01044869 -0.1938889 -0.01397109 0.01313251 -0.1954653 -0.02303999 0.004824638 -0.1965656 -0.03648954 3.84592e-4 -0.2136238 -0.009165346 0.03629708 -0.2148263 -0.009165346 0.03601545 -0.183748 -0.009183168 0.008787035 -0.1791236 -0.009183168 0.0234425 -0.1885086 -0.007564783 0.01025199 -0.1838843 -0.007564783 0.02490746 -0.1914508 -0.003327727 0.01115739 -0.1868265 -0.003327727 0.02581286 -0.1914508 0.001909494 0.01115739 -0.1868265 0.001909494 0.02581286 -0.1885086 0.00614655 0.01025199 -0.1838843 0.00614655 0.02490746 -0.1837479 0.007764935 0.008787035 -0.1791236 0.007764935 0.0234425 -0.1789873 0.00614655 0.007322132 -0.174363 0.00614655 0.0219776 -0.1760451 0.001909494 0.006416738 -0.1714208 0.001909494 0.0210722 -0.1760451 -0.003327727 0.006416738 -0.1714208 -0.003327727 0.0210722 -0.1789873 -0.007564783 0.007322132 -0.174363 -0.007564783 0.0219776 -0.1845343 -0.008500754 0.0251075 -0.1791236 -0.01034009 0.0234425 -0.1878781 -0.003685235 0.02613645 -0.1878781 0.002267003 0.02613645 -0.1845342 0.007082462 0.02510744 -0.1791236 0.008921861 0.0234425 -0.173713 0.007082462 0.02177757 -0.1703692 0.002267003 0.02074861 -0.1703692 -0.003685235 0.02074861 -0.1737131 -0.008500754 0.02177757 -0.1830024 -0.008500754 0.0300855 -0.1775918 -0.01034009 0.0284205 -0.1863464 -0.003685235 0.03111445 -0.1863464 0.002267003 0.03111445 -0.1830024 0.007082462 0.03008544 -0.1775918 0.008921861 0.0284205 -0.1721812 0.007082462 0.02675557 -0.1688374 0.002267003 0.02572661 -0.1688374 -0.003685235 0.02572661 -0.1721813 -0.008500754 0.02675557 -0.183748 -0.01003128 0.008787035 -0.1889851 -0.008250892 0.01039862 -0.1922218 -0.003589808 0.01139461 -0.1922218 0.002171576 0.01139461 -0.188985 0.006832659 0.01039862 -0.1837479 0.00861299 0.008787035 -0.1785109 0.006832659 0.007175505 -0.1752741 0.002171576 0.006179511 -0.1752741 -0.003589808 0.006179511 -0.1785109 -0.008250892 0.007175505 -0.1844606 -0.008925139 0.006471157 -0.1890763 -0.007355988 0.007891476 -0.1919289 -0.003247976 0.008769273 -0.1919289 0.001829743 0.008769273 -0.1890763 0.005937755 0.007891476 -0.1844606 0.007506906 0.006471157 -0.1798449 0.005937755 0.005050778 -0.1769923 0.001829743 0.00417298 -0.1769923 -0.003247976 0.00417298 -0.179845 -0.007355988 0.005050778 -0.1840556 0.005574226 0.007206499 -0.1852917 0.005574226 0.00321573 -0.1788577 0.002432525 0.005596399 -0.1800939 0.002432525 0.001605629 -0.1788577 -0.003850758 0.005596399 -0.1800939 -0.003850758 0.001605629 -0.1840556 -0.006992459 0.007206499 -0.1852918 -0.006992459 0.00321573 -0.1892535 -0.003850758 0.008816599 -0.1904897 -0.003850758 0.00482583 -0.1892535 0.002432525 0.008816599 -0.1904897 0.002432525 0.00482583 -0.2048445 0.09402084 -0.0206806 -0.2048445 0.08981198 -0.02752929 -0.2048445 0.09381484 -0.02279698 -0.2048445 0.09321701 -0.02470618 -0.2048445 0.09228587 -0.02622133 -0.2048445 0.09111261 -0.02719408 -0.2048445 0.06689178 -0.0206806 -0.2048445 0.07110065 -0.02752929 -0.2048445 0.06709778 -0.02279698 -0.2048445 0.06769561 -0.02470618 -0.2048445 0.06862676 -0.02622133 -0.2048445 0.06980001 -0.02719408 -0.2127586 0.09402084 -0.01910638 -0.2153795 0.08981198 -0.02543377 -0.2135685 0.09381484 -0.02106165 -0.2142992 0.09321701 -0.02282553 -0.2148789 0.09228587 -0.02422535 -0.2152512 0.09111261 -0.02512407 -0.2127586 0.06689178 -0.01910638 -0.2153795 0.07110065 -0.02543377 -0.2135685 0.06709778 -0.02106165 -0.2142991 0.06769561 -0.02282553 -0.2148789 0.06862676 -0.02422535 -0.2152512 0.06980007 -0.02512407 -0.2194679 0.09402084 -0.0146234 -0.2243106 0.08981198 -0.01946616 -0.2209644 0.09381484 -0.01611989 -0.2223144 0.09321701 -0.01746988 -0.2233858 0.09228587 -0.01854127 -0.2240736 0.09111261 -0.01922911 -0.2194679 0.06689178 -0.0146234 -0.2243106 0.07110071 -0.01946616 -0.2209644 0.06709784 -0.01611989 -0.2223144 0.06769561 -0.01746988 -0.2233858 0.06862676 -0.01854127 -0.2240736 0.06980007 -0.01922911 -0.2239509 0.09402084 -0.007914125 -0.2302783 0.08981198 -0.010535 -0.2259061 0.09381484 -0.008724033 -0.22767 0.09321701 -0.009454607 -0.2290698 0.09228587 -0.01003444 -0.2299686 0.09111261 -0.01040673 -0.2239509 0.06689184 -0.007914125 -0.2302783 0.07110071 -0.010535 -0.2259061 0.06709784 -0.008724033 -0.22767 0.06769567 -0.009454607 -0.2290698 0.06862676 -0.01003444 -0.2299686 0.06980007 -0.01040673 -0.2255252 0.09402084 0 -0.2323738 0.08981198 0 -0.2276415 0.09381484 0 -0.2295507 0.09321701 0 -0.2310658 0.09228593 0 -0.2320386 0.09111261 0 -0.2255251 0.06689184 0 -0.2323738 0.07110071 0 -0.2276415 0.06709784 0 -0.2295507 0.06769567 0 -0.2310658 0.06862676 0 -0.2320386 0.06980007 0 -0.2239509 0.09402084 0.007914125 -0.2302783 0.08981198 0.010535 -0.2259061 0.09381484 0.008723974 -0.22767 0.09321701 0.009454607 -0.2290698 0.09228587 0.01003444 -0.2299686 0.09111261 0.01040673 -0.2239509 0.06689184 0.007914125 -0.2302783 0.07110071 0.010535 -0.2259061 0.06709784 0.008723974 -0.22767 0.06769567 0.009454607 -0.2290698 0.06862676 0.01003444 -0.2299686 0.06980007 0.01040673 -0.2194679 0.09402084 0.0146234 -0.2243106 0.08981198 0.01946616 -0.2209644 0.09381484 0.01611989 -0.2223144 0.09321701 0.01746988 -0.2233858 0.09228587 0.01854127 -0.2240736 0.09111261 0.01922911 -0.2194679 0.06689178 0.0146234 -0.2243106 0.07110071 0.01946616 -0.2209644 0.06709784 0.01611989 -0.2223144 0.06769561 0.01746988 -0.2233858 0.06862676 0.01854127 -0.2240736 0.06980007 0.01922911 -0.2127586 0.09402084 0.01910638 -0.2153795 0.08981198 0.02543371 -0.2135685 0.09381484 0.02106165 -0.2142992 0.09321701 0.02282553 -0.2148789 0.09228587 0.02422529 -0.2152512 0.09111255 0.02512407 -0.2127586 0.06689178 0.01910638 -0.2153795 0.07110065 0.02543371 -0.2135685 0.06709778 0.02106165 -0.2142992 0.06769561 0.02282553 -0.2148789 0.06862676 0.02422529 -0.2152512 0.06980007 0.02512407 -0.2048445 0.09402084 0.0206806 -0.2048445 0.08981198 0.02752929 -0.2048445 0.09381484 0.02279698 -0.2048445 0.09321701 0.02470618 -0.2048445 0.09228587 0.02622127 -0.2048445 0.09111255 0.02719408 -0.2048445 0.06689178 0.0206806 -0.2048445 0.07110065 0.02752929 -0.2048445 0.06709778 0.02279698 -0.2048445 0.06769561 0.02470618 -0.2048445 0.06862676 0.02622127 -0.2048445 0.06980001 0.02719408 -0.1969304 0.09402084 0.01910638 -0.1943095 0.08981198 0.02543371 -0.1961205 0.09381484 0.02106165 -0.1953898 0.09321701 0.02282553 -0.19481 0.09228587 0.02422535 -0.1944378 0.09111255 0.02512407 -0.1969304 0.06689178 0.01910638 -0.1943095 0.07110065 0.02543371 -0.1961205 0.06709778 0.02106165 -0.1953898 0.06769561 0.02282553 -0.19481 0.06862676 0.02422535 -0.1944378 0.06980001 0.02512407 -0.1902211 0.09402084 0.0146234 -0.1853783 0.08981198 0.01946616 -0.1887246 0.09381484 0.01611989 -0.1873746 0.09321701 0.01746988 -0.1863032 0.09228587 0.01854127 -0.1856153 0.09111255 0.01922911 -0.1902211 0.06689178 0.0146234 -0.1853783 0.07110065 0.01946616 -0.1887246 0.06709778 0.01611989 -0.1873745 0.06769561 0.01746988 -0.1863032 0.06862676 0.01854127 -0.1856153 0.06980001 0.01922911 -0.185738 0.09402084 0.007914125 -0.1794107 0.08981192 0.010535 -0.1837828 0.09381479 0.008723974 -0.1820189 0.09321701 0.009454607 -0.1806191 0.09228587 0.01003444 -0.1797204 0.09111255 0.01040673 -0.185738 0.06689178 0.007914125 -0.1794107 0.07110065 0.010535 -0.1837828 0.06709778 0.008723974 -0.1820189 0.06769561 0.009454607 -0.1806191 0.06862676 0.01003444 -0.1797204 0.06980001 0.01040673 -0.1841638 0.09402084 0 -0.1773152 0.08981192 0 -0.1820475 0.09381479 0 -0.1801383 0.09321701 0 -0.1786231 0.09228587 0 -0.1776503 0.09111255 0 -0.1841638 0.06689178 0 -0.1773152 0.07110065 0 -0.1820475 0.06709778 0 -0.1801383 0.06769561 0 -0.1786231 0.06862676 0 -0.1776503 0.06980001 0 -0.185738 0.09402084 -0.007914125 -0.1794107 0.08981192 -0.010535 -0.1837828 0.09381479 -0.008724033 -0.1820189 0.09321701 -0.009454607 -0.1806191 0.09228587 -0.01003444 -0.1797204 0.09111255 -0.01040673 -0.185738 0.06689178 -0.007914125 -0.1794107 0.07110065 -0.010535 -0.1837828 0.06709778 -0.008724033 -0.1820189 0.06769561 -0.009454607 -0.1806191 0.06862676 -0.01003444 -0.1797204 0.06980001 -0.01040673 -0.1902211 0.09402084 -0.0146234 -0.1853783 0.08981198 -0.01946616 -0.1887246 0.09381484 -0.01611989 -0.1873746 0.09321701 -0.01746988 -0.1863032 0.09228587 -0.01854127 -0.1856153 0.09111255 -0.01922911 -0.1902211 0.06689178 -0.0146234 -0.1853783 0.07110065 -0.01946616 -0.1887246 0.06709778 -0.01611989 -0.1873745 0.06769561 -0.01746988 -0.1863032 0.06862676 -0.01854127 -0.1856153 0.06980001 -0.01922911 -0.1969304 0.09402084 -0.01910638 -0.1943095 0.08981198 -0.02543377 -0.1961205 0.09381484 -0.02106165 -0.1953898 0.09321701 -0.02282553 -0.19481 0.09228587 -0.02422535 -0.1944378 0.09111255 -0.02512407 -0.1969304 0.06689178 -0.01910638 -0.1943095 0.07110065 -0.02543377 -0.1961205 0.06709778 -0.02106165 -0.1953898 0.06769561 -0.02282553 -0.19481 0.06862676 -0.02422535 -0.1944378 0.06980001 -0.02512407 -0.2048445 0.09402084 -0.01074087 -0.2089549 0.09402084 -0.009923279 -0.2124394 0.09402084 -0.007594943 -0.2147678 0.09402084 -0.004110336 -0.2155854 0.09402084 0 -0.2147678 0.09402084 0.004110336 -0.2124394 0.09402084 0.007594943 -0.2089549 0.09402084 0.009923219 -0.2048445 0.09402084 0.01074087 -0.2007341 0.09402084 0.009923219 -0.1972495 0.09402084 0.007594943 -0.1949212 0.09402084 0.004110336 -0.1941036 0.09402084 0 -0.1949212 0.09402084 -0.004110336 -0.1972495 0.09402084 -0.007594943 -0.2007341 0.09402084 -0.009923279 -0.2089549 0.0903933 -0.009923279 -0.2048445 0.0903933 -0.01074087 -0.2007341 0.0903933 -0.009923279 -0.2124394 0.0903933 -0.007594943 -0.2147678 0.0903933 -0.004110336 -0.2155854 0.0903933 0 -0.2147678 0.0903933 0.004110336 -0.2124394 0.0903933 0.007594943 -0.2089549 0.0903933 0.009923219 -0.2048445 0.0903933 0.01074087 -0.2007341 0.0903933 0.009923219 -0.1972495 0.0903933 0.007594943 -0.1949212 0.0903933 0.004110336 -0.1941036 0.0903933 0 -0.1949212 0.0903933 -0.004110336 -0.1972495 0.0903933 -0.007594943 -0.2048445 0.0903933 -0.006895184 -0.2074832 0.0903933 -0.006370365 -0.2097202 0.0903933 -0.004875659 -0.2112149 0.0903933 -0.002638638 -0.2117397 0.0903933 0 -0.2112149 0.0903933 0.002638638 -0.2097202 0.0903933 0.0048756 -0.2074832 0.0903933 0.006370306 -0.2048445 0.0903933 0.006895184 -0.2022058 0.0903933 0.006370306 -0.1999688 0.0903933 0.0048756 -0.1984741 0.0903933 0.002638638 -0.1979492 0.0903933 0 -0.1984741 0.0903933 -0.002638638 -0.1999688 0.0903933 -0.004875659 -0.2022058 0.0903933 -0.006370365 -0.2048445 0.09402084 -0.0130369 -0.2098335 0.09402084 -0.01204454 -0.214063 0.09402084 -0.009218513 -0.2168891 0.09402084 -0.004989027 -0.2178814 0.09402084 0 -0.2168891 0.09402084 0.004988968 -0.214063 0.09402084 0.009218454 -0.2098335 0.09402084 0.01204454 -0.2048445 0.09402084 0.0130369 -0.1998555 0.09402084 0.01204454 -0.195626 0.09402084 0.009218454 -0.1927999 0.09402084 0.004988968 -0.1918075 0.09402084 0 -0.1927999 0.09402084 -0.004989027 -0.195626 0.09402084 -0.009218513 -0.1998555 0.09402084 -0.01204454 -0.2048065 0.09424632 -0.007894098 -0.2048065 0.08880966 -0.007894098 -0.21159 0.09424632 -0.003977656 -0.21159 0.08880966 -0.003977656 -0.21159 0.09424632 0.003855228 -0.21159 0.08880966 0.003855228 -0.2048065 0.09424632 0.00777167 -0.2048065 0.08880966 0.00777173 -0.1980229 0.09424632 0.003855228 -0.1980229 0.08880966 0.003855228 -0.1980229 0.09424632 -0.003977656 -0.1980229 0.08880966 -0.003977656 -0.1714373 -0.02578502 0.0402081 -0.1714373 -0.02578502 0.04330706 -0.175304 -0.02355259 0.0402081 -0.175304 -0.02355259 0.04330706 -0.175304 -0.01908773 0.0402081 -0.175304 -0.01908773 0.04330706 -0.1714373 -0.01685529 0.0402081 -0.1714373 -0.01685529 0.04330706 -0.1675707 -0.01908773 0.0402081 -0.1675707 -0.01908773 0.04330706 -0.1675707 -0.02355259 0.0402081 -0.1675707 -0.02355259 0.04330706 -0.2211524 -0.02578502 0.0402081 -0.2211524 -0.02578502 0.04330706 -0.225019 -0.02355259 0.0402081 -0.225019 -0.02355259 0.04330706 -0.225019 -0.01908773 0.0402081 -0.225019 -0.01908773 0.04330706 -0.2211524 -0.01685529 0.0402081 -0.2211524 -0.01685529 0.04330706 -0.2172857 -0.01908773 0.0402081 -0.2172857 -0.01908773 0.04330706 -0.2172857 -0.02355259 0.0402081 -0.2172857 -0.02355259 0.04330706 -0.1714373 0.01602381 0.0402081 -0.1714373 0.01602381 0.04330706 -0.175304 0.01825624 0.0402081 -0.175304 0.01825618 0.04330706 -0.175304 0.02272111 0.0402081 -0.175304 0.02272111 0.04330706 -0.1714373 0.02495354 0.0402081 -0.1714373 0.02495354 0.04330706 -0.1675707 0.02272111 0.0402081 -0.1675707 0.02272111 0.04330706 -0.1675707 0.01825624 0.0402081 -0.1675707 0.01825624 0.04330706 -0.2211524 0.01602381 0.0402081 -0.2211524 0.01602381 0.04330706 -0.225019 0.01825624 0.0402081 -0.225019 0.01825618 0.04330706 -0.225019 0.02272111 0.0402081 -0.225019 0.02272111 0.04330706 -0.2211524 0.02495348 0.0402081 -0.2211524 0.02495354 0.04330706 -0.2172857 0.02272111 0.0402081 -0.2172857 0.02272111 0.04330706 -0.2172857 0.01825624 0.0402081 -0.2172857 0.01825624 0.04330706 -0.1636319 -0.01198333 0.0425682 -0.1692374 -0.01198333 0.02316224 -0.1637191 -0.02831894 0.0425682 -0.1689079 0.0105651 0.02304697 -0.1640696 0.0105651 0.0425682 -0.1637565 0.0269007 0.0425682 -0.2277947 -0.02831894 0.0425682 -0.2278177 0.0269007 0.0425682 -0.2273721 0.0105651 0.0425682 -0.2224563 -0.01198333 0.0306437 -0.2232952 0.0105651 0.03035116 -0.2271028 -0.01198333 0.0425682 -0.2296242 0.01318478 0.0425682 -0.1619622 0.01318478 0.0425682 -0.1619622 0.01318478 0.04861557 -0.2296242 0.01318478 0.04861557 -0.2065119 0.01318478 0.0425682 -0.1640194 0.01318478 0.0425682 -0.2274436 0.01318478 0.0425682 -0.1619623 -0.01471167 0.0425682 -0.1619623 -0.01471167 0.04861557 -0.2296242 -0.01471161 0.04861557 -0.2296242 -0.01471161 0.0425682 -0.2065119 -0.01471167 0.0425682 -0.1636465 -0.01471167 0.0425682 -0.2272183 -0.01471161 0.0425682 0.1598514 -0.01206368 0.0425682 0.1654329 0.01048475 0.02329337 0.1595915 0.02682036 0.0425682 0.1652113 -0.01206368 0.02321583 0.1595737 -0.02839928 0.0425682 0.1600595 0.01048475 0.0425682 0.2188268 0.01048469 0.03045195 0.223612 0.0268203 0.0425682 0.2228834 0.01048469 0.0425682 0.2182492 -0.01206374 0.03065335 0.223598 -0.02839934 0.0425682 0.2227193 -0.01206374 0.0425682 0.1577829 0.01255834 0.0425682 0.1577829 0.01255834 0.04861557 0.2254448 0.01255834 0.04861557 0.2254448 0.01255834 0.0425682 0.2023326 0.01255834 0.0425682 0.16 0.01255834 0.0425682 0.2229759 0.01255834 0.0425682 0.2254448 -0.01500654 0.0425682 0.1577829 -0.01500648 0.0425682 0.1577829 -0.01500648 0.04861557 0.2254448 -0.01500654 0.04861557 0.2023326 -0.01500648 0.0425682 0.1598014 -0.01500648 0.0425682 0.2228775 -0.01500654 0.0425682</float_array>
          <technique_common>
            <accessor source="#Cylinder_001-mesh-positions-array" count="2476" stride="3">
              <param name="X" type="float"/>
              <param name="Y" type="float"/>
              <param name="Z" type="float"/>
            </accessor>
          </technique_common>
        </source>
        <source id="Cylinder_001-mesh-normals">
          <float_array id="Cylinder_001-mesh-normals-array" count="7431">-0.3797352 0.1238796 0.9167634 2.87024e-7 -0.1238767 0.9922977 5.44047e-7 0.1238765 0.9922977 0.7016605 -0.1238721 0.7016612 0.9167636 0.1238788 0.379735 0.7016611 0.1238739 0.7016602 0.9922965 -0.1238855 0 0.9922986 0.1238695 0 0.9167637 0.1238775 -0.3797352 0.9167631 -0.123878 -0.3797364 0.701661 0.1238756 -0.7016599 0.3797353 -0.1238803 -0.9167633 0.3797356 0.1238762 -0.9167636 5.91369e-7 -0.1238765 -0.9922977 3.21665e-7 0.1238771 -0.9922976 -0.3797351 0.1238741 -0.9167642 -0.7016615 -0.1238718 -0.7016601 -0.7016592 0.1238827 -0.7016606 -0.9167633 -0.12388 -0.3797354 -0.9167649 0.1238708 -0.3797346 -0.9922977 0.123876 -1.87741e-7 -0.9167632 -0.1238785 0.3797363 -0.9167652 0.1238685 0.3797346 -0.7016595 0.1238774 0.7016612 -0.7016604 -0.1238698 0.7016616 0.3797352 0.1238787 0.9167635 0.0385642 -0.9985117 -0.03856468 0.05453884 -0.9985117 0 0.03856545 -0.9985116 0.03856611 0.3797352 -0.1238794 0.9167634 7.58459e-7 0.4442292 0.8959132 0.2551584 0.7452717 0.6160068 6.70936e-7 0.7452727 0.6667599 5.64945e-7 0.904262 0.4269781 0.08082747 0.9774407 0.1951329 4.89338e-7 0.9774414 0.2112067 6.42518e-7 0.9985116 0.05453974 -1.78554e-7 -0.4442303 0.8959127 0.3428512 -0.4442325 0.8277142 0.2551584 -0.7452738 0.6160042 -7.6171e-7 -0.9042609 0.4269805 0.1633985 -0.9042618 0.3944766 -5.83258e-7 -0.9774407 0.2112105 0.08082592 -0.9774411 0.1951313 -7.78447e-7 -0.9985117 0.05453896 0.02087032 -0.9985118 0.05038607 0.6335064 0.444229 0.6335064 0.3428507 0.4442324 0.8277144 0.3019219 0.9042603 0.3019216 0.1633998 0.9042596 0.3944809 0.03856652 0.9985116 0.03856545 0.02087187 0.9985117 0.05038839 0.6335072 -0.4442281 0.6335062 0.4714676 -0.7452751 0.4714694 0.3019191 -0.9042606 0.3019235 0.1493483 -0.9774404 0.1493498 0.827715 0.4442315 0.3428503 0.4714711 0.7452728 0.4714695 0.6160063 0.7452722 0.2551578 0.1951334 0.9774405 0.08082747 0.149348 0.9774409 0.149347 0.8277133 -0.4442334 0.3428522 0.916763 -0.1238795 0.3797361 0.6160039 -0.745274 0.2551586 0.3944784 -0.9042611 0.1633976 0.1951326 -0.9774407 0.0808264 0.05038785 -0.9985117 0.02087104 0.8959115 0.4442328 0 0.6667581 0.7452743 0 0.3944786 0.9042609 0.1633983 0.211209 0.977441 0 0.05453902 0.9985117 0 0.05038946 0.9985116 0.02087193 0.8959094 -0.4442371 0 0.6667609 -0.7452717 2.2856e-7 0.4269804 -0.9042609 9.31919e-7 0.2112072 -0.9774414 8.36301e-7 0.8277179 0.4442257 -0.3428509 0.3944805 0.9042601 -0.1633983 0.42699 0.9042565 0 0.1951336 0.9774405 -0.08082681 0.8277161 -0.4442278 -0.3428527 0.616008 -0.7452703 -0.2551594 0.394479 -0.9042608 -0.1633976 0.1951332 -0.9774407 -0.08082652 0.05038744 -0.9985116 -0.02087152 0.4714723 0.7452707 -0.4714716 0.6160123 0.7452668 -0.2551591 0.301922 0.90426 -0.3019222 0.1493491 0.9774406 -0.1493477 0.05038893 0.9985116 -0.02087157 0.7016592 -0.1238833 -0.7016604 0.6335046 -0.4442353 -0.6335037 0.4714722 -0.7452699 -0.471473 0.301922 -0.9042586 -0.3019265 0.1493487 -0.9774402 -0.1493505 0.6335064 0.4442284 -0.6335068 0.2551566 0.7452741 -0.6160045 0.08082741 0.9774407 -0.1951326 0.03856658 0.9985117 -0.03856474 0.3428509 -0.4442337 -0.8277135 0.2551584 -0.7452737 -0.6160044 0.1633984 -0.9042617 -0.3944765 0.0808258 -0.9774411 -0.195131 0.02087026 -0.9985118 -0.05038607 3.21081e-7 0.4442306 -0.8959126 0.3428508 0.4442315 -0.8277148 1.17721e-6 0.7452719 -0.6667606 4.65356e-7 0.9042609 -0.4269805 0.1633985 0.9042606 -0.3944791 5.71891e-7 0.9774413 -0.2112075 0.02087187 0.9985117 -0.05038839 6.47218e-7 -0.4442291 -0.8959133 -1.11823e-6 -0.7452713 -0.6667614 -2.22115e-7 -0.9042603 -0.4269816 -5.04892e-7 -0.9774406 -0.2112109 -7.49407e-7 -0.9985117 -0.05453908 -0.2551569 0.7452728 -0.6160062 -0.08082556 0.9774398 -0.1951376 5.92043e-7 0.9985116 -0.05454057 -0.3797361 -0.1238737 -0.9167638 -0.3428518 -0.4442283 -0.8277162 -0.255158 -0.7452718 -0.6160069 -0.1633993 -0.9042621 -0.3944754 -0.08082646 -0.977442 -0.1951265 -0.02087193 -0.9985115 -0.05038994 -0.3428503 0.4442291 -0.8277162 -0.4714698 0.7452738 -0.4714693 -0.1633981 0.9042593 -0.3944821 -0.1493445 0.9774417 -0.149345 -0.02087116 0.9985116 -0.05038976 -0.6335074 -0.444227 -0.6335068 -0.4714704 -0.7452721 -0.4714713 -0.3019229 -0.9042596 -0.3019225 -0.1493484 -0.9774405 -0.1493496 -0.03856658 -0.9985115 -0.03856706 -0.633503 0.4442369 -0.6335042 -0.6160033 0.7452747 -0.2551579 -0.3019196 0.9042621 -0.3019182 -0.195132 0.9774408 -0.08082705 -0.05038863 0.9985116 -0.02087211 -0.03856456 0.9985118 -0.03856348 -0.8277168 -0.4442287 -0.3428495 -0.616012 -0.7452669 -0.2551599 -0.3944793 -0.9042603 -0.1633995 -0.1951339 -0.9774406 -0.0808258 -0.05038815 -0.9985117 -0.02086991 -0.8277181 0.444225 -0.3428513 -0.8959126 0.4442304 -8.06494e-7 -0.6667581 0.7452743 -1.03221e-6 -0.3944764 0.9042621 -0.1633972 -0.4269803 0.9042609 -3.28344e-7 -0.05453997 0.9985117 0 -0.9922974 -0.1238787 0 -0.8959125 -0.4442309 1.87086e-7 -0.6667627 -0.7452701 8.99497e-7 -0.4269807 -0.9042608 1.23371e-6 -0.2112089 -0.977441 4.8216e-7 -0.05453991 -0.9985116 -4.56354e-7 -0.6160061 0.7452719 0.2551594 -0.3944784 0.9042613 0.1633966 -0.1951316 0.9774411 0.08082562 -0.211212 0.9774404 0 -0.8277153 -0.4442304 0.342851 -0.6160082 -0.7452704 0.2551588 -0.3944805 -0.9042599 0.1633987 -0.1951346 -0.9774404 0.08082622 -0.0503894 -0.9985116 0.02087157 -0.6335027 0.4442358 0.6335052 -0.8277198 0.444221 0.3428525 -0.4714663 0.7452759 0.4714695 -0.1493471 0.9774409 0.149348 -0.05038875 0.9985116 0.02087205 -0.6335079 -0.4442218 0.63351 -0.4714723 -0.7452704 0.4714722 -0.3019206 -0.9042615 0.3019189 -0.1493471 -0.9774413 0.1493455 -0.03856629 -0.9985116 0.03856766 -0.2551594 0.7452694 0.6160091 -0.3019206 0.9042598 0.3019242 -0.08082568 0.9774405 0.1951342 -0.02087116 0.9985116 0.05038952 -0.03856456 0.9985118 0.03856337 -0.3797371 -0.1238802 0.9167625 -0.3428506 -0.4442321 0.8277146 -0.2551582 -0.74527 0.6160089 -0.1633993 -0.9042598 0.3944805 -0.08082801 -0.9774402 0.1951346 -0.02087193 -0.9985116 0.05038869 -0.3428495 0.4442291 0.8277166 -0.1633983 0.9042608 0.3944789 -9.87971e-7 -0.7452728 0.6667597 0.6571447 0.7537646 0 0.6894021 0.6657189 0.2855579 0.6071203 0.7537665 0.251478 5.99858e-7 1 -6.45529e-7 7.23825e-7 0.7537665 -0.6571424 7.46696e-7 1 -6.82254e-7 2.40221e-7 1 -1.44967e-6 -0.2514765 0.7537677 -0.6071193 -0.6071205 0.753767 -0.251476 -0.46467 0.7537657 -0.4646707 5.64345e-7 1 4.44428e-7 -0.6571404 0.7537682 0 5.64343e-7 1 -4.44422e-7 5.48289e-7 1 0 2.40227e-7 1 1.44967e-6 -0.6071203 0.7537671 0.2514757 -0.2514768 0.753767 0.6071202 -0.4646698 0.7537658 0.4646711 5.99859e-7 1 6.45524e-7 8.19925e-7 0.7537662 0.6571427 6.43908e-7 1 7.65169e-7 7.46698e-7 1 6.82251e-7 8.48392e-7 1 3.49748e-7 0.2514774 0.7537658 0.6071214 1.38518e-6 1 4.18586e-7 0.4646692 0.7537665 0.4646705 1.41965e-6 1 0 0.6071214 0.7537655 -0.2514784 1.38519e-6 1 -4.18587e-7 0.4646694 0.7537664 -0.4646704 5.27997e-7 1 -3.49754e-7 0.2514775 0.7537674 -0.6071195 3.92931e-7 1 0 2.8974e-7 1 -7.63071e-7 2.83677e-7 1 4.34273e-7 9.12742e-7 1 2.03542e-7 -0.7462026 0.665719 0 0.7462031 0.6657184 5.84612e-7 -0.6894018 0.6657189 0.2855584 0.6894024 0.6657181 -0.2855589 -0.2855591 0.6657192 0.6894012 -0.5276452 0.6657184 0.5276454 -0.2855578 0.6657205 -0.6894006 4.90786e-7 0.6657187 -0.7462029 0.5276457 0.6657195 -0.5276435 7.15776e-7 0.6657188 0.7462028 0.285559 0.6657186 -0.6894018 -0.5276454 0.6657186 -0.5276449 0.5276452 0.6657192 0.5276445 0.2855591 0.6657189 0.6894015 -0.6894016 0.665719 -0.2855587 1.23277e-6 1 -4.59682e-6 1.35134e-6 1 -6.3239e-6 5.1705e-7 1 2.07281e-6 0 1 1.89721e-7 0 1 0 0 1 -1.49761e-6 6.17661e-7 1 3.28345e-7 1.41178e-6 1 4.59682e-6 5.17047e-7 1 2.99519e-6 1.25851e-6 1 2.95167e-7 1.08979e-6 1 4.6556e-7 4.08209e-7 1 -4.00051e-6 1.21358e-6 1 -2.54661e-6 2.86438e-7 0.6099946 0.7924056 0.8660253 -6.04756e-6 0.5000004 0.6862453 0.6099924 0.3962031 0.8660255 -2.48445e-6 -0.5 0.6862441 0.609994 -0.3962025 5.34626e-7 0.6099947 -0.7924056 -0.8660252 0 -0.5000004 -0.6862432 0.6099944 -0.3962035 -0.6862432 0.6099944 0.3962033 -0.8660252 0 0.5000005 -7.74836e-7 -1 0 -0.2683934 -0.7230498 -0.6365249 -5.1986e-7 -0.7071067 -0.7071069 1 0 0 0.7101415 -0.3256549 -0.6242179 0.7071062 -3.29196e-6 -0.7071074 -1 1.72306e-7 0 -0.7101402 0.3256567 -0.6242185 -0.7071068 0 -0.7071067 6.48894e-7 1 0 0.2683931 0.7230502 -0.6365246 5.00275e-7 0.7071067 -0.7071068 -0.3479971 -0.9374957 0 -0.7101401 -0.325656 -0.624219 -0.2683928 0.7230498 -0.6365252 -0.9089789 0.4168424 0 -0.3479929 0.9374973 0 0.9089805 0.4168387 0 0.3479985 0.9374952 0 0.2683937 -0.7230491 -0.6365256 0.9089791 -0.4168418 0 0.3479918 -0.9374976 0 0 0 -1 0 0 -1 0 0 -1 0 0 -1 0 0 -1 -3.02128e-7 -0.7071065 -0.7071071 0 0 -1 6.67433e-7 0.7071067 -0.7071068 -0.2328064 0.7071067 -0.6676835 3.24252e-4 0.7893797 -0.6139054 -1 1.88607e-6 0 -0.8910123 -0.2499084 -0.3790025 -0.7071075 4.62562e-6 -0.7071062 -1 0 0 -0.8910121 0.2499111 -0.3790013 0.8844708 0.2340852 -0.4036279 0.7071068 0 -0.7071068 1 -1.42414e-7 0 0.8844702 -0.2340894 -0.4036269 -0.2328079 -0.7071067 -0.6676831 3.22958e-4 -0.7893798 -0.6139051 0.3500331 -0.5780432 -0.737118 0.350035 0.578043 -0.7371174 -0.3818264 -0.5736492 -0.7246622 -4.92832e-7 -0.7071068 -0.7071067 0.23351 -0.7071066 -0.6674379 -0.3818267 0.5736487 -0.7246624 2.2691e-7 0.7071068 -0.7071068 0 0 -1 0 0 -1 0 0 -1 0 0 -1 0.2360253 -0.1296358 -0.9630612 -0.5070223 2.05478e-6 -0.8619329 -0.5424541 -0.1098696 -0.8328699 -0.4653573 4.20376e-7 0.885123 -0.5869691 3.05836e-7 0.8096094 -0.4653575 4.87952e-7 0.8851229 -0.9728891 9.20104e-7 -0.2312723 -0.9789839 -0.01469516 -0.2034077 -0.3216011 0 0.9468753 -0.3216013 0 0.9468753 -0.3143098 2.28971e-7 0.9493204 -0.3143098 3.41364e-7 0.9493206 0.9892174 0 -0.1464549 0.9930425 -3.46379e-7 -0.1177566 0.9892173 0 -0.1464553 -0.9242231 -0.008422374 0.3817603 -0.9174339 9.36855e-7 0.3978886 0.9889045 0 -0.1485527 0.9889045 6.02775e-7 -0.1485526 0.9925341 4.85719e-7 -0.1219679 0.9925341 0 -0.1219685 -0.4346497 -0.1120986 -0.8935959 -0.4401457 5.93139e-7 -0.8979263 -0.9103665 3.68197e-6 0.4138031 -0.7982999 0 0.6022602 -0.7982997 0 0.6022604 0.2512275 -1.37846e-7 -0.9679281 -0.586969 9.6047e-7 0.8096094 0.04816597 -0.9907573 0.126808 -0.6047836 -0.7474403 0.2748998 -0.4836731 -0.7045661 0.5192754 0.2566471 -0.8940857 0.3670737 -0.2765376 -0.6264646 0.7287449 -2.31334e-4 3.33097e-4 -1 0.5000001 -1.46571e-7 -0.8660254 -2.94631e-7 0 -1 0.8660252 -2.46833e-7 -0.5000005 0.8660251 -7.57672e-7 -0.5000008 1 -1.44928e-6 0 0.8672633 -0.08799386 0.4900118 0.8660249 -1.13136e-6 0.500001 0.5000003 -4.62431e-7 0.8660253 0.002678036 -0.1126321 0.9936332 1.76778e-7 0 1 -0.5004456 -0.1113873 0.8585728 -0.4999995 3.77805e-7 0.8660257 -0.8660255 1.522e-6 0.5 -0.8721345 -0.002364456 -0.4892605 -0.9996423 -0.02099001 -0.01657938 -0.9745703 -0.006762385 -0.2239798 -0.8660261 7.47027e-7 -0.4999991 -0.4998807 5.40463e-4 -0.8660941 -0.5000005 2.01636e-7 -0.8660252 0.8992704 0.007427871 -0.4373301 0.9994019 -0.02634268 -0.02240604 0.4999994 -2.1571e-7 -0.8660259 0.4999995 0 -0.8660258 -0.003174781 -5.19447e-4 -0.9999949 -0.5002391 0 -0.8658873 -0.5031625 -5.74026e-4 -0.8641916 -0.8824133 0.002201378 -0.4704699 -0.8888468 -0.07357293 0.4522593 -0.9999998 6.93925e-4 -3.63381e-7 -0.3765311 -0.639785 -0.6699997 0.09138309 -0.8230764 -0.5605306 -0.9733415 2.77936e-7 -0.2293607 0.6456348 -0.6655026 0.3745158 0.971796 -0.1796928 0.1527188 0.9715978 -0.2366384 -1.80055e-4 0.8579782 -0.503966 -0.09945714 0.1885479 -0.9804454 0.05636036 0.3458427 -0.5384847 0.7683926 0.2983561 -0.850938 0.4323058 0.04937863 -0.991975 0.1163939 0.1049207 -0.632362 0.7675351 -0.1191341 -0.7323281 0.6704496 -0.4366058 -0.5181145 0.7354813 -0.2930261 -0.699185 0.6521319 0.9873269 -0.09806925 0.1247723 -0.8147858 -0.2783556 0.5085688 -0.3599849 -0.3613967 0.8601182 0.4003456 -0.3492191 0.8472127 0.4987173 -0.1066165 0.8601825 0.7277892 -0.2885936 0.6221227 0.06613045 -0.3654825 0.9284662 0.9850095 -0.002830386 -0.172477 0.9866873 -0.007578611 -0.1624526 -0.7757257 -0.6221918 -0.1054851 -0.9922783 -0.1230755 0.01537448 -0.6135349 -0.5994465 0.5140417 0.9930425 -6.44256e-7 -0.1177564 0.6903401 -0.4205228 0.58872 0.9930427 -9.63376e-7 -0.1177555 0.9792236 -3.58193e-7 -0.2027837 -0.8667681 0 -0.4987115 0 0 -1 0.8733298 -7.92544e-7 -0.4871295 0.5000001 -7.88945e-7 -0.8660254 -0.2504124 -0.6486064 0.7187513 -0.7620186 -0.5729473 0.30176 0.6724497 -0.7313264 -0.1138994 -0.2758899 -0.6204821 0.7340891 -8.97564e-7 -1 -8.03871e-7 -3.65477e-6 -1 -1.21811e-6 0.2360254 0.1296353 -0.9630612 -0.5424541 0.1098706 -0.8328698 -0.5869694 0 0.8096091 -0.4653573 0 0.8851229 -0.9789839 0.01469558 -0.2034075 -0.321601 0 0.9468754 -0.3143097 1.24466e-7 0.9493206 0.9892175 -8.15456e-7 -0.1464539 0.9930428 -1.83673e-6 -0.1177545 -0.9242236 0.008422851 0.3817588 0.9889047 3.59828e-7 -0.1485522 0.9925342 0 -0.121967 -0.4346477 0.1121021 -0.8935965 -0.9103665 0 0.4138031 -0.6047754 0.747447 0.2748996 0.04817348 0.9907576 0.1268023 -0.4836732 0.7045667 0.5192745 0.2566482 0.8940856 0.367073 -0.276538 0.6264657 0.7287438 0.4999994 0 -0.8660258 -2.31735e-4 -3.33072e-4 -1 4.32125e-7 -1.88904e-7 -1 0.8660258 -1.05808e-6 -0.4999994 0.5000003 -5.97989e-7 -0.8660253 0.8660253 0 -0.5000002 0.9994019 0.02634221 -0.02240616 0.8660252 -2.35763e-7 0.5000004 1 -3.77806e-7 0 0.498718 0.1066154 0.8601823 0.8672638 0.08799362 0.4900107 1.06067e-6 1.36556e-7 1 0.4999995 1.88903e-7 0.8660258 -0.5000001 5.94411e-7 0.8660254 0.002677679 0.112632 0.9936332 -0.8888468 0.07357257 0.4522594 -0.5004456 0.1113877 0.8585728 -0.9996423 0.02099114 -0.01657932 -0.8721345 0.002365529 -0.4892606 -0.9745705 0.006763279 -0.2239795 -0.5000001 3.4794e-7 -0.8660253 -0.8824135 -0.00219947 -0.4704698 -0.8660252 7.55612e-7 -0.5000005 -0.4998809 -5.39669e-4 -0.8660941 0.8992709 -0.007428765 -0.4373291 0.9850095 0.002829372 -0.1724771 0.5000002 -1.9848e-7 -0.8660253 -0.003175139 5.19323e-4 -0.9999948 -0.5031626 5.74727e-4 -0.8641917 -0.9999998 -6.91489e-4 -2.25886e-7 -0.8660252 7.55612e-7 0.5000005 -0.3765284 0.639786 -0.6700003 0.09138363 0.823076 -0.5605311 0.6456357 0.6655018 0.3745155 0.9717959 0.1796932 0.1527194 0.69034 0.4205235 0.5887196 0.8579781 0.5039663 -0.0994566 0.1885477 0.9804456 0.05636018 0.345843 0.538484 0.7683929 0.2983581 0.8509367 0.4323068 0.04938483 0.9919752 0.1163893 0.1049213 0.6323598 0.7675368 -0.1191366 0.7323242 0.6704534 -0.436605 0.5181154 0.7354813 -0.2930262 0.6991844 0.6521325 -0.6135314 0.5994502 0.5140418 0.9873269 0.09806865 0.1247725 0.7277897 0.2885915 0.6221231 -0.8147863 0.2783548 0.5085685 -0.3599838 0.3613979 0.8601182 0.4003466 0.3492179 0.8472127 0.06613194 0.3654826 0.928466 0.9866873 0.007577955 -0.1624528 -0.7757242 0.6221937 -0.1054846 -0.9922785 0.1230734 0.01537501 -0.2504118 0.648607 0.718751 -0.7620196 0.5729466 0.3017586 0.6724499 0.7313264 -0.1138988 0.9715982 0.236637 -1.7831e-4 -0.2758889 0.6204825 0.7340892 8.97569e-7 1 9.1452e-7 3.65476e-6 1 1.34017e-6 -0.2296642 0.6211291 0.7493017 0.579411 0.5041919 -0.6403699 0.1177322 0.5008082 0.8575141 0.7967423 0.1929823 -0.5726776 0.3312637 0.1908962 0.9240255 0.7967413 -0.1929841 -0.5726784 0.3312636 -0.1908915 0.9240264 0.1177276 -0.5008106 0.8575133 0.57941 -0.5041901 -0.640372 -0.2296653 -0.6211266 0.7493034 0.2296656 -0.6211231 -0.7493062 -0.5794098 -0.5041946 0.6403688 -0.1177296 -0.5008102 -0.8575133 -0.7967434 -0.1929864 0.5726748 -0.331261 -0.1908932 -0.924027 -0.7967435 0.1929834 0.5726757 0.1893244 -0.7652634 -0.6152465 -0.1177285 0.5008118 -0.8575125 -0.5794118 0.5041947 0.6403669 0.2296653 0.62112 -0.7493089 0.353618 0.711155 0.6076289 0.8849425 0.2364787 -0.4011915 0.5617886 0.8090171 0.1728729 0.9089931 0.3090166 0.2797147 0.6192405 -0.6191096 -0.4829541 0.1893244 0.7652627 -0.6152473 0.6192398 0.6191114 -0.4829525 0.8849432 -0.236478 -0.4011903 -0.2405906 0.6191127 -0.7475396 -0.506294 0.2364799 -0.8293032 -0.3312587 0.1908958 -0.9240273 -0.5062941 -0.2364785 -0.8293036 -0.2405924 -0.6191123 -0.7475395 -0.5617882 0.809017 -0.1728745 -0.5617889 -0.8090168 -0.1728732 0.9089918 -0.3090192 0.2797166 2.29415e-7 1 -2.36896e-7 -0.9089928 -0.3090157 -0.2797165 0.5617853 -0.8090192 0.1728736 -0.9089924 0.3090167 -0.2797168 -1.07725e-6 -1 -3.29161e-7 0.6588236 -0.2716384 0.7015442 0.78652 0.1880391 -0.5882411 0.6588214 0.2716398 0.7015457 -0.634049 0.7111595 0.3037006 -0.9392579 0.2716364 0.2097818 -0.9392578 -0.2716356 0.209783 -0.6340515 -0.7111574 0.3037003 -0.1402171 -0.8790388 0.4556644 0.3536154 -0.7111595 0.6076253 -0.1402145 0.8790416 0.4556599 -0.3197371 0.18804 -0.9286599 -0.1084611 0.4922948 -0.8636447 0.7865183 -0.1880402 -0.588243 0.2333912 0.6085062 -0.7584516 -0.31974 -0.1880376 -0.9286593 -0.1084614 -0.492291 -0.8636468 0.5752444 0.492292 -0.6532554 0.5752425 -0.4922946 -0.6532551 0.2333913 -0.6085094 -0.758449 2.84802e-7 -1 1.6157e-6 -0.4750254 -0.3962027 -0.7857317 0.1804889 -0.7924062 -0.5826803 -0.8272467 0.4999999 -0.256248 -0.827247 -0.5000001 -0.2562471 0.180491 0.7924047 -0.5826815 -0.4750243 0.3962025 -0.7857325 0.827247 0.5000002 0.2562468 1.57737e-6 1 -3.34096e-6 0.8360046 -0.3962049 -0.379629 0.8272462 -0.5000011 0.2562476 0.8360052 0.3962038 -0.3796288 -0.3797357 0.1238772 -0.9167635 2.74653e-7 -0.1238743 -0.992298 -0.379736 -0.1238791 -0.9167632 0.7016605 0.1238818 -0.7016593 0.9167638 -0.123878 -0.3797347 0.7016615 -0.123872 -0.7016601 0.9167637 0.1238787 -0.3797348 0.9922978 -0.1238755 0 0.9167634 0.123884 0.3797338 0.9167638 -0.1238715 0.3797369 0.7016607 0.1238797 0.7016596 0.7016595 -0.1238793 0.7016608 0.3797358 -0.1238739 0.9167639 -1.23717e-7 0.123876 0.9922978 -4.50332e-7 -0.1238771 0.9922977 -0.3797355 0.1238772 0.9167636 -0.3797359 -0.1238737 0.9167639 -0.7016587 -0.1238868 0.7016604 -0.9167631 0.1238796 0.3797358 -0.9167646 -0.1238696 0.3797354 -0.9922977 0.123876 -8.054e-7 -0.9922985 -0.1238705 -6.17659e-7 -0.9167637 -0.1238725 -0.379737 -0.916763 0.1238819 -0.3797354 -0.7016601 -0.1238805 -0.70166 0.3797351 -0.1238746 -0.9167642 0.03856587 0.9985117 -0.03856498 -0.03856641 0.9985115 -0.03856861 -0.03856682 0.9985115 0.03856801 -1.92999e-7 0.1238751 -0.9922978 2.83158e-7 -0.4442281 -0.8959137 0.2551569 -0.7452733 -0.6160054 0 -0.7452747 -0.6667575 0 -0.9042611 -0.4269798 0.08082622 -0.9774405 -0.1951339 0 -0.9774402 -0.2112127 0.02087014 -0.9985117 -0.05038839 0 -0.9985117 -0.05453956 0.3797357 0.123872 -0.9167641 -2.56928e-7 0.4442257 -0.895915 0.3428534 0.4442257 -0.8277169 0.2551584 0.7452754 -0.6160023 0 0.9042637 -0.4269745 0.1633976 0.9042624 -0.3944755 0.08082777 0.9774406 -0.1951326 4.81228e-7 0.9985116 -0.05454218 0.02087271 0.9985119 -0.05038172 0.3428511 -0.4442265 -0.8277174 0.4714701 -0.7452731 -0.4714701 0.1633975 -0.9042619 -0.3944765 0.3019183 -0.9042622 -0.3019195 0.03856372 -0.9985119 -0.03856348 0.6335043 0.4442346 -0.6335046 0.4714692 0.7452748 -0.4714683 0.3019177 0.9042633 -0.3019165 0.1493473 0.9774412 -0.149346 0.8277128 -0.4442362 -0.3428494 0.6335088 -0.4442235 -0.6335078 0.6160007 -0.7452775 -0.2551561 0.3944796 -0.9042602 -0.1633995 0.1493459 -0.9774411 -0.1493479 0.1951317 -0.977441 -0.08082622 0.8277135 0.4442343 -0.3428505 0.6160042 0.7452738 -0.2551584 0.394479 0.9042605 -0.163399 0.195131 0.9774411 -0.08082544 0.05038785 0.9985117 -0.02087032 0.6667612 -0.7452716 -1.19779e-6 0.4269794 -0.9042614 -2.42637e-7 0.2112097 -0.9774408 0 0.05038708 -0.9985117 -0.02086967 0.8959114 0.4442329 1.12758e-6 0.9922975 0.1238787 1.08871e-6 0.6667572 0.7452751 0 0.4269791 0.9042615 -1.27958e-7 0.2112095 0.9774409 0 0.05453824 0.9985117 0 0.8277198 -0.4442199 0.3428537 0.8959148 -0.4442262 -1.07701e-6 0.6160081 -0.7452707 0.2551581 0.1951315 -0.977441 0.08082616 0.05038678 -0.9985118 0.02086949 0.05453848 -0.9985117 0 0.8277114 0.4442396 0.3428483 0.6160029 0.7452751 0.2551577 0.3944771 0.9042617 0.1633976 0.1951307 0.9774412 0.08082497 0.05038779 0.9985117 0.0208705 0.4714727 -0.745269 0.4714741 0.3944741 -0.904263 0.1633969 0.1493467 -0.9774408 0.149349 0.03856396 -0.9985117 0.03856354 0.6335053 0.4442307 0.6335064 0.471471 0.7452723 0.4714703 0.3019199 0.904262 0.3019183 0.1493479 0.977441 0.1493469 0.03856593 0.9985116 0.03856486 0.6335052 -0.4442271 0.6335089 0.2551573 -0.7452721 0.6160068 0.3019193 -0.9042612 0.3019217 0.08082622 -0.9774406 0.1951336 0.3797355 0.1238754 0.9167638 0.3428518 0.4442309 0.8277148 0.2551588 0.7452751 0.6160025 0.163399 0.9042625 0.3944746 0.0808264 0.9774416 0.1951285 0.02087283 0.9985119 0.05038297 -6.37736e-7 -0.4442259 0.8959149 0.3428528 -0.4442242 0.8277179 0 -0.9042614 0.4269794 0.1633967 -0.904262 0.3944767 0 -0.9774404 0.211212 0 -0.9985117 0.05453926 0.02087038 -0.9985117 0.05038845 -3.53947e-7 0.4442264 0.8959146 -1.7695e-7 0.7452711 0.6667616 0 0.9042634 0.426975 0 0.9774414 0.2112069 4.60808e-7 0.9985116 0.05454224 -0.2551587 -0.7452728 0.6160054 -4.57122e-7 -0.7452703 0.6667625 -0.1633985 -0.9042612 0.394478 -0.02087199 -0.9985118 0.05038475 -0.3428523 0.4442288 0.8277156 -0.2551583 0.7452715 0.6160071 -0.1633954 0.904263 0.3944752 -0.08082443 0.9774415 0.1951296 -0.02087277 0.9985114 0.05039423 -0.3428529 -0.4442265 0.8277166 -0.4714732 -0.7452691 0.4714732 -0.30192 -0.9042615 0.3019195 -0.08082807 -0.9774409 0.1951314 -0.03856587 -0.9985117 0.03856545 -0.7016614 0.1238708 0.7016605 -0.6335076 0.4442252 0.6335079 -0.4714668 0.7452749 0.4714704 -0.3019184 0.9042618 0.3019205 -0.1493487 0.9774404 0.1493495 -0.6335041 -0.444234 0.6335051 -0.6160038 -0.7452739 0.2551592 -0.195135 -0.9774401 0.08082801 -0.1493486 -0.9774405 0.1493487 -0.05038869 -0.9985117 0.02087146 -0.8277176 0.4442263 0.342851 -0.6160094 0.7452694 0.255159 -0.3944746 0.904263 0.1633962 -0.1951328 0.9774407 0.08082634 -0.05039048 0.9985114 0.02087354 -0.8277204 -0.4442197 0.3428526 -0.8959179 -0.4442198 -6.4469e-7 -0.4269775 -0.9042623 1.32937e-7 -0.3944742 -0.9042628 0.1633979 -0.2112123 -0.9774402 6.34106e-7 -0.8959144 0.4442269 -1.12757e-6 -0.6667603 0.7452723 -3.4407e-7 -0.4269774 0.9042623 0 -0.2112118 0.9774404 0 -0.05454212 0.9985116 0 -0.8277159 -0.4442281 -0.3428525 -0.6160009 -0.745277 -0.2551572 -0.6667613 -0.7452713 -2.31019e-7 -0.3944759 -0.904262 -0.1633988 -0.1951339 -0.9774404 -0.08082759 -0.05038869 -0.9985116 -0.0208714 -0.05453985 -0.9985117 0 -0.8277133 0.4442363 -0.3428483 -0.6160027 0.7452759 -0.2551556 -0.3944745 0.9042628 -0.1633974 -0.1951344 0.9774404 -0.08082729 -0.05039095 0.9985114 -0.02087265 -0.6335051 -0.4442304 -0.6335067 -0.3019205 -0.9042612 -0.3019202 -0.1493496 -0.9774405 -0.149348 -0.6335096 0.4442199 -0.6335095 -0.7016614 0.1238712 -0.7016605 -0.471471 0.7452714 -0.471472 -0.3019168 0.9042634 -0.3019172 -0.1493481 0.9774407 -0.149349 -0.3428502 -0.4442334 -0.827714 -0.4714702 -0.7452715 -0.4714726 -0.1633986 -0.9042613 -0.3944777 -0.02087187 -0.9985117 -0.05038672 -0.03856593 -0.9985117 -0.03856331 -0.3428525 0.4442288 -0.8277156 -0.2551575 0.7452743 -0.6160041 -0.1633956 0.9042636 -0.3944734 -0.08082669 0.9774403 -0.1951344 -0.02087265 0.9985114 -0.05039262 -0.255158 -0.745275 -0.6160029 -0.08082807 -0.9774402 -0.1951342 0 0.7452734 -0.6667591 0 0.9774404 -0.2112117 0.6571418 -0.7537671 0 0.6894009 -0.6657189 -0.2855607 0.6071196 -0.7537669 -0.2514784 0 -1 -1.82748e-7 -0.251477 -0.7537676 0.6071193 0 -0.7537674 0.6571415 -4.03249e-7 -1 -6.72246e-7 -0.4646694 -0.7537683 0.4646675 -1.01311e-6 -1 5.34707e-7 -7.75395e-7 -1 1.76327e-7 -0.6571403 -0.7537683 0 -0.607119 -0.7537679 0.2514771 -1.0131e-6 -1 -2.64701e-7 -1.09658e-6 -1 0 -7.75397e-7 -1 -1.10513e-6 -0.6071189 -0.753768 -0.2514765 -0.251478 -0.7537692 -0.607117 -0.4646697 -0.7537667 -0.4646698 -4.03246e-7 -1 1.39503e-6 0 -0.7537676 -0.6571412 -4.03246e-7 -1 -1.69143e-7 0 -1 0 0.4646693 -0.7537676 -0.4646687 0.2514767 -0.7537664 -0.6071209 -1.01311e-6 -1 1.59272e-7 -7.75403e-7 -1 1.97013e-6 -1.01311e-6 -1 -1.59279e-7 -1.09658e-6 -1 0 0.4646691 -0.7537677 0.4646687 0.6071195 -0.7537671 0.251478 -4.03247e-7 -1 1.69142e-7 -7.75403e-7 -1 -1.97013e-6 0.2514768 -0.7537664 0.6071208 0 -1 -1.35834e-7 0 -1 3.88693e-7 0 -1 0 -0.6894017 -0.6657183 -0.28556 -0.7462028 -0.6657187 0 0.7462021 -0.6657195 -4.61916e-7 -0.5276458 -0.665718 -0.5276453 0.6894025 -0.6657177 0.2855595 -0.2855598 -0.6657183 -0.6894017 0 -0.6657189 0.7462028 0.5276446 -0.6657187 0.5276455 0.2855595 -0.6657186 0.6894016 -1.29914e-7 -0.6657189 -0.7462027 -0.2855589 -0.6657187 0.6894018 0.2855593 -0.6657184 -0.6894019 -0.5276454 -0.6657186 0.5276449 0.5276449 -0.665719 -0.527645 -0.6894013 -0.6657188 0.2855597 0 -1 3.79452e-7 0 -1 -5.42939e-7 0 -1 -4.38226e-6 0 -1 -2.63894e-7 0 -1 0 0 -1 1.11813e-6 0 -1 -7.52549e-7 0 -1 4.59685e-6 0 -1 -3.79454e-7 0 -1 5.01271e-7 0 -1 3.20393e-7 0 -1 -3.79e-6 0 -1 -6.27257e-7 2.34359e-7 -0.609994 -0.7924062 0.8660255 7.02986e-7 -0.5000001 0.6862446 -0.609993 -0.3962031 0.8660256 2.31326e-6 0.4999997 0.6862449 -0.6099925 0.3962036 3.29838e-7 -0.6099941 0.792406 -0.8660255 0 0.5 -0.6862429 -0.6099954 0.3962025 -0.6862441 -0.6099936 -0.3962031 -0.8660253 3.86569e-6 -0.5000001 7.37796e-7 0.7924056 -0.6099947 0.8660255 0.5 -7.45334e-7 0.6862439 0.3962017 -0.6099947 0.8660256 -0.4999997 -4.69082e-7 0.6862435 -0.3962029 -0.6099944 6.87374e-7 -0.7924053 -0.6099951 -0.8660254 -0.5000001 -4.69079e-7 -0.686244 -0.3962025 -0.6099941 -0.6862429 0.3962042 -0.6099942 -0.8660249 0.5000011 0 6.33637e-7 0.7924057 -0.6099946 0.8660256 0.4999998 -7.4533e-7 0.6862444 0.3962019 -0.6099941 0.8660247 -0.5000015 1.98009e-6 0.6862438 -0.3962044 -0.6099932 -4.93097e-7 -0.7924052 -0.6099951 -0.8660255 -0.5 -4.69083e-7 -0.6862435 -0.3962031 -0.6099943 -0.6862441 0.396202 -0.6099943 -0.8660255 0.4999998 0 -2.43039e-7 0.7924048 -0.6099957 0.8660255 0.5000001 -1.21442e-6 0.6862441 0.3962022 -0.6099944 0.8660259 -0.4999991 -4.69081e-7 0.686244 -0.3962021 -0.6099943 -2.69079e-7 -0.7924054 -0.609995 -0.8660261 -0.4999988 -1.54141e-6 -0.686244 -0.3962019 -0.6099946 -0.6862429 0.3962026 -0.6099953 2.73849e-7 1 -2.19429e-6 -7.29116e-7 0.7924055 -0.6099948 0.8660253 0.5000002 -7.45335e-7 0.6862435 0.3962035 -0.6099941 0.8660266 -0.499998 -1.40725e-6 0.6862434 -0.3962009 -0.6099959 -5.88576e-7 -0.792404 -0.6099967 -0.8660258 -0.4999994 -1.40724e-6 -0.6862437 -0.3962032 -0.6099941 -0.6862441 0.3962021 -0.6099942 -0.866026 0.4999991 0 0 0.9980947 0.06170207 -0.003009378 0.1484576 -0.9889142 -0.0350151 0.9977268 0.05757713 0.001492023 0.1345285 -0.9909086 -0.00166428 0.1928223 -0.9812324 -0.001402735 0.1758878 -0.9844093 -0.4371247 0.8920044 0.1151095 -0.2409176 0.06261438 -0.9685238 -0.9335448 0.2123772 0.2887734 -0.3080059 -0.01860171 -0.9512026 -0.5814682 -0.07366186 -0.8102276 -0.3628094 -4.95623e-4 -0.9318633 -0.9100241 -0.02220821 0.4139601 -0.3290089 -0.004647195 -0.9443154 -0.9022111 -0.05793642 0.4273858 -0.9508213 2.41628e-4 0.3097399 -0.3458716 6.35499e-4 -0.9382817 -0.6738209 0.00227499 -0.7388913 -0.3310296 6.35603e-7 -0.9436205 -0.3410336 4.45941e-7 -0.9400511 -0.3390815 0.004408478 -0.9407467 -0.3219032 0.007131755 -0.9467458 -0.3399477 0.01303505 -0.940354 -0.3298184 0.00302267 -0.9440396 -0.2949445 0.008014917 -0.9554809 -0.2506418 0.04349946 -0.9671022 0.03946471 0.1023134 -0.9939691 0.008247494 0.1699662 -0.9854155 0.03808331 0.1322123 -0.9904896 -0.06162643 0.1091025 -0.9921184 0.048361 0.138666 -0.9891577 -0.1192605 0.08938246 -0.9888315 0.06261903 0.122705 -0.9904658 -0.05555373 0.1149174 -0.9918205 0.05564802 0.116414 -0.9916406 0 0.1902249 -0.9817406 0 0.1806405 -0.9835493 -0.003000855 0.1947945 -0.9808396 -0.004803478 0.2139009 -0.9768437 -0.008699715 0.1663302 -0.9860318 0.01061731 0.2126225 -0.9770767 0 0.1170345 -0.993128 -9.89071e-4 0.1189561 -0.992899 -0.004201948 0.2068737 -0.9783587 3.73203e-4 0.1317926 -0.9912773 0.008833289 0.1329187 -0.9910876 0.03973197 0.1675853 -0.9850567 -0.003216505 0.05130618 -0.9986779 -0.1718521 0.05981588 -0.9833052 0 0.02321386 -0.9997305 -1.09016e-4 0.02362585 -0.9997209 -8.92456e-4 0.125457 -0.9920987 0.004790425 0.02914845 -0.9995636 0.003786027 0.0317111 -0.9994899 0.0298509 0.08246231 -0.996147 -0.03975945 -0.006925821 -0.9991854 -0.2154533 0.0245772 -0.9762048 0 -0.001612544 -0.9999988 6.73268e-5 -0.001569032 -0.9999988 0.002063214 0.02531194 -0.9996775 0.007731318 0.002300143 -0.9999675 0.003090739 0.006077527 -0.9999768 0.01583963 0.01231688 -0.9997987 -0.06941992 -0.01179432 -0.9975178 -0.2405233 -0.008078932 -0.9706097 0 0 -1 0.005229532 0 -0.9999864 0.004368007 -8.56385e-4 -0.9999901 0.009293794 0 -0.9999569 0.006148576 0 -0.9999811 0.002243459 0.02102774 -0.9997764 -0.09264898 0 -0.9956989 -0.2514859 2.5994e-7 -0.9678609 0 0.1450802 -0.9894199 0.300013 0.9451156 0.1294172 0.329994 0.9406812 0.07888519 0.09668529 0.9929133 0.06910276 -0.005313336 0.1174052 -0.9930699 0.01102632 0.1126493 -0.9935737 0.011882 0.9983587 0.05602502 0.02641165 0.997648 0.06325417 -0.4966473 0.4536129 0.7399843 0 0 1 0 0 1 -0.9029181 -0.01510125 0.4295475 -0.9157567 -1.69948e-5 0.4017334 -0.1704952 0.6311144 0.7567207 -0.0123853 0.6818118 0.7314229 -0.06235831 0.6614209 0.7474182 -0.003116548 0.6828352 0.7305658 0.2815551 0.9576281 0.06062513 -6.34991e-4 0.6855292 0.7280449 -0.02127826 0.6521201 0.757817 8.97673e-5 0.679174 0.7339774 -2.02191e-4 0.6816673 0.7316622 -0.6419208 0.1892242 0.7430558 1.79714e-4 0.6820276 0.7313265 -0.001613736 0.6809642 0.732315 -0.5820195 0.326034 0.7449532 -0.8638255 1.22644e-6 0.5037912 -0.5318467 0.214659 0.8191829 -0.4609713 0.3725223 0.8054395 -0.1564637 0.6353116 0.7562395 -0.4310181 0.7363142 0.5215985 0.003048717 0.6391118 0.7691079 1.38326e-7 0.6791483 0.7340012 -0.001614093 -0.6809644 0.7323149 -0.008765816 -0.6360267 0.7716174 -0.03510487 -0.6318147 0.7743242 -0.002476215 0.6355865 0.7720258 -9.98078e-4 0.6369976 0.7708652 -0.008765578 0.6360262 0.7716177 0.01894456 0.6644468 0.7470955 -0.05165636 0.617146 0.7851513 0.08476424 0.690839 0.7180227 -0.359591 0.5109762 0.7807674 -0.0177046 0.714392 0.6995218 -0.006905794 0 -0.9999762 0.001402616 -0.1758877 0.9844093 0.005313634 -0.1174056 0.9930698 0.008699774 -0.1663305 0.9860318 -0.01148462 -0.1123289 0.9936047 0.004201889 -0.2068737 0.9783587 0.004803359 -0.213901 0.9768436 8.92447e-4 -0.1254568 0.9920988 -3.73207e-4 -0.1317924 0.9912773 -0.002063512 -0.025312 0.9996775 -0.004790306 -0.02914839 0.9995636 -0.004379868 8.63162e-4 0.9999901 -0.009264826 0 0.9999571 -0.005221843 0 0.9999864 -0.0394079 -0.1023056 0.9939721 -0.06261914 -0.1227053 0.9904657 -0.03973215 -0.1675853 0.9850567 -0.03808319 -0.1322125 0.9904896 -0.04836118 -0.1386662 0.9891577 -0.02985107 -0.08246231 0.9961471 0.003216445 -0.05130612 0.9986779 -0.01583963 -0.01231694 0.9997987 0.03975951 0.006925821 0.9991853 -0.002306759 -0.0219841 0.9997557 0.06944113 0.01151728 0.9975197 0.006775915 0 0.9999771 0.240918 -0.06261432 0.9685236 0.3080073 0.01859575 0.9512023 0.2506415 -0.04349982 0.9671022 0.1192606 -0.08938288 0.9888315 0.06162637 -0.1091021 0.9921185 0.003113031 -0.1484511 0.9889149 -0.001491963 -0.1345282 0.9909088 -0.05564796 -0.1164132 0.9916407 -0.03510481 0.6318144 0.7743243 0.05555391 -0.1149176 0.9918205 0 -0.1807155 0.9835355 0 -0.1450804 0.9894199 0.3390925 -0.004292488 0.9407433 0.2517223 -3.18345e-7 0.9677995 0.2404819 0.008092224 0.9706199 0.09258484 0 0.9957048 -0.006073534 0 0.9999816 -0.003101587 -0.006192505 0.999976 -0.007731199 -0.002354145 0.9999674 -6.66215e-5 0.001569271 0.9999988 0 0 1 0 0 1 0 0.001612246 0.9999987 0.3399479 -0.01303523 0.9403539 0.215454 -0.02457696 0.9762047 -0.003785967 -0.03171116 0.99949 1.09458e-4 -0.02362579 0.9997209 0 -0.02321493 0.9997306 0.3298186 -0.003022611 0.9440395 0.1718521 -0.05981653 0.9833052 -0.008833229 -0.1329185 0.9910876 9.90715e-4 -0.1189559 0.9928991 0 -0.1170394 0.9931274 0.2949443 -0.008014917 0.9554808 -0.01061719 -0.2126224 0.9770768 0.003008127 -0.1947932 0.9808397 0 -0.1902335 0.9817389 -0.008247613 -0.1699663 0.9854153 0.001679241 -0.1928261 0.9812316 0.3628109 4.9344e-4 0.9318627 0.3290107 0.004645705 0.9443148 0.321902 -0.007131457 0.9467461 0.3458602 -5.78062e-4 0.938286 0.3410386 -2.3583e-7 0.9400493 0.3310747 -3.93475e-7 0.9436046 -0.5805124 6.73411e-7 0.8142515 2.22687e-7 0.634449 0.7729648 0.003009438 0.1484576 -0.9889143 0.0350157 0.9977269 0.05757641 -0.001491963 0.1345284 -0.9909087 0.00166434 0.1928225 -0.9812323 0.4371606 0.8920854 0.1143427 0.2409179 0.06261372 -0.9685237 0.05555409 0.1149167 -0.9918206 0.9435309 0.1962818 0.2668763 0.3080067 -0.01859891 -0.9512025 0.5815804 -0.0736649 -0.8101467 0.3628105 -4.93589e-4 -0.9318629 0.9025897 0.06583333 0.4254383 0.3290079 -0.0046494 -0.9443158 0.9508231 2.35463e-4 0.3097344 0.9021718 -0.05794483 0.4274677 0.3458706 6.35549e-4 -0.9382821 0.3219012 0.007131159 -0.9467465 0.3310317 -2.30276e-7 -0.9436197 0.9002505 0.003039002 0.4353619 0.9140139 -9.99339e-7 0.405683 0.341034 -3.79313e-7 -0.940051 0.3390817 0.004408299 -0.9407466 0.3399478 0.01303595 -0.9403539 0.3298184 0.003023445 -0.9440397 0.2949444 0.008015096 -0.9554808 0.2506418 0.04349893 -0.9671022 -0.008247613 0.1699662 -0.9854155 -0.03946453 0.1023132 -0.9939692 -0.03808331 0.1322125 -0.9904896 -0.048361 0.138666 -0.9891577 0.06162643 0.1091026 -0.9921184 0.1192604 0.0893827 -0.9888315 -0.06261903 0.1227049 -0.9904658 0.001402735 0.1758879 -0.9844093 0.003000855 0.1947945 -0.9808396 0.004803419 0.2139008 -0.9768436 0.008699595 0.1663302 -0.9860318 -0.01061737 0.2126224 -0.9770768 0.004201948 0.2068738 -0.9783586 9.89041e-4 0.1189561 -0.9928991 -3.73205e-4 0.1317926 -0.9912773 -0.03973209 0.1675853 -0.9850566 -0.008833289 0.1329187 -0.9910876 0.003216385 0.05130618 -0.9986779 0.1718522 0.05981606 -0.9833052 8.92473e-4 0.125457 -0.9920987 1.08978e-4 0.02362585 -0.9997209 -0.004790365 0.02914845 -0.9995636 -0.02985095 0.08246243 -0.996147 -0.003786027 0.03171104 -0.9994899 0.03975927 -0.006925761 -0.9991853 0.2154535 0.0245769 -0.9762048 -0.002063214 0.02531194 -0.9996775 -6.7335e-5 -0.001569032 -0.9999988 -0.007731378 0.002300143 -0.9999675 -0.01583969 0.01231694 -0.9997987 -0.003090798 0.006077527 -0.9999768 0.06942003 -0.0117945 -0.9975178 0.2405232 -0.008079409 -0.9706098 -0.005229532 0 -0.9999864 0 0 -1 -0.009293794 0 -0.9999569 -0.002243459 0.02102768 -0.9997764 -0.006148636 0 -0.9999811 0.09264892 0 -0.9956989 0.2514858 -5.12212e-7 -0.967861 -0.05564796 0.1164137 -0.9916406 -0.3000373 0.9451909 0.1288092 -0.329995 0.9406811 0.07888233 -0.09668636 0.9929133 0.06910258 0.005313277 0.1174052 -0.9930699 -0.01188284 0.9983586 0.05602723 -0.02641546 0.9977626 0.0614174 0.496647 0.4536134 0.7399843 0.3368404 0.5754303 0.7452641 0.6795401 -9.40797e-7 0.7336384 0.1770772 0.6556515 0.7340059 0.9238368 0.1921353 0.3310735 0.01238536 0.6818118 0.7314229 0.08039736 0.8527569 0.5160834 -0.2815322 0.9575531 0.06190156 0.00311613 0.6827825 0.730615 6.35205e-4 0.6855294 0.7280446 0.02127963 0.6521584 0.7577841 -8.97612e-5 0.6792491 0.7339078 2.02051e-4 0.6816674 0.7316622 0.6471782 0.1908685 0.738058 -1.7979e-4 0.6820545 0.7313013 0.001613855 0.6809641 0.7323151 0.5820124 0.3260296 0.7449606 0.5318497 0.2146572 0.8191815 0.5805107 -6.71892e-7 0.8142527 0.4609745 0.3725237 0.805437 0.1564642 0.6353135 0.7562381 0.3595933 0.5109767 0.780766 -0.003048777 0.6391111 0.7691084 0.008765578 -0.6360267 0.7716173 6.34973e-4 -0.6855296 0.7280445 0.001613736 -0.6809639 0.7323152 0.002476096 0.6355867 0.7720256 9.98114e-4 0.6369979 0.770865 0.008765757 0.6360261 0.7716179 -0.0189442 0.6644466 0.7470956 0.05165642 0.6171461 0.7851513 -0.08476454 0.6908391 0.7180225 0.1720695 0.6370325 0.7513865 0.01770734 0.7143957 0.6995179 0.006905734 0 -0.9999762 -0.004368007 -8.56385e-4 -0.9999901 -0.01102644 0.1126494 -0.9935737 -0.001402616 -0.1758879 0.9844093 -0.005313634 -0.1174055 0.9930698 0.001491963 -0.1345281 0.9909087 -0.008699834 -0.1663305 0.9860318 0.01148444 -0.1123291 0.9936047 -0.004201948 -0.2068738 0.9783587 -8.9248e-4 -0.1254568 0.9920987 -0.004803359 -0.2139009 0.9768436 0.002063393 -0.025312 0.9996775 3.73174e-4 -0.1317923 0.9912773 0.004379868 8.63156e-4 0.9999901 0.004790306 -0.02914839 0.9995636 0.009264826 0 0.9999572 0.00773108 -0.002354145 0.9999674 0.03940808 -0.1023055 0.9939721 0.03973209 -0.1675852 0.9850567 0.06261914 -0.1227054 0.9904657 0.03808319 -0.1322124 0.9904897 0.02985101 -0.08246231 0.996147 0.04836112 -0.1386662 0.9891577 0.01583963 -0.01231694 0.9997987 -0.003216385 -0.05130618 0.9986779 0.002306818 -0.0219841 0.9997557 -0.03975939 0.006925821 0.9991854 -0.006775856 0 0.9999771 -0.06944113 0.0115171 0.9975197 -0.2409181 -0.06261372 0.9685236 -0.2506417 -0.04349869 0.9671022 -0.3080061 0.0186004 0.9512026 -0.1192606 -0.08938276 0.9888315 -0.06162637 -0.1091024 0.9921184 -0.00311309 -0.1484512 0.9889149 0.03510475 0.6318144 0.7743244 0.05564796 -0.1164133 0.9916407 -0.05555373 -0.1149178 0.9918205 -0.2517223 2.43263e-7 0.9677995 -0.3390926 -0.004292547 0.9407432 -0.2404819 0.008092224 0.9706199 -0.09258472 0 0.9957048 0.006073594 0 0.9999817 0.003101587 -0.006192505 0.9999761 6.65804e-5 0.001569271 0.9999988 0.005221843 0 0.9999864 -0.3399479 -0.01303553 0.940354 -0.2154535 -0.0245766 0.9762048 0.003785967 -0.03171116 0.9994899 -1.09518e-4 -0.02362579 0.9997209 -0.3298186 -0.003023028 0.9440396 -0.1718522 -0.059816 0.9833052 0.008833169 -0.1329186 0.9910876 -9.90742e-4 -0.1189558 0.9928991 -0.2949445 -0.008015275 0.9554809 0.01061731 -0.2126225 0.9770768 -0.003008127 -0.1947933 0.9808398 0.008247673 -0.1699664 0.9854154 -0.001679241 -0.1928263 0.9812315 -0.36281 4.94485e-4 0.931863 -0.329009 0.004646956 0.9443154 -0.3218995 -0.007130324 0.9467471 -0.3410386 3.82185e-7 0.9400493 -0.3458592 -5.77506e-4 0.9382863 -0.3310759 3.46936e-7 0.9436042 -0.003009378 -0.1484578 -0.9889142 -4.86079e-7 -0.9981838 0.06024277 -0.03501659 -0.9977269 0.05757433 0.001491963 -0.1345283 -0.9909087 -0.0016644 -0.1928225 -0.9812323 -0.4371625 -0.8920843 0.1143449 -0.240917 -0.06261497 -0.9685238 -0.05555421 -0.1149171 -0.9918205 -0.9435312 -0.196282 0.2668753 -0.308005 0.0186029 -0.9512029 -0.9364351 -0.008584439 0.3507359 -0.3628107 4.93212e-4 -0.9318628 -0.7124881 -0.05196845 -0.6997572 -0.3290084 0.004648149 -0.9443157 -0.9508227 -2.3381e-4 0.3097357 -0.9024407 0.0579524 0.4268985 -0.3458715 -6.356e-4 -0.9382817 -0.3218999 -0.007130682 -0.9467469 -0.9002513 -0.00303924 0.43536 -0.9319572 0.001477003 0.3625654 -0.3390817 -0.004408597 -0.9407467 -0.3399478 -0.01303547 -0.940354 -0.3298183 -0.003023028 -0.9440397 -0.2949447 -0.008014917 -0.9554808 -0.250642 -0.0435006 -0.9671021 0.008247494 -0.1699663 -0.9854154 0.03946453 -0.1023131 -0.9939692 0.03808337 -0.1322124 -0.9904897 0.04836112 -0.1386661 -0.9891577 -0.06162601 -0.1091027 -0.9921184 -0.1192606 -0.08938241 -0.9888315 0.06261914 -0.1227048 -0.9904658 0 -0.1902247 -0.9817407 0 -0.1806403 -0.9835493 -0.001402676 -0.1758878 -0.9844092 -0.003000915 -0.1947943 -0.9808396 -0.004803359 -0.2139009 -0.9768435 -0.008699715 -0.1663303 -0.9860318 0.01061737 -0.2126224 -0.9770768 0 -0.1170345 -0.993128 -0.004202187 -0.2068739 -0.9783586 -9.88974e-4 -0.118956 -0.992899 3.73211e-4 -0.1317924 -0.9912773 0.03973209 -0.1675853 -0.9850567 0.008833348 -0.1329187 -0.9910876 -0.003216505 -0.05130606 -0.9986779 -0.1718522 -0.05981546 -0.9833052 0 -0.02321386 -0.9997305 -8.92568e-4 -0.1254568 -0.9920987 -1.08958e-4 -0.02362585 -0.9997209 0.004790365 -0.02914845 -0.9995637 0.02985095 -0.08246231 -0.9961471 0.003786027 -0.03171104 -0.99949 -0.03975927 0.00692588 -0.9991854 -0.2154532 -0.02457708 -0.9762049 0 0.001612544 -0.9999988 0.002063155 -0.02531194 -0.9996775 6.73387e-5 0.001569092 -0.9999988 0.007731378 -0.002300143 -0.9999675 0.01583969 -0.01231688 -0.9997987 0.003090739 -0.006077527 -0.9999768 -0.06941998 0.01179432 -0.9975178 -0.2405233 0.008078992 -0.9706098 0 0 -1 0.002243459 -0.02102768 -0.9997764 0.0556479 -0.1164143 -0.9916407 0 -0.1450804 -0.9894199 0.2999926 -0.9450606 0.1298649 0.3299951 -0.9406809 0.07888478 0.09668415 -0.9929136 0.06909996 -0.005313456 -0.1174049 -0.99307 0.01188337 -0.9983586 0.05602771 0.02641409 -0.9976478 0.06325548 -0.4966474 -0.4536133 0.739984 -0.3453516 -0.5900036 0.7298138 -0.8984251 -0.00749737 0.439063 -0.1799274 -0.665954 0.7239693 -0.9238368 -0.1921355 0.3310733 -0.01238524 -0.6818113 0.7314233 -0.08039718 -0.8527559 0.5160852 0.2815583 -0.957627 0.06062513 -0.003116548 -0.6828349 0.7305662 -6.3512e-4 -0.6855297 0.7280445 -0.02127736 -0.6520917 0.7578415 8.98746e-5 -0.6791741 0.7339773 -2.01905e-4 -0.6816675 0.7316622 -0.6471769 -0.1908692 0.7380589 1.79541e-4 -0.6820548 0.7313011 -0.582075 -0.3260652 0.7448961 -0.531847 -0.2146586 0.8191828 -0.460972 -0.3725232 0.8054385 -0.1564644 -0.6353132 0.7562381 -0.3595913 -0.5109779 0.7807661 -1.49386e-7 -0.679148 0.7340015 0.003048598 -0.6391126 0.7691072 -0.002476096 -0.6355867 0.7720255 -9.97975e-4 -0.6369986 0.7708643 0.01894485 -0.6644465 0.7470957 -0.0516563 -0.6171451 0.785152 0.0847637 -0.6908384 0.7180233 -0.172728 -0.639474 0.7491583 -0.01770472 -0.7143923 0.6995215 -0.3350263 -0.572339 0.7484554 0.004368007 8.56388e-4 -0.9999901 0.01102626 -0.1126489 -0.9935737 0.001402676 0.1758881 0.9844093 0.005313515 0.1174046 0.99307 -0.001491963 0.1345281 0.9909088 0.008699893 0.1663305 0.9860318 -0.01148456 0.1123288 0.9936047 0.004202008 0.2068738 0.9783587 8.92602e-4 0.1254569 0.9920987 0.004803538 0.2139011 0.9768436 -0.002063333 0.02531188 0.9996775 -3.73189e-4 0.1317924 0.9912773 -0.004379749 -8.63232e-4 0.9999901 -0.004790425 0.02914839 0.9995637 -0.007731199 0.002354145 0.9999674 -0.03940796 0.1023048 0.9939722 -0.03973209 0.1675853 0.9850567 -0.06261909 0.1227052 0.9904657 -0.03808313 0.1322124 0.9904896 -0.02985101 0.08246231 0.996147 -0.048361 0.138666 0.9891577 -0.01583963 0.01231682 0.9997987 0.003216385 0.05130606 0.9986779 -0.002306759 0.0219841 0.9997557 0.03975915 -0.006925821 0.9991854 0.06944113 -0.01151716 0.9975197 0.2409177 0.06261408 0.9685238 0.2506416 0.04349911 0.9671023 0.3080075 -0.01859688 0.9512022 0.1192606 0.089383 0.9888314 0.06162631 0.1091027 0.9921184 0.003112971 0.1484503 0.988915 -0.05564796 0.1164135 0.9916407 0.05555403 0.1149178 0.9918205 0 0.1807157 0.9835354 0 0.1450805 0.9894199 0.3390925 0.004292845 0.9407433 0.240482 -0.008092343 0.9706199 -0.003101527 0.006192505 0.999976 -6.66211e-5 -0.001569271 0.9999988 0 -0.001612246 0.9999988 0.3399478 0.01303553 0.940354 0.2154535 0.0245769 0.9762049 -0.003786027 0.03171104 0.99949 1.0942e-4 0.02362579 0.9997209 0 0.02321487 0.9997306 0.3298184 0.003022909 0.9440396 0.1718522 0.05981636 0.9833051 -0.008833229 0.1329186 0.9910876 9.90715e-4 0.1189559 0.9928991 0 0.1170391 0.9931274 0.2949444 0.008014261 0.9554809 -0.01061743 0.2126225 0.9770768 0.003008127 0.1947931 0.9808398 0 0.1902335 0.9817389 -0.008247733 0.1699665 0.9854154 0.001679241 0.1928267 0.9812315 0.3628095 -4.94204e-4 0.9318633 0.329011 -0.004646956 0.9443147 0.3218997 0.007130265 0.946747 0.3458611 5.77869e-4 0.9382856 -1.77267e-7 -0.6344483 0.7729653 0.003009378 -0.1484577 -0.9889142 0.0350151 -0.9977269 0.05757641 -0.001491904 -0.1345285 -0.9909086 0.0016644 -0.192822 -0.9812324 0.001402616 -0.1758878 -0.9844093 0.4370954 -0.8919464 0.1156691 0.2409177 -0.06261342 -0.9685238 0.4683816 -0.1065509 -0.8770779 0.3080065 0.01859802 -0.9512025 0.967112 -0.007607877 0.2542374 0.3628111 4.93859e-4 -0.9318627 0.9025902 -0.06583333 0.4254375 0.3290067 0.004649519 -0.9443162 0.9024397 0.05796217 0.4268994 0.9508221 -2.37092e-4 0.3097375 0.3458694 -6.35391e-4 -0.9382825 0.9002521 -0.003039181 0.4353587 0.3390818 -0.004408419 -0.9407467 0.3219002 -0.00713104 -0.9467468 0.3399478 -0.01303583 -0.940354 0.3298184 -0.00302273 -0.9440396 0.2949445 -0.0080145 -0.9554808 0.2506418 -0.04349923 -0.9671022 -0.03946459 -0.1023131 -0.9939692 -0.008247494 -0.1699663 -0.9854154 -0.03808337 -0.1322122 -0.9904896 0.06162625 -0.1091025 -0.9921184 -0.04836112 -0.1386662 -0.9891577 0.1192607 -0.08938258 -0.9888315 -0.0626192 -0.1227051 -0.9904657 0.05555403 -0.1149168 -0.9918205 -0.05564796 -0.1164141 -0.9916406 0.003000855 -0.1947941 -0.9808396 0.004803419 -0.2139009 -0.9768436 0.008699715 -0.1663302 -0.9860318 -0.01061725 -0.2126223 -0.9770768 9.88996e-4 -0.1189563 -0.992899 0.004202127 -0.2068737 -0.9783587 -3.73172e-4 -0.1317924 -0.9912773 -0.008833289 -0.1329187 -0.9910876 -0.03973215 -0.1675854 -0.9850566 0.003216564 -0.05130606 -0.9986779 0.1718522 -0.05981624 -0.9833052 1.08986e-4 -0.02362585 -0.9997209 8.92555e-4 -0.1254568 -0.9920987 -0.004790365 -0.02914845 -0.9995637 -0.003786027 -0.0317111 -0.9994899 -0.02985101 -0.08246231 -0.996147 0.03975933 0.006925821 -0.9991854 0.2154535 -0.02457737 -0.9762049 -6.73288e-5 0.001569092 -0.9999988 -0.002063214 -0.02531188 -0.9996775 -0.007731318 -0.002300143 -0.9999675 -0.003090739 -0.006077527 -0.9999768 -0.01583963 -0.01231688 -0.9997987 0.06942003 0.01179462 -0.9975178 0.2405231 0.008079051 -0.9706098 -0.004368007 8.56384e-4 -0.9999901 -0.002243459 -0.02102768 -0.9997764 -0.3000351 -0.9451922 0.1288043 -0.329995 -0.9406807 0.07888782 -0.09668463 -0.9929136 0.06910097 0.005313396 -0.1174051 -0.9930699 -0.0110262 -0.1126487 -0.9935737 -0.01188349 -0.9983586 0.05602753 -0.0264157 -0.9977626 0.06141722 0.4966472 -0.4536133 0.7399842 0.3368402 -0.5754303 0.7452642 0.9226255 -0.007802367 0.3856181 0.01238548 -0.6818122 0.7314225 0.06156647 -0.6530675 0.7547931 0.003116011 -0.6827819 0.7306157 -0.2815355 -0.9575523 0.0618993 0.02127927 -0.6521586 0.757784 -8.99125e-5 -0.6792493 0.7339076 2.02198e-4 -0.6816672 0.7316623 0.6471775 -0.1908684 0.7380587 -1.79534e-4 -0.6820921 0.7312663 0.5820759 -0.3260651 0.7448955 0.5318465 -0.2146577 0.8191834 0.460975 -0.3725222 0.8054375 0.1564638 -0.6353133 0.7562381 -0.003048479 -0.6391125 0.7691073 0.002476274 -0.6355864 0.7720258 9.97914e-4 -0.6369986 0.7708643 -0.01894515 -0.6644467 0.7470955 0.05165672 -0.6171462 0.7851512 0.2227945 -0.8247153 0.5198146 -0.084764 -0.690838 0.7180237 0.3595935 -0.5109769 0.7807659 0.01770657 -0.7143948 0.6995189 -0.001402676 0.1758879 0.9844092 -0.005313634 0.1174046 0.99307 -0.008699893 0.1663307 0.9860317 0.01148456 0.1123287 0.9936048 -0.004201948 0.2068735 0.9783587 -0.004803597 0.213901 0.9768436 -8.92423e-4 0.1254567 0.9920987 3.7311e-4 0.1317922 0.9912773 0.002063333 0.02531188 0.9996775 0.004790246 0.02914834 0.9995637 0.004379749 -8.63227e-4 0.9999901 0.03940796 0.1023046 0.9939722 0.0626192 0.1227053 0.9904657 0.03973209 0.1675856 0.9850566 0.03808313 0.1322125 0.9904896 0.04836112 0.1386662 0.9891577 0.02985107 0.08246237 0.996147 -0.003216445 0.05130618 0.9986779 0.01583963 0.01231682 0.9997987 -0.03975921 -0.006925821 0.9991854 0.002306759 0.0219841 0.9997557 -0.06944096 -0.01151716 0.9975197 -0.2409177 0.06261438 0.9685238 -0.3080071 -0.01859855 0.9512023 -0.2506415 0.04349935 0.9671022 -0.1192607 0.08938312 0.9888314 -0.06162619 0.1091027 0.9921184 -0.003112971 0.1484504 0.988915 0.001491963 0.1345284 0.9909087 0.05564802 0.1164132 0.9916407 0.03510457 -0.6318145 0.7743244 -0.05555409 0.1149178 0.9918203 -0.3390926 0.00429213 0.9407432 -0.240482 -0.008091926 0.9706199 0.003101587 0.006192505 0.999976 0.007731139 0.002354145 0.9999674 6.66354e-5 -0.001569271 0.9999988 -0.339948 0.01303517 0.9403539 -0.2154534 0.02457708 0.9762048 0.003786027 0.03171104 0.99949 -1.09405e-4 0.02362579 0.9997209 -0.3298185 0.00302273 0.9440396 -0.1718522 0.05981642 0.9833051 0.008833289 0.1329185 0.9910876 -9.90696e-4 0.1189559 0.9928991 -0.2949446 0.008014321 0.9554808 0.01061731 0.2126226 0.9770767 -0.003008127 0.1947931 0.9808399 0.008247673 0.1699665 0.9854154 -0.001679301 0.1928263 0.9812315 -0.36281 -4.94629e-4 0.931863 -0.329009 -0.004647016 0.9443154 -0.3218986 0.007130801 0.9467473 -0.3458611 5.77251e-4 0.9382855 0.3797369 0.1238835 0.9167621 -2.52384e-7 -0.1238764 0.9922977 0.3797354 -0.1238747 0.9167639 -0.7016604 0.1238771 0.7016604 -0.9167637 -0.123879 0.3797348 -0.7016597 -0.1238766 0.7016611 -0.9922994 0.1238632 0 -0.9922985 -0.12387 -3.61873e-7 -0.9167635 -0.1238797 -0.3797348 -0.9167632 0.1238795 -0.3797357 -0.7016598 -0.1238785 -0.7016606 -0.3797342 0.1238716 -0.9167649 -0.3797343 -0.1238706 -0.916765 -1.83102e-7 -0.1238794 -0.9922973 0.3797358 0.1238783 -0.9167633 0.3797351 -0.1238749 -0.9167641 0.70166 0.123869 -0.7016621 0.7016623 -0.1238761 -0.7016586 0.9167631 0.1238758 -0.3797373 0.9167634 -0.1238762 -0.3797364 0.9922965 -0.1238857 0 0.9922965 0.1238858 0 0.9167634 -0.1238759 0.3797364 0.916763 0.123876 0.3797374 0.7016621 -0.1238765 0.7016587 0.70166 0.1238696 0.7016621 -0.3797342 0.1238715 0.9167649 -0.3797345 -0.123872 0.9167647 -0.05453759 0.9985118 0 -0.03856664 0.9985114 0.03856879 0.03856563 0.9985117 -0.03856337 -3.48891e-7 -0.444232 0.8959119 -0.255156 -0.7452771 0.6160013 0 -0.7452753 0.6667569 -0.1633964 -0.9042618 0.394477 3.52487e-7 -0.9042621 0.4269779 -0.08082467 -0.977441 0.1951327 -1.65107e-7 -0.9774404 0.2112115 0 -0.9985114 0.05454289 -4.77513e-7 0.444226 0.8959149 -0.3428537 0.4442264 0.8277164 -0.2551577 0.7452732 0.6160053 0 0.7452717 0.666761 -0.1633976 0.904261 0.3944786 0 0.9042629 0.4269762 -0.08082664 0.9774407 0.1951329 0 0.9985116 0.05454123 -0.02087253 0.9985116 0.05038911 -0.342853 -0.4442311 0.8277142 -0.4714722 -0.74527 0.471473 -0.301921 -0.9042615 0.3019186 -0.1493469 -0.9774417 0.1493434 -0.03856772 -0.9985116 0.03856581 -0.02087271 -0.9985115 0.05039185 -0.6335081 0.444225 0.6335074 -0.4714731 0.7452684 0.4714746 -0.3019189 0.9042621 0.3019194 -0.1493476 0.9774405 0.1493497 -0.6335058 -0.444229 0.633507 -0.6160076 -0.7452707 0.2551594 -0.394479 -0.9042605 0.1633993 -0.05039167 -0.9985114 0.02087175 -0.9167633 0.1238791 0.3797357 -0.8277139 0.4442334 0.3428504 -0.6160044 0.7452741 0.2551574 -0.3944815 0.9042595 0.1633989 -0.1951354 0.97744 0.08082836 -0.05038505 0.9985117 0.02087205 -0.8277155 -0.444232 0.3428484 -0.6667621 -0.7452706 0 -0.4269781 -0.904262 0 -0.1951326 -0.9774407 0.0808264 -0.2112054 -0.9774417 0 -0.8959223 0.4442109 0 -0.6667622 0.7452706 0 -0.426983 0.9042597 -3.4283e-7 -0.2112149 0.9774397 -4.39089e-7 -0.827713 -0.4442372 -0.3428478 -0.8959172 -0.4442211 -4.50019e-7 -0.3944777 -0.9042612 -0.1633985 -0.1951329 -0.9774408 -0.08082658 -0.05039185 -0.9985114 -0.02087187 -0.05453985 -0.9985117 0 -0.8277135 0.4442347 -0.3428499 -0.6160061 0.7452726 -0.2551574 -0.394484 0.9042583 -0.1633998 -0.1951348 0.9774401 -0.08082872 -0.05038523 0.9985117 -0.02087163 -0.6335065 -0.4442293 -0.6335061 -0.6160017 -0.7452763 -0.2551573 -0.3019201 -0.9042623 -0.3019174 -0.149347 -0.9774416 -0.1493436 -0.6335074 0.444226 -0.6335074 -0.7016608 0.1238738 -0.7016605 -0.4714723 0.7452691 -0.4714742 -0.3019215 0.9042602 -0.3019219 -0.1493478 0.9774405 -0.14935 -0.03856694 0.9985114 -0.03856927 -0.3428529 -0.4442279 -0.8277159 -0.4714738 -0.7452693 -0.4714723 -0.255156 -0.7452759 -0.6160026 -0.1633954 -0.9042628 -0.3944754 -0.08082455 -0.977441 -0.1951323 -0.03856694 -0.9985116 -0.03856521 -0.3428549 0.4442214 -0.8277186 -0.2551591 0.7452709 -0.6160075 -0.1633966 0.9042625 -0.3944755 -0.08082675 0.9774408 -0.1951323 -0.02087241 0.9985116 -0.05038899 -2.68936e-7 -0.4442296 -0.8959131 0 -0.7452708 -0.6667619 -3.21101e-7 -0.9042619 -0.4269783 -9.61996e-7 -0.9985116 -0.05454236 -0.02087259 -0.9985115 -0.05039167 -2.12368e-7 0.4442277 -0.895914 -3.61255e-7 0.1238775 -0.9922976 0 0.7452706 -0.6667622 0 0.9042627 -0.4269769 6.99909e-7 0.9774411 -0.2112086 5.5196e-7 0.9985116 -0.0545414 0.2551535 -0.7452743 -0.6160057 0.08082556 -0.9774411 -0.1951313 -1.82455e-6 -0.9774404 -0.2112115 0.3428515 0.4442305 -0.8277151 0.2551577 0.7452718 -0.6160069 0.1633971 0.9042627 -0.3944746 0.08082729 0.977441 -0.1951313 0.02087324 0.9985114 -0.0503925 0.3428497 -0.444232 -0.8277149 0.4714728 -0.7452715 -0.4714697 0.1633996 -0.9042592 -0.394482 0.1493486 -0.9774406 -0.1493485 0.02086943 -0.9985118 -0.05038535 0.6335111 0.4442177 -0.6335096 0.471473 0.7452687 -0.4714742 0.3019192 0.9042612 -0.3019214 0.149346 0.9774412 -0.1493472 0.6335096 -0.444226 -0.6335052 0.8277194 -0.444221 -0.3428533 0.3944795 -0.9042605 -0.1633988 0.3019194 -0.9042622 -0.3019182 0.1951307 -0.977441 -0.08082824 0.03856456 -0.9985117 -0.03856539 0.8277197 0.4442208 -0.3428528 0.6160127 0.7452663 -0.2551599 0.3944757 0.9042625 -0.1633966 0.1951304 0.9774413 -0.08082568 0.05038827 0.9985117 -0.02087157 0.8959093 -0.4442372 2.83157e-7 0.616014 -0.7452651 -0.2551603 0.666759 -0.7452734 -3.9568e-7 0.2112146 -0.9774398 1.94718e-7 0.05453878 -0.9985117 0 0.05038779 -0.9985117 -0.02087211 0.8959105 0.4442349 0 0.6667628 0.74527 3.39155e-7 0.4269779 0.9042622 5.86674e-7 0.2112056 0.9774417 0 0.05453902 0.9985117 -1.50832e-7 0.6160122 -0.7452667 0.2551598 0.394477 -0.9042617 0.1633981 0.4269835 -0.9042595 -9.10188e-7 0.1951323 -0.9774407 0.08082872 0.8277198 0.4442204 0.342853 0.6160132 0.7452661 0.2551591 0.3944766 0.9042622 0.163396 0.1951306 0.9774413 0.08082616 0.05038756 0.9985117 0.02087128 0.6335092 -0.4442264 0.6335054 0.8277195 -0.4442206 0.3428534 0.4714728 -0.7452716 0.4714697 0.3019195 -0.9042622 0.3019182 0.03856456 -0.9985117 0.03856539 0.05038779 -0.9985116 0.02087211 0.6335108 0.444218 0.6335097 0.471473 0.7452685 0.4714744 0.3019171 0.9042625 0.3019195 0.1493446 0.9774414 0.1493469 0.03856819 0.9985114 0.03856754 0.3428505 -0.4442316 0.8277148 0.1633969 -0.9042612 0.3944784 0.1493484 -0.9774406 0.1493488 0.0208714 -0.9985115 0.05039262 0.3428496 0.4442328 0.8277146 0.2551598 0.7452694 0.6160089 0.163398 0.9042614 0.3944776 0.08082777 0.9774408 0.1951316 0.02087283 0.9985115 0.05039018 0.2551538 -0.7452743 0.6160055 0.08082354 -0.9774411 0.1951321 -7.11994e-7 0.123876 0.9922977 0 0.9774404 0.211212 -0.6571418 -0.7537671 2.00215e-7 -0.6894034 -0.6657171 0.2855588 -0.6071195 -0.7537676 0.2514768 0 -1 0 0 -0.7537673 -0.6571415 0 -1 -2.06634e-7 0 -1 -9.40642e-7 0.2514773 -0.7537677 -0.607119 -8.94475e-7 -1 -1.00009e-6 0.4646692 -0.753766 -0.4646712 -1.09658e-6 -1 0 0.607119 -0.7537679 -0.2514767 0.607119 -0.7537678 0.2514769 0.6571416 -0.7537672 0 -8.94486e-7 -1 1.0001e-6 0.4646689 -0.753766 0.4646717 0 -1 9.40631e-7 0.2514778 -0.7537676 0.607119 0 -1 0 3.17801e-7 -0.7537674 0.6571415 -1.37971e-6 -1 6.82254e-7 0 -1 2.06633e-7 -2.49015e-6 -1 3.30903e-7 -0.2514781 -0.7537668 0.6071197 -0.4646732 -0.753765 0.464669 0 -1 4.41025e-7 0 -1 -4.41028e-7 0 -1 0 -2.49017e-6 -1 -3.30911e-7 -0.6071194 -0.7537676 -0.251477 -0.2514785 -0.753767 -0.6071195 -0.4646732 -0.753765 -0.4646689 -1.3797e-6 -1 -6.82256e-7 0 -1 1.08088e-6 -1.78572e-6 -1 -7.82769e-7 0 -1 -1.08087e-6 0.7462036 -0.6657178 0 -0.7462042 -0.6657171 4.11393e-7 0.6894031 -0.6657173 0.2855589 -0.6894043 -0.6657159 -0.2855595 0.5276452 -0.6657195 0.5276441 3.1035e-7 -0.665719 -0.7462025 -0.5276451 -0.665719 -0.5276447 0.2855601 -0.6657187 0.6894013 -0.2855598 -0.6657179 -0.6894022 0 -0.665719 0.7462026 0.5276464 -0.6657181 -0.5276445 0.2855605 -0.6657193 -0.6894006 -0.2855595 -0.6657178 0.6894023 0.6894025 -0.6657178 -0.2855592 -0.5276451 -0.6657189 0.5276449 7.89268e-7 -1 -2.82872e-6 0 -1 -4.61197e-7 1.5412e-6 -1 -1.18611e-6 2.17957e-6 -1 0 2.01366e-6 -1 -6.33929e-7 8.1642e-7 -1 6.37625e-7 2.01365e-6 -1 4.03325e-7 0 -1 3.79456e-7 0 -1 1.21308e-7 -2.17959e-6 -1 2.13599e-7 -1.78571e-6 -1 5.69177e-7 0 -1 -1.21293e-7 8.24595e-7 -0.6099944 0.7924058 -0.8660249 2.92949e-6 0.500001 -0.6862437 -0.6099936 0.3962038 -0.866025 2.18668e-7 -0.5000007 -0.6862428 -0.6099947 -0.3962036 7.11755e-7 -0.6099948 -0.7924056 0.8660256 -1.93992e-6 -0.4999997 0.6862433 -0.6099947 -0.3962027 0.6862428 -0.6099957 0.3962022 0.8660256 -2.50034e-6 0.4999998 3.49699e-7 1 0 0.2683951 0.7230483 -0.6365259 2.22276e-7 0.7071067 -0.7071068 -0.710139 0.3256584 -0.6242189 -0.7071068 0 -0.7071068 0.7101405 -0.3256538 -0.6242196 0.7071068 0 -0.7071068 -1.76448e-7 -1 0 -0.2683918 -0.7230504 -0.6365249 0 -0.7071068 -0.7071068 0.3479938 0.9374969 0 0.710141 0.3256558 -0.6242181 0.2683959 -0.7230495 -0.6365243 0.9089812 -0.416837 0 0.3479984 -0.9374952 0 -0.7101393 -0.3256579 -0.624219 -0.3479973 -0.9374957 0 -0.9089807 -0.4168382 0 -0.2683911 0.7230504 -0.6365253 -0.9089785 0.416843 0 -0.3479923 0.9374975 0 0 0 -1 0 0 -1 0 0 -1 0 0 -1 0 0 -1 0 0.7071065 -0.7071071 0 0 -1 -4.82344e-7 -0.7071067 -0.707107 0.2328073 -0.707107 -0.667683 -3.23913e-4 -0.7893797 -0.6139053 0.8910123 0.2499104 -0.3790013 0.7071068 0 -0.7071067 1 -7.63393e-7 0 0.8910119 -0.249912 -0.379001 -1 -1.41473e-6 0 -0.8844709 -0.2340844 -0.4036281 -0.7071071 -1.00036e-6 -0.7071066 -1 6.06218e-7 0 -0.8844706 0.234086 -0.4036282 -3.23162e-4 0.7893798 -0.6139052 0.2328088 0.7071068 -0.6676826 -0.3500315 0.5780435 -0.7371186 -0.3500337 -0.5780434 -0.7371175 0.3818262 0.5736492 -0.7246623 2.43347e-7 0.7071067 -0.7071068 -0.2335105 0.7071067 -0.6674376 0.3818249 -0.5736487 -0.7246633 0 -0.7071068 -0.7071068 0 0 -1 0 0 -1 0 0 -1 0 0 -1 -0.2360251 0.1296358 -0.9630611 0.5070249 -1.69845e-6 -0.8619315 0.5424496 0.1098734 -0.8328724 0.5869695 -1.43985e-6 0.8096091 0.465357 -1.04415e-6 0.8851231 0.4653566 -1.26867e-6 0.8851233 0.972889 -1.51285e-6 -0.2312729 0.9789845 0.01469469 -0.2034044 0.3216 -6.81477e-7 0.9468757 0.3216002 -5.93503e-7 0.9468756 0.3143103 0 0.9493203 0.3143102 0 0.9493204 -0.9892171 5.43638e-7 -0.1464569 -0.9930425 2.37912e-7 -0.1177567 -0.9892175 -8.07956e-7 -0.146454 0.9174337 -1.65148e-6 0.3978888 0.924223 0.008421063 0.3817607 -0.9889048 -6.20583e-7 -0.1485514 -0.9889045 -7.00434e-7 -0.1485527 -0.9925344 1.0068e-6 -0.1219654 -0.9925347 2.49791e-6 -0.1219626 0.4346524 0.1121003 -0.8935943 0.440144 -1.78784e-6 -0.8979274 0.9103683 -3.1057e-6 0.4137989 0.7983017 -2.68606e-6 0.6022578 0.7983014 -2.79506e-6 0.6022582 -0.2512274 3.81454e-7 -0.9679282 0.5869696 -1.42218e-6 0.809609 -0.04816991 0.9907576 0.1268038 0.6047795 0.7474448 0.2748965 0.4836741 0.704567 0.5192734 -0.2566475 0.8940857 0.3670736 0.2765372 0.626466 0.7287438 -1.61065e-6 0 -1 -0.500001 0 -0.8660249 -0.4999974 9.66245e-7 -0.8660269 -0.866026 1.06422e-6 -0.4999991 -0.9994018 0.02634322 -0.02240616 -1 7.89973e-7 0 -0.8660258 6.96817e-7 0.4999992 -0.4987189 0.1066156 0.8601818 -0.4999974 5.74018e-7 0.8660269 -2.17044e-6 0 1 0.5004451 0.111388 0.8585729 0.5000001 -5.27281e-7 0.8660254 0.8660252 -7.46205e-7 0.5000005 0.8721323 0.002364397 -0.4892646 0.9996422 0.02099186 -0.01657986 0.9745705 0.006761491 -0.2239795 0.8660252 -7.72091e-7 -0.5000005 0.4998807 -5.39549e-4 -0.8660941 0.5000004 -6.2997e-7 -0.8660253 -0.8992708 -0.00742793 -0.4373291 -0.8660266 0 -0.4999979 -0.5000008 6.20456e-7 -0.8660251 2.30736e-4 -3.32904e-4 -1 0.00317347 5.19325e-4 -0.9999949 0.5002388 -3.81862e-7 -0.8658876 0.5031621 5.73917e-4 -0.864192 0.8824126 -0.00219953 -0.4704713 0.8888458 0.07357418 0.4522611 0.9999998 -6.92924e-4 -3.5356e-7 0.37653 0.6397851 -0.6700003 -0.09138327 0.8230758 -0.5605313 0.9733414 -1.70692e-6 -0.2293614 -0.6456316 0.665505 0.374517 -0.9717965 0.17969 0.1527194 -0.9715974 0.2366397 -1.81428e-4 -0.8579782 0.5039665 -0.09945499 -0.1885476 0.9804454 0.05636203 -0.3458429 0.538484 0.768393 -0.2983567 0.8509377 0.432306 -0.0493822 0.991975 0.116392 -0.1049214 0.6323613 0.7675356 0.1191391 0.7323263 0.6704507 0.436605 0.5181148 0.7354817 0.2930294 0.6991838 0.6521318 -0.9873265 0.09807085 0.1247742 -0.8672645 0.08799421 0.4900097 0.8147866 0.2783545 0.5085683 0.3599832 0.3613981 0.8601183 -0.4003465 0.3492192 0.8472123 -0.002678573 0.1126323 0.9936332 -0.7277872 0.2885943 0.6221247 -0.06613022 0.3654833 0.9284659 -0.9850097 0.002830922 -0.1724761 -0.9866874 0.007578313 -0.1624519 0.7757248 0.6221931 -0.1054836 0.9922785 0.1230736 0.01537549 0.6135334 0.5994489 0.5140406 -0.9930422 -3.00785e-6 -0.1177591 -0.6903393 0.4205217 0.5887217 -0.9930428 1.02773e-6 -0.1177548 -0.979224 1.10871e-6 -0.2027817 0.8667672 -1.1323e-6 -0.4987131 0 0 -1 -0.5000003 4.85858e-7 -0.8660253 -0.8733299 1.00545e-6 -0.4871293 0.2504126 0.6486074 0.7187503 0.7620195 0.5729463 0.3017596 -0.6724488 0.731328 -0.1138955 0.2758889 0.6204827 0.734089 0 1 0 0 1 1.22066e-7 -0.2360252 -0.1296362 -0.963061 0.5424503 -0.1098719 -0.8328721 0.465357 0 0.8851232 0.5869694 1.53433e-7 0.8096091 0.9789842 -0.0146948 -0.2034065 0.3216002 0 0.9468756 0.3143103 0 0.9493204 -0.9892176 -1.26049e-6 -0.1464537 -0.9930428 -3.94981e-7 -0.1177551 0.9242231 -0.008422076 0.3817604 -0.9889045 4.55682e-7 -0.1485527 -0.9925342 0 -0.1219666 0.4346514 -0.1121011 -0.8935948 0.9103683 4.84746e-7 0.413799 0.7983015 4.68773e-6 0.602258 0.6047788 -0.7474455 0.274896 -0.04816973 -0.9907577 0.1268031 0.4836757 -0.7045648 0.5192749 -0.2566494 -0.8940851 0.3670737 0.2765358 -0.6264665 0.728744 -9.03533e-7 2.38062e-7 -1 -0.5000001 3.10072e-7 -0.8660254 2.31898e-4 3.33081e-4 -1 -0.5000002 7.22709e-7 -0.8660253 -0.8660282 4.4998e-7 -0.4999952 -0.8660268 1.32789e-6 -0.4999977 -0.9994019 -0.02634155 -0.02240592 -0.8660266 1.34166e-6 0.4999979 -1 1.88903e-6 0 -0.5000003 3.84284e-7 0.8660253 -0.8672664 -0.08799284 0.4900064 -7.7586e-7 0 1 -0.4987176 -0.1066161 0.8601825 0.5004453 -0.1113881 0.8585728 -0.002677917 -0.1126327 0.9936331 0.8660256 -1.94698e-7 0.4999998 0.4999979 -5.66707e-7 0.8660266 0.9996422 -0.0209918 -0.01657927 0.8721353 -0.002363264 -0.4892591 0.9745711 -0.006761074 -0.2239769 0.4999997 0 -0.8660256 0.8824127 0.002199292 -0.4704713 0.8660267 0 -0.4999977 0.4998807 5.397e-4 -0.8660941 -0.8992711 0.00742793 -0.4373288 -0.9850097 -0.002830386 -0.1724759 -0.5000001 -4.07648e-7 -0.8660254 0.003174483 -5.19158e-4 -0.9999948 0.503162 -5.73658e-4 -0.864192 0.9999998 6.92506e-4 -3.04454e-7 0.8888461 -0.07357287 0.4522608 0.3765296 -0.6397864 -0.6699992 -0.09138381 -0.8230773 -0.560529 -0.6456352 -0.6655006 0.3745187 -0.9717956 -0.1796926 0.1527218 -0.6903389 -0.4205207 0.5887228 -0.8579787 -0.5039653 -0.09945672 -0.1885486 -0.9804454 0.05635982 -0.3458431 -0.5384833 0.7683935 -0.2983575 -0.8509373 0.4323061 -0.04938161 -0.9919751 0.1163912 -0.1049233 -0.6323608 0.7675356 0.1191491 -0.7323229 0.6704526 0.436605 -0.5181149 0.7354815 0.2930356 -0.699181 0.652132 0.6135334 -0.5994482 0.5140416 -0.9873272 -0.09806984 0.124769 -0.7277907 -0.2885925 0.6221215 0.8147839 -0.2783567 0.5085716 0.3599855 -0.3613973 0.8601178 -0.4003449 -0.3492189 0.8472132 -0.06613129 -0.3654831 0.9284659 -0.9866874 -0.007578611 -0.1624522 0.775726 -0.6221916 -0.1054836 0.9922782 -0.1230757 0.01537716 0.2504125 -0.648606 0.7187517 0.7620199 -0.5729458 0.3017597 -0.6724496 -0.7313268 -0.1138978 -0.9715982 -0.2366369 -1.76459e-4 0.2758883 -0.6204823 0.7340894 0 -1 0 0.2296689 -0.6211203 0.7493076 -0.5794056 -0.504199 -0.6403692 -0.1177259 -0.5008067 0.8575158 -0.7967408 -0.192988 -0.5726777 -0.3312606 -0.1908931 0.9240272 -0.7967402 0.1929872 -0.5726788 -0.3312584 0.1908952 0.9240276 -0.1177257 0.500805 0.8575168 -0.5794088 0.5041973 -0.6403675 0.2296677 0.6211236 0.7493053 -0.229667 0.621123 -0.7493059 0.5794127 0.5041971 0.6403642 0.1177282 0.5008043 -0.8575169 0.796742 0.192981 0.5726785 0.3312649 0.1908918 -0.924026 0.7967407 -0.1929841 0.5726793 -0.6192381 0.6191132 -0.4829524 -0.1893228 0.765264 -0.6152461 0.117727 -0.5008068 -0.8575157 0.5794122 -0.5041977 0.6403642 -0.229668 -0.6211224 -0.7493062 -0.3536115 -0.7111569 0.6076306 -0.6192371 -0.6191147 -0.4829519 -0.9089933 -0.3090174 0.2797136 -0.8849427 -0.2364778 -0.401192 -0.1893242 -0.7652642 -0.6152456 -0.8849414 0.2364816 -0.4011923 0.2405923 -0.6191107 -0.747541 0.5062961 -0.2364796 -0.829302 0.3312618 -0.1908943 -0.9240266 0.5062966 0.2364776 -0.8293022 0.2405934 0.619109 -0.747542 0.9089938 -0.3090158 -0.2797131 0.5617902 -0.8090156 -0.1728746 -6.43359e-7 1 -1.94504e-7 0.5617915 0.8090137 -0.1728788 -0.9089925 0.3090208 0.2797122 -2.17445e-6 -1 8.22901e-7 0.9089941 0.3090144 -0.2797142 -0.5617842 0.8090201 0.1728733 -0.5617837 -0.8090199 0.1728755 -0.6588211 0.2716385 0.7015464 -0.7865205 -0.1880404 -0.5882402 -0.6588192 -0.2716374 0.7015486 0.6340488 -0.7111613 0.3036968 0.9392569 -0.2716396 0.2097818 0.9392575 0.2716367 0.2097832 0.6340509 0.7111578 0.3037008 0.1402223 0.8790364 0.4556674 -0.3536123 0.7111535 0.6076341 0.1402219 -0.879036 0.4556685 -0.5752443 -0.4922936 -0.6532542 -0.7865207 0.188041 -0.5882396 0.3197339 0.188041 -0.9286608 0.1084603 -0.4922915 -0.8636466 0.1084687 0.4922952 -0.8636435 -0.233392 -0.6085112 -0.7584475 0.3197344 -0.1880398 -0.9286608 -0.2333911 0.6085109 -0.7584478 -0.5752432 0.4922968 -0.6532529 3.43953e-6 1 -2.57965e-6 0.475023 0.3962026 -0.7857333 -0.1804885 0.7924064 -0.5826799 0.8272463 -0.5000005 -0.2562487 0.8272463 0.4999979 -0.2562531 1.64309e-6 -1 -1.309e-6 0.4750244 -0.3962026 -0.7857324 -0.8360053 -0.3962017 -0.3796308 -0.1804926 -0.7924049 -0.582681 -0.8360033 0.3962056 -0.379631 -0.8272472 0.5000026 0.2562415 -0.8272491 -0.4999991 0.256242 0.3797355 0.1238774 -0.9167636 -2.17743e-7 -0.123875 -0.9922978 -7.17561e-7 0.1238741 -0.992298 -0.7016603 0.1238878 -0.7016584 -0.9167631 -0.1238761 -0.3797373 -0.916763 0.1238757 -0.3797375 -0.9922998 -0.1238594 0 -0.9922989 0.1238667 -1.28357e-7 -0.9167622 -0.1238835 0.379737 -0.9167624 0.1238861 0.3797354 -0.7016602 0.1238816 0.7016597 -0.7016608 -0.1238778 0.7016598 -0.3797364 0.1238765 0.9167633 -0.3797359 -0.1238722 0.9167641 -2.2764e-7 0.1238775 0.9922976 -8.46227e-7 -0.1238744 0.992298 0.3797338 0.1238778 0.9167642 0.3797373 -0.1238811 0.9167624 0.7016602 0.1238799 0.7016601 0.701659 -0.1238723 0.7016625 0.916763 0.1238815 0.3797354 0.9167636 -0.1238802 0.3797346 0.9922993 0.1238635 6.65597e-7 0.9922993 -0.1238637 -1.80627e-7 0.9167628 0.1238797 -0.3797368 0.7016593 -0.1238738 -0.7016621 0.7016593 0.1238774 -0.7016614 0.3797348 -0.1238767 -0.916764 -0.379737 0.1238757 -0.9167631 -0.7016599 -0.1238846 -0.7016595 0.03856468 -0.9985117 0.03856515 -0.03856706 -0.9985116 0.03856533 -0.03856676 -0.9985116 -0.03856503 -0.3797355 -0.1238731 -0.9167641 -9.50603e-7 0.4442293 -0.8959131 -0.255156 0.7452726 -0.6160066 0 0.7452756 -0.6667566 5.2873e-7 0.9042612 -0.42698 -0.08082616 0.9774407 -0.1951329 1.68696e-7 0.9774403 -0.2112123 4.50416e-7 0.9985117 -0.0545392 0 -0.4442312 -0.8959123 -0.3428545 -0.4442279 -0.8277152 -0.2551552 -0.7452772 -0.6160014 -4.71867e-7 -0.7452751 -0.6667571 -0.163397 -0.9042622 -0.394476 -8.04895e-7 -0.9774402 -0.2112121 -0.08082824 -0.9774398 -0.1951363 -5.54665e-7 -0.9985116 -0.05454123 -0.02087253 -0.9985116 -0.05038869 -0.6335012 0.4442386 -0.6335048 -0.3428533 0.4442285 -0.8277153 -0.3019176 0.904263 -0.3019179 -0.1633982 0.9042608 -0.3944788 -0.1493495 0.9774401 -0.1493511 -0.02087092 0.9985117 -0.05038774 -0.6335038 -0.4442362 -0.6335039 -0.4714726 -0.745271 -0.4714707 -0.3019215 -0.9042612 -0.3019192 -0.1493498 -0.9774405 -0.1493476 -0.8277165 0.4442259 -0.342854 -0.4714683 0.745275 -0.4714689 -0.3944779 0.9042614 -0.1633977 -0.1951371 0.9774397 -0.08082836 -0.03856438 0.9985117 -0.03856539 -0.827715 -0.4442315 -0.3428505 -0.6160044 -0.7452744 -0.255156 -0.394478 -0.9042612 -0.1633981 -0.1951352 -0.9774402 -0.08082705 -0.05039024 -0.9985116 -0.02087354 -0.8959153 0.4442251 0 -0.6160067 0.745272 -0.2551575 -0.6667519 0.7452798 0 -0.2112109 0.9774405 0 -0.05453979 0.9985117 0 -0.05038756 0.9985117 -0.02087104 -0.8959174 -0.4442209 0 -0.6667515 -0.7452802 0 -0.4269794 -0.9042615 0 -0.2112109 -0.9774406 0 -0.05454152 -0.9985115 0 -0.8277117 0.4442358 0.3428528 -0.6160045 0.7452729 0.25516 -0.394479 0.9042607 0.1633983 -0.4269775 0.9042623 0 -0.1951368 0.9774398 0.08082824 -0.8277121 -0.444238 0.3428491 -0.6160036 -0.7452753 0.2551554 -0.3944773 -0.9042616 0.1633976 -0.1951358 -0.9774401 0.08082741 -0.0503903 -0.9985116 0.02087306 -0.4714717 0.745272 0.47147 -0.1493507 0.9774398 0.1493523 -0.05038708 0.9985117 0.02087086 -0.6335058 -0.4442313 0.6335054 -0.471471 -0.7452726 0.4714699 -0.3019199 -0.9042619 0.3019185 -0.1493481 -0.9774411 0.1493452 -0.6335057 0.4442266 0.6335088 -0.255158 0.7452704 0.6160085 -0.3019163 0.9042636 0.3019173 -0.08082646 0.9774405 0.1951339 -0.02087104 0.9985116 0.05038923 -0.03856474 0.9985117 0.03856545 -0.3428554 -0.444225 0.8277164 -0.2551586 -0.745272 0.6160063 -0.1634005 -0.9042608 0.3944779 -0.08082693 -0.9774405 0.1951335 -0.02087241 -0.9985116 0.05038964 -3.52367e-7 0.4442291 0.8959133 -0.3428534 0.4442279 0.8277156 3.52336e-7 0.9042612 0.4269798 -0.163399 0.90426 0.3944802 6.07829e-7 0.9985117 0.05453932 -2.32594e-7 -0.4442307 0.8959125 -1.99068e-7 -0.7452726 0.6667599 -8.01548e-7 -0.9042611 0.4269803 -5.32409e-7 -0.9774419 0.2112047 -5.47803e-7 -0.9985116 0.05454134 0.3428511 0.4442262 0.8277175 0 0.7452727 0.6667599 0.2551602 0.7452689 0.6160095 0.08082771 0.9774401 0.1951352 2.6441e-7 0.9774402 0.211212 0.3428496 -0.4442334 0.8277143 0.2551577 -0.7452695 0.6160098 0.1633979 -0.9042608 0.3944791 0.08082419 -0.9774416 0.1951292 0.02087086 -0.9985116 0.05039072 0.4714688 0.7452734 0.4714708 0.3019185 0.9042622 0.3019193 0.1633993 0.9042601 0.3944798 0.03856617 0.9985116 0.03856474 0.02087169 0.9985115 0.05038988 0.6335058 -0.4442273 0.6335082 0.4714691 -0.7452759 0.4714667 0.3019211 -0.9042618 0.3019179 0.1493494 -0.9774404 0.1493488 0.8277159 0.4442288 0.3428516 0.6335061 0.4442304 0.6335056 0.3944748 0.9042626 0.163398 0.149352 0.97744 0.1493487 0.0503897 0.9985116 0.02087187 0.8277148 -0.4442306 0.3428517 0.6160053 -0.7452729 0.2551586 0.3944761 -0.904262 0.1633982 0.195134 -0.9774404 0.08082759 0.05038839 -0.9985117 0.02087086 0.6667531 0.7452787 8.42969e-7 0.6160079 0.745271 0.2551577 0.426979 0.9042617 5.29787e-7 0.1951373 0.9774398 0.08082807 0.2112116 0.9774404 -2.1087e-7 0.8959166 -0.4442224 0 0.6667524 -0.7452794 2.72798e-7 0.4269778 -0.9042621 0 0.2112103 -0.9774407 1.90232e-7 0.05454063 -0.9985116 2.80879e-7 0.8277149 0.4442296 -0.3428533 0.8959165 0.4442225 1.02646e-6 0.6160051 0.7452735 -0.2551575 0.1951375 0.9774397 -0.08082807 0.05038958 0.9985116 -0.02087193 0.05454134 0.9985116 1.28266e-7 0.8277133 -0.4442341 -0.3428511 0.9167631 -0.1238836 -0.3797344 0.6160063 -0.7452719 -0.2551593 0.3944777 -0.9042612 -0.1633992 0.1951343 -0.9774403 -0.08082771 0.05038851 -0.9985116 -0.02087116 0.471467 0.7452772 -0.4714668 0.3944748 0.9042627 -0.1633979 0.1493519 0.97744 -0.1493485 0.6335058 -0.4442286 -0.6335072 0.4714682 -0.7452758 -0.4714676 0.3019199 -0.9042615 -0.3019199 0.1493486 -0.9774404 -0.1493493 0.03856468 -0.9985117 -0.03856515 0.3428515 0.4442282 -0.8277163 0.6335051 0.4442327 -0.6335051 0.2551583 0.7452708 -0.616008 0.3019187 0.904262 -0.3019194 0.08082801 0.9774399 -0.1951359 0.03856599 0.9985117 -0.0385645 0.34285 -0.4442296 -0.8277161 0.2551563 -0.7452733 -0.6160057 0.1633974 -0.904261 -0.3944786 0.0808261 -0.9774404 -0.195135 0.0208708 -0.9985115 -0.05039054 0.1633995 0.9042601 -0.3944799 0.02087187 0.9985115 -0.05039006 -1.16128e-6 -0.9042608 -0.4269809 -0.6571394 0.753769 1.55722e-7 -0.6893998 0.6657202 -0.28556 -0.6071204 0.7537661 -0.2514788 6.89859e-7 1 -1.47236e-6 1.14078e-6 0.7537676 0.6571412 7.85385e-7 1 0 1.24509e-6 1 5.73353e-7 0.2514778 0.7537686 0.6071175 0.6071206 0.7537673 0.2514747 0.4646719 0.7537661 0.4646686 5.48283e-7 1 0 1.84511e-7 1 -1.16318e-6 0.6071194 0.7537683 -0.2514745 0.6571413 0.7537675 1.70692e-7 1.22273e-6 1 -7.79987e-7 1.8451e-7 1 1.16318e-6 0.2514778 0.7537686 -0.6071177 0.4646714 0.7537663 -0.4646686 1.00031e-6 1 9.02701e-7 1.36337e-6 0.7537675 -0.6571412 7.85387e-7 1 0 -0.2514767 0.7537679 -0.607119 0 1 2.70019e-7 6.30853e-7 1 -1.40364e-7 -0.4646705 0.7537682 -0.4646663 4.47243e-7 1 -3.49127e-7 5.06549e-7 1 -6.67416e-7 5.48288e-7 1 1.19339e-7 -0.4646711 0.7537679 0.4646664 -0.6071206 0.7537665 0.251477 2.08975e-7 1 2.06635e-7 -0.2514762 0.7537679 0.6071194 6.30855e-7 1 1.40364e-7 2.64712e-7 1 1.58384e-7 9.23454e-7 1 6.5907e-7 1.29051e-6 1 0 0.6894006 0.6657209 -0.2855567 0.7462015 0.6657202 2.09305e-7 -0.7462041 0.6657173 1.80437e-7 -0.5276471 0.665719 0.5276429 -0.6893994 0.6657209 0.2855596 0.5276471 0.6657187 -0.527643 0.2855606 0.6657185 0.6894012 1.40379e-6 0.6657196 0.7462021 0.2855603 0.6657186 -0.6894013 -0.2855588 0.6657189 0.6894016 1.5734e-6 0.6657196 -0.746202 -0.2855594 0.6657189 -0.6894013 0.6894018 0.6657196 0.2855569 0.5276474 0.6657188 0.5276426 -0.5276463 0.665719 -0.5276435 1.19655e-6 1 5.05785e-7 1.4118e-6 1 -9.19369e-6 0 1 4.21705e-6 0 1 0 0 1 -4.21705e-6 0 1 -1.26686e-7 6.17657e-7 1 1.46334e-6 1.4118e-6 1 9.19373e-6 9.25259e-7 1 -2.06727e-6 1.08979e-6 1 0 4.0821e-7 1 -9.27937e-7 1.00684e-6 1 -8.06649e-7 3.0883e-7 1 -1.89074e-6 2.08319e-7 0.6099945 -0.7924058 -0.8660249 3.38377e-6 -0.5000011 -0.6862432 0.6099945 -0.3962032 -0.866025 -8.34949e-7 0.5000009 -0.6862447 0.6099922 0.3962044 -2.03167e-7 0.6099948 0.7924054 3.28617e-7 1.34125e-6 1 0.6862428 0.6099954 0.3962027 0.8660255 4.76799e-7 0.4999998 0.6862443 0.6099931 -0.3962037 8.32497e-7 0 -1 -6.57236e-7 -1 0 -0.6862437 -0.3962035 -0.6099938 -1.68391e-6 -0.7924053 -0.6099951 -0.8660258 0.4999994 0 -0.6862437 0.3961998 -0.6099962 -1.9717e-7 1 0 -1.28539e-7 0.7924054 -0.609995 0.6862426 0.3962042 -0.6099944 0.8660243 0.500002 0 0.6862428 -0.3962039 -0.6099945 0.8660251 -0.5000006 0 9.42038e-7 -1 0 -0.6862444 -0.3962019 -0.6099941 7.81197e-7 -0.7924057 -0.6099945 -0.8660253 0.5000004 -9.38161e-7 -0.6862431 0.3962046 -0.6099938 -1.35407e-6 0.7924051 -0.6099953 0.8660257 0.4999997 -9.38166e-7 0.6862435 0.3962031 -0.6099943 0.6862441 -0.3962018 -0.6099945 0.8660262 -0.4999988 0 0 -0.7924054 -0.6099949 -0.8660252 -0.5000005 -1.49067e-6 -0.6862438 -0.396201 -0.6099953 -0.8660261 0.4999991 -9.38164e-7 -0.6862437 0.3962023 -0.6099946 -5.55516e-7 0.7924047 -0.6099959 0.8660253 0.5000002 -9.38161e-7 0.6862431 0.3962038 -0.6099942 0.6862432 -0.3962034 -0.6099945 0.8660253 -0.5000001 0 1.20652e-6 -0.7924057 -0.6099945 -0.8660253 -0.5000001 -7.45334e-7 -0.6862437 -0.3962021 -0.6099947 -0.8660259 0.4999992 -1.17271e-6 -0.6862433 0.3962028 -0.6099948 0 0.7924045 -0.609996 0.8660258 0.4999994 -1.17271e-6 0.6862438 0.3962026 -0.6099944 0.6862441 -0.3962018 -0.6099945 0.866026 -0.499999 0 -0.233512 -0.7071074 -0.6674364 1.49217e-7 0.7071072 -0.7071064 -3.03695e-7 -0.7071072 -0.7071065 0.9089785 0.416843 0 -1 8.53743e-7 0 0 0.7071068 -0.7071068 0.2335104 0.7071065 -0.6674379 -1.84613e-7 -0.7071068 -0.7071068 0 0 -1 0.7101386 0.3256574 -0.6242199 -0.9089807 -0.416838 0 1 -2.73981e-6 0 1.31447e-7 0 1 4.16249e-7 0 -1 -0.9103665 0 0.4138029 4.60064e-7 0 -1 6.57236e-7 0 1 1.53355e-7 1 0 2.38796e-6 -1 -2.42882e-6 1.84026e-6 1 0 7.01052e-7 -1 -2.42884e-6 -1.97171e-7 -1 -2.42884e-6 -0.866026 0.4999992 -3.38337e-6 -7.44867e-7 1 0 5.03883e-7 -1 -7.28651e-6 -0.1732901 0.6413522 0.7474209 -0.6477751 0.1916882 0.7373216 0.06238234 -0.6614321 0.7474063 9.20129e-7 0 1 6.57236e-7 -2.81692e-6 -1 1 -3.12117e-7 0 0.9103683 -3.1057e-6 0.413799 0.8660252 -4.46921e-6 -0.5000004 -0.8660258 -0.4999994 0 -0.8660256 -0.4999998 0 -1.73073e-6 1 -4.85767e-6 7.44867e-7 -1 0 -3.50527e-7 1 -4.85767e-6 -6.79146e-7 1 -6.07209e-6</float_array>
          <technique_common>
            <accessor source="#Cylinder_001-mesh-normals-array" count="2477" stride="3">
              <param name="X" type="float"/>
              <param name="Y" type="float"/>
              <param name="Z" type="float"/>
            </accessor>
          </technique_common>
        </source>
        <source id="Cylinder_001-mesh-map-0">
          <float_array id="Cylinder_001-mesh-map-0-array" count="28104">0.7936805 0.07096153 0.8017747 0.08087158 0.790758 0.07895666 0.8038488 0.08874547 0.8009726 0.1009411 0.7947045 0.09518146 0.8009726 0.1009411 0.8108826 0.0928471 0.8089676 0.1038636 0.8108826 0.0928471 0.8174723 0.1035041 0.8089676 0.1038636 0.8150258 0.09259337 0.8251923 0.09991729 0.8174723 0.1035041 0.8251923 0.09991729 0.8215065 0.08766412 0.8309519 0.09364914 0.8309519 0.09364914 0.8228574 0.0837391 0.8338742 0.08565402 0.8228574 0.0837391 0.8335146 0.07714915 0.8338742 0.08565402 0.8335146 0.07714915 0.8207836 0.07586508 0.8299278 0.06942921 0.8299278 0.06942921 0.8176745 0.07311469 0.8236597 0.06366956 0.8176745 0.07311469 0.8156647 0.06074702 0.8236597 0.06366956 0.8156647 0.06074702 0.8096065 0.07201743 0.8071599 0.06110656 0.8096065 0.07201743 0.79944 0.06469345 0.8071599 0.06110656 0.8058759 0.07383751 0.7936805 0.07096153 0.79944 0.06469345 0.7911175 0.08746153 0.8038488 0.08874547 0.7947045 0.09518146 0.8167904 0.08819907 0.8113129 0.08963674 0.8064233 0.08677935 0.790758 0.07895666 0.8020285 0.08501476 0.7911175 0.08746153 0.7911175 0.08746153 0.7896302 0.07878428 0.790758 0.07895666 0.7896302 0.07878428 0.7886548 0.08806467 0.7882518 0.07857143 0.7886548 0.08806467 0.7864708 0.07828485 0.7882518 0.07857143 0.7864708 0.07828485 0.7846137 0.08900952 0.7841567 0.07789784 0.7846137 0.08900952 0.781209 0.07738828 0.7841567 0.07789784 0.8020285 0.08501476 0.802298 0.08093959 0.8025381 0.08487731 0.802298 0.08093959 0.8030948 0.08472853 0.8025381 0.08487731 0.8030948 0.08472853 0.8035152 0.08110159 0.8037246 0.08456122 0.8037246 0.08456122 0.8042302 0.08119851 0.8044223 0.08437711 0.8044223 0.08437711 0.8049851 0.08130162 0.8051592 0.08418345 0.7911175 0.08746153 0.7937851 0.09585702 0.7900096 0.08773386 0.7937851 0.09585702 0.7886548 0.08806467 0.7900096 0.08773386 0.7886548 0.08806467 0.7911979 0.09773796 0.7868996 0.08848154 0.7911979 0.09773796 0.7846137 0.08900952 0.7868996 0.08848154 0.7846137 0.08900952 0.7868433 0.1008246 0.7816952 0.08966684 0.8038488 0.08874547 0.8025381 0.08487731 0.8042669 0.08842349 0.8025381 0.08487731 0.8047242 0.08807301 0.8042669 0.08842349 0.8030948 0.08472853 0.8052421 0.08767741 0.8047242 0.08807301 0.8052421 0.08767741 0.8044223 0.08437711 0.8058163 0.08724033 0.8044223 0.08437711 0.8064233 0.08677935 0.8058163 0.08724033 0.7947045 0.09518146 0.8003817 0.101917 0.7937851 0.09585702 0.8003817 0.101917 0.7926599 0.09668111 0.7937851 0.09585702 0.7996576 0.103109 0.7911979 0.09773796 0.7926599 0.09668111 0.7911979 0.09773796 0.7974682 0.1066346 0.7892881 0.09910053 0.7974682 0.1066346 0.7868433 0.1008246 0.7892881 0.09910053 0.8038488 0.08874547 0.807221 0.09103846 0.8069579 0.09149593 0.807221 0.09103846 0.8047242 0.08807301 0.8075094 0.09053963 0.8047242 0.08807301 0.8078365 0.08997595 0.8075094 0.09053963 0.8078365 0.08997595 0.8058163 0.08724033 0.8081998 0.08935248 0.8081998 0.08935248 0.8064233 0.08677935 0.808584 0.08869445 0.8009726 0.1009411 0.8087953 0.1049914 0.8003817 0.101917 0.8003817 0.101917 0.8085823 0.1063697 0.7996576 0.103109 0.8085823 0.1063697 0.7987112 0.1046449 0.7996576 0.103109 0.7987112 0.1046449 0.8079087 0.1104648 0.7974682 0.1066346 0.7974682 0.1066346 0.8073992 0.1134126 0.7958692 0.109163 0.8069579 0.09149593 0.8109508 0.09232378 0.8108826 0.0928471 0.807221 0.09103846 0.8110263 0.09175258 0.8109508 0.09232378 0.8110263 0.09175258 0.8078365 0.08997595 0.8111129 0.09110665 0.8111129 0.09110665 0.8081998 0.08935248 0.8112098 0.09039175 0.8081998 0.08935248 0.8113129 0.08963674 0.8112098 0.09039175 0.8174723 0.1035041 0.8087953 0.1049914 0.8089676 0.1038636 0.8177448 0.104612 0.8085823 0.1063697 0.8087953 0.1049914 0.8085823 0.1063697 0.8184924 0.1077221 0.8082958 0.1081508 0.8184924 0.1077221 0.8079087 0.1104648 0.8082958 0.1081508 0.8190204 0.110008 0.8073992 0.1134126 0.8079087 0.1104648 0.8150258 0.09259337 0.8109508 0.09232378 0.8148884 0.09208381 0.8148884 0.09208381 0.8110263 0.09175258 0.8147395 0.09152722 0.8147395 0.09152722 0.8111129 0.09110665 0.8145724 0.09089738 0.8111129 0.09110665 0.8143883 0.09019976 0.8145724 0.09089738 0.8143883 0.09019976 0.8113129 0.08963674 0.8141947 0.08946281 0.8251923 0.09991729 0.8177448 0.104612 0.8174723 0.1035041 0.8177448 0.104612 0.8266919 0.1019617 0.8180755 0.1059669 0.8266919 0.1019617 0.8184924 0.1077221 0.8180755 0.1059669 0.8277488 0.1034238 0.8190204 0.110008 0.8184924 0.1077221 0.8291113 0.1053336 0.8196776 0.1129264 0.8190204 0.110008 0.8187564 0.09077328 0.8148884 0.09208381 0.8184344 0.09035515 0.8148884 0.09208381 0.8180839 0.08989787 0.8184344 0.09035515 0.8180839 0.08989787 0.8145724 0.09089738 0.8176883 0.0893799 0.8145724 0.09089738 0.8172513 0.08880585 0.8176883 0.0893799 0.8143883 0.09019976 0.8167904 0.08819907 0.8172513 0.08880585 0.8309519 0.09364914 0.8258678 0.1008365 0.8251923 0.09991729 0.8258678 0.1008365 0.8331198 0.09496414 0.8266919 0.1019617 0.8331198 0.09496414 0.8277488 0.1034238 0.8266919 0.1019617 0.8277488 0.1034238 0.8366454 0.09715348 0.8291113 0.1053336 0.8366454 0.09715348 0.8308355 0.1077784 0.8291113 0.1053336 0.8187564 0.09077328 0.821049 0.08740103 0.8215065 0.08766412 0.821049 0.08740103 0.8180839 0.08989787 0.8205502 0.08711266 0.8205502 0.08711266 0.8176883 0.0893799 0.8199866 0.08678555 0.8176883 0.0893799 0.8193631 0.08642244 0.8199866 0.08678555 0.8193631 0.08642244 0.8167904 0.08819907 0.818705 0.08603829 0.8309519 0.09364914 0.835002 0.08582639 0.8319278 0.09424 0.8319278 0.09424 0.8363804 0.0860393 0.8331198 0.09496414 0.8331198 0.09496414 0.8381615 0.08632588 0.8346557 0.09591048 0.8381615 0.08632588 0.8366454 0.09715348 0.8346557 0.09591048 0.8404754 0.08671283 0.8391738 0.09875231 0.8366454 0.09715348 0.8215065 0.08766412 0.8223341 0.08367109 0.8228574 0.0837391 0.8223341 0.08367109 0.8205502 0.08711266 0.8217629 0.08359563 0.8205502 0.08711266 0.8211169 0.08350908 0.8217629 0.08359563 0.8199866 0.08678555 0.8204019 0.08341217 0.8211169 0.08350908 0.8193631 0.08642244 0.8196468 0.08330905 0.8204019 0.08341217 0.8335146 0.07714915 0.835002 0.08582639 0.8338742 0.08565402 0.835002 0.08582639 0.8359774 0.07654601 0.8363804 0.0860393 0.8359774 0.07654601 0.8381615 0.08632588 0.8363804 0.0860393 0.8381615 0.08632588 0.8400186 0.07560116 0.8404754 0.08671283 0.8400186 0.07560116 0.8434233 0.08722239 0.8404754 0.08671283 0.8226037 0.0795958 0.8223341 0.08367109 0.8220941 0.07973331 0.8220941 0.07973331 0.8217629 0.08359563 0.8215374 0.07988214 0.8215374 0.07988214 0.8211169 0.08350908 0.8209077 0.08004933 0.8211169 0.08350908 0.8202099 0.08023345 0.8209077 0.08004933 0.8202099 0.08023345 0.8196468 0.08330905 0.8194729 0.08042705 0.8299278 0.06942921 0.8346225 0.07687681 0.8335146 0.07714915 0.8346225 0.07687681 0.8319724 0.06792956 0.8359774 0.07654601 0.8319724 0.06792956 0.8377327 0.07612913 0.8359774 0.07654601 0.8377327 0.07612913 0.8353443 0.06551015 0.8400186 0.07560116 0.8353443 0.06551015 0.8429371 0.0749439 0.8400186 0.07560116 0.8207836 0.07586508 0.8220941 0.07973331 0.8203655 0.07618707 0.8220941 0.07973331 0.8199081 0.07653754 0.8203655 0.07618707 0.8199081 0.07653754 0.8209077 0.08004933 0.8193901 0.07693314 0.8209077 0.08004933 0.8188159 0.0773701 0.8193901 0.07693314 0.8202099 0.08023345 0.8182091 0.07783108 0.8188159 0.0773701 0.8236597 0.06366956 0.8308472 0.06875365 0.8299278 0.06942921 0.8308472 0.06875365 0.8249747 0.06150168 0.8319724 0.06792956 0.8249747 0.06150168 0.8334344 0.06687271 0.8319724 0.06792956 0.8334344 0.06687271 0.8271642 0.05797606 0.8353443 0.06551015 0.8353443 0.06551015 0.828763 0.05544769 0.8377891 0.06378608 0.8176745 0.07311469 0.8203655 0.07618707 0.8174114 0.07357221 0.8203655 0.07618707 0.8171231 0.07407099 0.8174114 0.07357221 0.8171231 0.07407099 0.8193901 0.07693314 0.8167959 0.07463461 0.8193901 0.07693314 0.8164327 0.07525807 0.8167959 0.07463461 0.8188159 0.0773701 0.8160485 0.07591605 0.8164327 0.07525807 0.8156647 0.06074702 0.8242506 0.06269359 0.8236597 0.06366956 0.8158371 0.0596193 0.8249747 0.06150168 0.8242506 0.06269359 0.8160501 0.05824095 0.8259211 0.05996578 0.8249747 0.06150168 0.8163365 0.05645984 0.8271642 0.05797606 0.8259211 0.05996578 0.8271642 0.05797606 0.8172332 0.05119806 0.828763 0.05544769 0.8137497 0.07176357 0.8174114 0.07357221 0.8136817 0.0722869 0.8136817 0.0722869 0.8171231 0.07407099 0.8136061 0.07285809 0.8171231 0.07407099 0.8135196 0.07350403 0.8136061 0.07285809 0.8167959 0.07463461 0.8134227 0.07421898 0.8135196 0.07350403 0.8134227 0.07421898 0.8160485 0.07591605 0.8133196 0.07497394 0.8071599 0.06110656 0.8158371 0.0596193 0.8156647 0.06074702 0.8158371 0.0596193 0.8065568 0.05864375 0.8160501 0.05824095 0.8160501 0.05824095 0.8061399 0.05688863 0.8163365 0.05645984 0.8163365 0.05645984 0.8056119 0.05460268 0.8167235 0.05414587 0.8056119 0.05460268 0.8172332 0.05119806 0.8167235 0.05414587 0.8096065 0.07201743 0.8136817 0.0722869 0.809744 0.07252699 0.8136817 0.0722869 0.8098928 0.07308357 0.809744 0.07252699 0.8136061 0.07285809 0.8100602 0.07371348 0.8098928 0.07308357 0.8135196 0.07350403 0.8102442 0.07441109 0.8100602 0.07371348 0.8102442 0.07441109 0.8133196 0.07497394 0.8104379 0.07514804 0.8071599 0.06110656 0.7987645 0.06377416 0.8068875 0.05999869 0.8068875 0.05999869 0.7979403 0.06264895 0.8065568 0.05864375 0.7979403 0.06264895 0.8061399 0.05688863 0.8065568 0.05864375 0.8061399 0.05688863 0.7955209 0.05927699 0.8056119 0.05460268 0.7955209 0.05927699 0.8049546 0.05168431 0.8056119 0.05460268 0.8096065 0.07201743 0.8061978 0.0742557 0.8058759 0.07383751 0.809744 0.07252699 0.8065483 0.07471299 0.8061978 0.0742557 0.8065483 0.07471299 0.8100602 0.07371348 0.8069439 0.07523095 0.8100602 0.07371348 0.807381 0.07580506 0.8069439 0.07523095 0.807381 0.07580506 0.8104379 0.07514804 0.807842 0.0764119 0.7936805 0.07096153 0.7987645 0.06377416 0.79944 0.06469345 0.7987645 0.06377416 0.7915124 0.06964659 0.7979403 0.06264895 0.7915124 0.06964659 0.7968835 0.0611869 0.7979403 0.06264895 0.7968835 0.0611869 0.7879869 0.06745719 0.7955209 0.05927699 0.7955209 0.05927699 0.7854585 0.06585836 0.7937968 0.05683231 0.8031257 0.07694661 0.8061978 0.0742557 0.8035832 0.07720977 0.8061978 0.0742557 0.8040819 0.07749807 0.8035832 0.07720977 0.8040819 0.07749807 0.8069439 0.07523095 0.8046456 0.07782524 0.8069439 0.07523095 0.8052691 0.07818835 0.8046456 0.07782524 0.807381 0.07580506 0.8059272 0.07857263 0.8052691 0.07818835 0.790758 0.07895666 0.7927044 0.07037079 0.7936805 0.07096153 0.7927044 0.07037079 0.7882518 0.07857143 0.7915124 0.06964659 0.7915124 0.06964659 0.7864708 0.07828485 0.7899767 0.06870025 0.7864708 0.07828485 0.7879869 0.06745719 0.7899767 0.06870025 0.7879869 0.06745719 0.781209 0.07738828 0.7854585 0.06585836 0.8017747 0.08087158 0.8035832 0.07720977 0.802298 0.08093959 0.8035832 0.07720977 0.8028692 0.08101511 0.802298 0.08093959 0.8028692 0.08101511 0.8046456 0.07782524 0.8035152 0.08110159 0.8035152 0.08110159 0.8052691 0.07818835 0.8042302 0.08119851 0.8052691 0.07818835 0.8049851 0.08130162 0.8042302 0.08119851 0.8275867 0.6884874 0.8354903 0.6857748 0.8345247 0.6913611 0.755536 0.09399896 0.7425346 0.06842494 0.7553831 0.07137995 0.7643331 0.1148377 0.7425347 0.09618574 0.755536 0.09399896 0.7643331 0.1148377 0.7727882 0.1414632 0.7531583 0.1218334 0.7804352 0.1307236 0.7984358 0.1520868 0.7727882 0.1414632 0.8240097 0.1390855 0.7984358 0.1520868 0.8013908 0.1392384 0.8448484 0.1302885 0.8261966 0.1520868 0.8240097 0.1390855 0.8448484 0.1302885 0.871474 0.1218334 0.8518443 0.1414632 0.8607344 0.1141864 0.8820975 0.0961858 0.871474 0.1218334 0.8690963 0.07061183 0.8820975 0.0961858 0.869249 0.09323072 0.8602992 0.04977309 0.8820975 0.06842505 0.8690963 0.07061183 0.8441972 0.03388714 0.871474 0.04277741 0.8602992 0.04977309 0.8232415 0.02537232 0.8518443 0.02314752 0.8441972 0.03388714 0.8232415 0.02537232 0.7984358 0.01252371 0.8261966 0.01252382 0.8006225 0.02552509 0.7727881 0.0231474 0.7984358 0.01252371 0.7797837 0.0343222 0.7531582 0.04277729 0.7727881 0.0231474 0.7638979 0.05042433 0.7425346 0.06842494 0.7531582 0.04277729 0.8297199 0.6706287 0.8401351 0.6639249 0.8468391 0.6743401 0.8542824 0.6617916 0.8459423 0.6612731 0.8489723 0.6564814 0.8222765 0.6831772 0.8306166 0.6836957 0.8275867 0.6884874 0.8571562 0.6687296 0.8496494 0.665059 0.8542824 0.6617916 0.8194028 0.6762392 0.8269096 0.6799098 0.8222765 0.6831772 0.8571562 0.6687296 0.8515699 0.6752736 0.8516256 0.6699753 0.8222765 0.6617916 0.830854 0.6611145 0.8270682 0.6648216 0.8194028 0.6687296 0.8249334 0.6749936 0.8194028 0.6762392 0.8571562 0.6762392 0.8494908 0.6801472 0.8515699 0.6752736 0.8222765 0.6617916 0.8249891 0.6696952 0.8194028 0.6687296 0.8489724 0.6884873 0.8494908 0.6801472 0.8542824 0.6831772 0.8275867 0.6564815 0.8357703 0.6591384 0.830854 0.6611145 0.8489724 0.6884873 0.8407886 0.6858305 0.845705 0.6838543 0.8420342 0.6536077 0.8357703 0.6591384 0.8345247 0.6536077 0.8420343 0.6913611 0.8354903 0.6857748 0.8407886 0.6858305 0.8420342 0.6536077 0.8459423 0.6612731 0.8410687 0.6591941 0.830854 0.6611145 0.8310816 0.6674945 0.8270682 0.6648216 0.8357703 0.6591384 0.8335391 0.6651197 0.830854 0.6611145 0.8357703 0.6591384 0.8401351 0.6639249 0.8367183 0.6638662 0.8459423 0.6612731 0.8401351 0.6639249 0.8410687 0.6591941 0.8459423 0.6612731 0.8456441 0.6677439 0.8432695 0.6652865 0.8516256 0.6699753 0.8456441 0.6677439 0.8496494 0.665059 0.8515699 0.6752736 0.8468976 0.6709232 0.8516256 0.6699753 0.8494908 0.6801472 0.8468391 0.6743401 0.8515699 0.6752736 0.8494908 0.6801472 0.8430199 0.679849 0.8454774 0.6774744 0.845705 0.6838543 0.8398407 0.6811025 0.8430199 0.679849 0.8407886 0.6858305 0.8364239 0.6810441 0.8398407 0.6811025 0.8306166 0.6836957 0.8364239 0.6810441 0.8354903 0.6857748 0.8269096 0.6799098 0.8332895 0.6796823 0.8306166 0.6836957 0.8269096 0.6799098 0.8296614 0.6740456 0.8309149 0.6772248 0.8249334 0.6749936 0.8297199 0.6706287 0.8296614 0.6740456 0.8270682 0.6648216 0.8297199 0.6706287 0.8249891 0.6696952 0.781209 0.07738828 0.7638979 0.05042433 0.7854585 0.06585836 0.7854585 0.06585836 0.7797837 0.0343222 0.7937968 0.05683231 0.7937968 0.05683231 0.8006225 0.02552509 0.8049546 0.05168431 0.8049546 0.05168431 0.8232415 0.02537232 0.8172332 0.05119806 0.828763 0.05544769 0.8232415 0.02537232 0.8441972 0.03388714 0.8377891 0.06378608 0.8441972 0.03388714 0.8602992 0.04977309 0.8377891 0.06378608 0.8690963 0.07061183 0.8429371 0.0749439 0.8434233 0.08722239 0.8690963 0.07061183 0.869249 0.09323072 0.8434233 0.08722239 0.8607344 0.1141864 0.8391738 0.09875231 0.8308355 0.1077784 0.8607344 0.1141864 0.8448484 0.1302885 0.8308355 0.1077784 0.8240097 0.1390855 0.8196776 0.1129264 0.8073992 0.1134126 0.8240097 0.1390855 0.8013908 0.1392384 0.8073992 0.1134126 0.7804352 0.1307236 0.7958692 0.109163 0.7868433 0.1008246 0.7804352 0.1307236 0.7643331 0.1148377 0.7868433 0.1008246 0.755536 0.09399896 0.7816952 0.08966684 0.781209 0.07738828 0.755536 0.09399896 0.7553831 0.07137995 0.7300425 0.9081158 0.7375391 0.9189168 0.7300425 0.9189168 0.7300425 0.9189168 0.7375392 0.9297177 0.7300425 0.9297178 0.7375392 0.9297177 0.7300425 0.9405187 0.7300425 0.9297178 0.7300425 0.9405187 0.7375392 0.9513198 0.7300425 0.9513198 0.7375392 0.9513198 0.7300425 0.9621207 0.7300425 0.9513198 0.7375392 0.9621207 0.7300425 0.9729217 0.7300425 0.9621207 0.7113347 0.9621207 0.7206886 0.9567204 0.7300425 0.9621207 0.7373247 0.5836126 0.7310197 0.6421186 0.7289497 0.5836837 0.7381936 0.5318707 0.7295363 0.5501596 0.7298675 0.5317207 0.7412893 0.3599125 0.7326087 0.3794014 0.7329621 0.3597627 0.7398319 0.4409027 0.7309618 0.4709178 0.7315047 0.4407527 0.7393571 0.6418275 0.7311319 0.6453297 0.7310197 0.6421186 0.732551 0.3826087 0.7409359 0.3795512 0.7408782 0.3827585 0.7392313 0.474275 0.7309618 0.4709178 0.7392891 0.4710677 0.7294821 0.5533669 0.7378592 0.5503076 0.7378001 0.5535104 0.7268303 0.5829285 0.7294821 0.5533669 0.7289497 0.5836837 0.7309618 0.4709178 0.7293983 0.4414851 0.7315047 0.4407527 0.7293983 0.4414851 0.7092478 0.4695574 0.7097595 0.4411317 0.7076917 0.5828415 0.7050233 0.553784 0.7091022 0.5538316 0.7069042 0.4410802 0.6898112 0.4634923 0.6981396 0.4409224 0.7401137 0.6635029 0.7319181 0.6678511 0.7317765 0.663794 0.7402553 0.6675601 0.7330033 0.698938 0.7319181 0.6678511 0.7388778 0.4939137 0.7304993 0.4966192 0.7305507 0.4937639 0.7388264 0.4967691 0.7299405 0.5276684 0.7304993 0.4966192 0.6606108 0.5846222 0.6882873 0.5583316 0.6942303 0.5828111 0.7304993 0.4966192 0.7111846 0.5273309 0.7117434 0.4962816 0.7330033 0.698938 0.7032777 0.668851 0.7319181 0.6678511 0.70348 0.5828608 0.6804298 0.6379469 0.6942303 0.5828111 0.7050233 0.553784 0.6875886 0.5547425 0.705304 0.5501003 0.6527714 0.6350007 0.6804298 0.6379469 0.6798282 0.6405673 0.707952 0.3828706 0.6802625 0.3867135 0.7080084 0.3797358 0.7067313 0.6455923 0.7105867 0.6426568 0.7107168 0.6454052 0.7108638 0.3797872 0.7304573 0.382631 0.7108088 0.3828402 0.7315047 0.4407527 0.7304573 0.382631 0.732551 0.3826087 0.7290233 0.6446191 0.7289248 0.6421615 0.7310197 0.6421186 0.7408782 0.3827585 0.7315047 0.4407527 0.732551 0.3826087 0.7378001 0.5535104 0.7289497 0.5836837 0.7294821 0.5533669 0.7547917 0.4687817 0.7748514 0.4601629 0.7736152 0.4770578 0.6790243 0.9440733 0.6681274 0.9570332 0.6681274 0.9440733 0.7736152 0.4770578 0.7866713 0.4601629 0.787216 0.4796699 0.6790243 0.9440733 0.6681274 0.9335418 0.6790243 0.9335418 0.6790243 0.9335418 0.6681274 0.9206174 0.6790243 0.9206174 0.8586332 0.4713973 0.8532966 0.4601629 0.8585151 0.4601629 0.6790243 0.9081158 0.6681274 0.9206174 0.6681274 0.9081158 0.8778522 0.4672241 0.8585151 0.4601629 0.877584 0.4601629 0.8778522 0.4672241 0.8862328 0.4601629 0.8868661 0.4664849 0.7470843 0.4670151 0.742164 0.4601629 0.7471178 0.4601629 0.6764019 0.9781634 0.6681274 0.9695498 0.6764019 0.9695498 0.7470843 0.4670151 0.7554653 0.4601629 0.7547917 0.4687817 0.6764019 0.9695498 0.6681274 0.9570332 0.6790243 0.9570332 0.8818678 0.4774141 0.8895155 0.4765964 0.8833494 0.4800458 0.8730744 0.4859887 0.8833494 0.4800458 0.8787012 0.489041 0.8158174 0.51347 0.8196928 0.560958 0.8140279 0.5607252 0.8196928 0.560958 0.82815 0.5138763 0.8253527 0.5612384 0.82815 0.5138763 0.8310031 0.5615688 0.8253527 0.5612384 0.8310031 0.5615688 0.8404859 0.5147902 0.8366156 0.5619512 0.8404859 0.5147902 0.8421629 0.5623887 0.8366156 0.5619512 0.8421629 0.5623887 0.852235 0.5171355 0.8476701 0.5628814 0.8476701 0.5628814 0.8576968 0.5186889 0.8531508 0.5634185 0.7865407 0.5147306 0.791477 0.5601555 0.785851 0.5600698 0.80203 0.4821103 0.7977464 0.5133191 0.7952609 0.4823495 0.8026985 0.560387 0.8097057 0.5134453 0.8083615 0.5605362 0.8097057 0.5134453 0.8140279 0.5607252 0.8083615 0.5605362 0.82899 0.4808931 0.8343724 0.5142123 0.82815 0.5138763 0.82899 0.4808931 0.8219662 0.5136227 0.8222544 0.4808459 0.8155304 0.4808709 0.8219662 0.5136227 0.8158174 0.51347 0.8085222 0.4601629 0.8155304 0.4808709 0.808768 0.4818791 0.808768 0.4818791 0.8036618 0.5134881 0.80203 0.4821103 0.7920525 0.5140333 0.7970432 0.5602591 0.791477 0.5601555 0.7470251 0.4695625 0.7547917 0.4687817 0.75371 0.4727348 0.787216 0.4796699 0.7945815 0.4601629 0.7952609 0.4823495 0.8612266 0.4787925 0.853347 0.4813795 0.8587551 0.4750822 0.8612266 0.4787925 0.8781952 0.4696917 0.8799235 0.4738577 0.8617693 0.4886167 0.8612266 0.4787925 0.8680979 0.4830438 0.8680979 0.4830438 0.8799235 0.4738577 0.8808227 0.4755474 0.8661686 0.4927487 0.8680979 0.4830438 0.8730744 0.4859887 0.8730744 0.4859887 0.8808227 0.4755474 0.8818678 0.4774141 0.8684691 0.4961485 0.8661686 0.4927487 0.8730744 0.4859887 0.7604524 0.4881896 0.7703664 0.497139 0.7560552 0.5001206 0.8420701 0.4973837 0.8404859 0.5147902 0.8343724 0.5142123 0.7865245 0.4992408 0.7865407 0.5147306 0.7805878 0.5022785 0.8528414 0.5001575 0.852235 0.5171355 0.8464977 0.5157669 0.7970432 0.5602591 0.8036618 0.5134881 0.8026985 0.560387 0.8474096 0.4983577 0.8464977 0.5157669 0.8404859 0.5147902 0.8621026 0.5057844 0.852235 0.5171355 0.8570222 0.5022488 0.8420701 0.4973837 0.8352574 0.480258 0.8447118 0.4793682 0.7728031 0.4832304 0.787216 0.4796699 0.7899053 0.4951436 0.7752387 0.4888053 0.7899053 0.4951436 0.7865245 0.4992408 0.7899053 0.4951436 0.7952609 0.4823495 0.7977464 0.5133191 0.7752387 0.4888053 0.7805878 0.5022785 0.7703664 0.497139 0.853347 0.4813795 0.8447118 0.4793682 0.8535304 0.475965 0.8617693 0.4886167 0.8570222 0.5022488 0.8528414 0.5001575 0.8688222 0.497239 0.8621026 0.5057844 0.8570222 0.5022488 0.8557357 0.4854443 0.8528414 0.5001575 0.8474096 0.4983577 0.853347 0.4813795 0.8474096 0.4983577 0.8420701 0.4973837 0.8535304 0.475965 0.8466938 0.4601629 0.8532966 0.4601629 0.8447118 0.4793682 0.8359435 0.4601629 0.8466938 0.4601629 0.7865245 0.4992408 0.7977464 0.5133191 0.7920525 0.5140333 0.8015787 0.4601629 0.7952609 0.4823495 0.7945815 0.4601629 0.8015787 0.4601629 0.808768 0.4818791 0.80203 0.4821103 0.808768 0.4818791 0.8158174 0.51347 0.8097057 0.5134453 0.8154029 0.4601629 0.8222544 0.4808459 0.8155304 0.4808709 0.8290838 0.4601629 0.8222544 0.4808459 0.822241 0.4601629 0.8290838 0.4601629 0.8352574 0.480258 0.82899 0.4808931 0.6797878 0.9695498 0.6790243 0.9570332 0.6834834 0.9570332 0.75371 0.4727348 0.7736152 0.4770578 0.7728031 0.4832304 0.6797878 0.9695498 0.6764019 0.9781634 0.6764019 0.9695498 0.7470251 0.4695625 0.7506965 0.4767886 0.7443112 0.4711648 0.8781952 0.4696917 0.8868661 0.4664849 0.8873934 0.4691663 0.8781952 0.4696917 0.8586332 0.4713973 0.8778522 0.4672241 0.6834834 0.9081158 0.6790243 0.9206174 0.6790243 0.9081158 0.8587551 0.4750822 0.8535304 0.475965 0.8586332 0.4713973 0.6834834 0.9206174 0.6790243 0.9335418 0.6790243 0.9206174 0.6834834 0.9440733 0.6790243 0.9335418 0.6834834 0.9335418 0.7728031 0.4832304 0.7604524 0.4881896 0.7585514 0.4815607 0.6834834 0.9570332 0.6790243 0.9440733 0.6834834 0.9440733 0.75371 0.4727348 0.7585514 0.4815607 0.7506965 0.4767886 0.7470251 0.4695625 0.7430517 0.4680125 0.7470843 0.4670151 0.8818678 0.4774141 0.8883739 0.4729716 0.8887978 0.474327 0.8799235 0.4738577 0.8781952 0.4696917 0.8873934 0.4691663 0.7748514 0.4601629 0.7547917 0.4515441 0.7736152 0.443268 0.6681274 0.9440733 0.6572306 0.9570332 0.6572306 0.9440733 0.7866713 0.4601629 0.7736152 0.443268 0.787216 0.4406558 0.6681274 0.9335418 0.6572306 0.9440733 0.6572306 0.9335418 0.6681274 0.9206174 0.6572306 0.9335418 0.6572306 0.9206174 0.8586332 0.4489285 0.8532966 0.4601629 0.8535304 0.4443609 0.6681274 0.9081158 0.6572306 0.9206174 0.6572306 0.9081158 0.8778522 0.4531017 0.8585151 0.4601629 0.8586332 0.4489285 0.8862328 0.4601629 0.8778522 0.4531017 0.8868661 0.4538409 0.7470843 0.4533107 0.742164 0.4601629 0.7430517 0.4523133 0.6681274 0.9695498 0.659853 0.9781634 0.659853 0.9695498 0.7554653 0.4601629 0.7470843 0.4533107 0.7547917 0.4515441 0.6681274 0.9570332 0.659853 0.9695498 0.6572306 0.9570332 0.8895155 0.4437294 0.8818678 0.4429118 0.8833494 0.44028 0.8833494 0.44028 0.8730744 0.4343371 0.8787012 0.4312848 0.819693 0.3593679 0.8158174 0.4068559 0.8140279 0.3596007 0.819693 0.3593679 0.8281501 0.4064495 0.8219662 0.4067031 0.8253528 0.3590875 0.8343724 0.4061135 0.8281501 0.4064495 0.8366156 0.3583747 0.8343724 0.4061135 0.8310031 0.3587571 0.8366156 0.3583747 0.8464977 0.4045589 0.8404859 0.4055356 0.8476702 0.3574444 0.8464977 0.4045589 0.8421629 0.3579372 0.8531509 0.3569073 0.8522351 0.4031905 0.8476702 0.3574444 0.785851 0.360256 0.7920525 0.4062926 0.7865407 0.4055952 0.7977464 0.4070068 0.80203 0.4382155 0.7952609 0.4379763 0.8083615 0.3597897 0.8036618 0.4068378 0.8026985 0.3599388 0.8083615 0.3597897 0.8158174 0.4068559 0.8097057 0.4068804 0.82899 0.4394329 0.8343724 0.4061135 0.8352574 0.4400678 0.8219662 0.4067031 0.82899 0.4394329 0.8222544 0.4394799 0.8158174 0.4068559 0.8222544 0.4394799 0.8155304 0.439455 0.8155304 0.439455 0.8085222 0.4601629 0.808768 0.4384467 0.8036618 0.4068378 0.808768 0.4384467 0.80203 0.4382155 0.7970433 0.3600668 0.7920525 0.4062926 0.7914771 0.3601704 0.7547917 0.4515441 0.7470251 0.4507633 0.75371 0.447591 0.7945815 0.4601629 0.787216 0.4406558 0.7952609 0.4379763 0.8612266 0.4415333 0.853347 0.4389463 0.8557357 0.4348815 0.8781952 0.4506341 0.8612266 0.4415333 0.8799235 0.4464681 0.8612266 0.4415333 0.8617691 0.4317091 0.8680979 0.437282 0.8799235 0.4464681 0.8680979 0.437282 0.8808227 0.4447784 0.8680979 0.437282 0.8661686 0.4275771 0.8730744 0.4343371 0.8808227 0.4447784 0.8730744 0.4343371 0.8818678 0.4429118 0.8730744 0.4343371 0.8661686 0.4275771 0.8684691 0.4241773 0.7604524 0.4321362 0.7703664 0.4231868 0.7752387 0.4315205 0.8420701 0.4229422 0.8404859 0.4055356 0.8474096 0.4219682 0.7865407 0.4055952 0.7865245 0.421085 0.7805877 0.4180473 0.8528414 0.4201683 0.8522351 0.4031905 0.8570222 0.4180771 0.7970433 0.3600668 0.8036618 0.4068378 0.7977464 0.4070068 0.8474096 0.4219682 0.8464977 0.4045589 0.8528414 0.4201683 0.8522351 0.4031905 0.8621026 0.4145413 0.8570222 0.4180771 0.8352574 0.4400678 0.8420701 0.4229422 0.8447118 0.4409576 0.787216 0.4406558 0.7728031 0.4370953 0.7899053 0.4251822 0.7752387 0.4315205 0.7899053 0.4251822 0.7728031 0.4370953 0.7952609 0.4379763 0.7899053 0.4251822 0.7977464 0.4070068 0.7805877 0.4180473 0.7752387 0.4315205 0.7703664 0.4231868 0.8447118 0.4409576 0.853347 0.4389463 0.8535304 0.4443609 0.8617691 0.4317091 0.8570222 0.4180771 0.8661686 0.4275771 0.8570222 0.4180771 0.8688222 0.4230868 0.8684691 0.4241773 0.8557357 0.4348815 0.8528414 0.4201683 0.8617691 0.4317091 0.8474096 0.4219682 0.853347 0.4389463 0.8420701 0.4229422 0.8466938 0.4601629 0.8535304 0.4443609 0.8532966 0.4601629 0.8359435 0.4601629 0.8447118 0.4409576 0.8466938 0.4601629 0.7865245 0.421085 0.7977464 0.4070068 0.7899053 0.4251822 0.7952609 0.4379763 0.8015787 0.4601629 0.7945815 0.4601629 0.8015787 0.4601629 0.808768 0.4384467 0.8085222 0.4601629 0.8158174 0.4068559 0.808768 0.4384467 0.8097057 0.4068804 0.8155304 0.439455 0.822241 0.4601629 0.8154029 0.4601629 0.822241 0.4601629 0.82899 0.4394329 0.8290838 0.4601629 0.8290838 0.4601629 0.8352574 0.4400678 0.8359435 0.4601629 0.6572306 0.9570332 0.656467 0.9695498 0.6527714 0.9570332 0.7736152 0.443268 0.75371 0.447591 0.7728031 0.4370953 0.659853 0.9695498 0.656467 0.9781634 0.656467 0.9695498 0.7506965 0.4435372 0.7470251 0.4507633 0.7443112 0.4491609 0.8868661 0.4538409 0.8781952 0.4506341 0.8873934 0.4511594 0.8781952 0.4506341 0.8586332 0.4489285 0.8587551 0.4452436 0.6572306 0.9081158 0.6527714 0.9206174 0.6527714 0.9081158 0.8587551 0.4452436 0.8535304 0.4443609 0.853347 0.4389463 0.6572306 0.9206174 0.6527714 0.9335418 0.6527714 0.9206174 0.6572306 0.9335418 0.6527714 0.9440733 0.6527714 0.9335418 0.7604524 0.4321362 0.7728031 0.4370953 0.7585514 0.4387651 0.6572306 0.9440733 0.6527714 0.9570332 0.6527714 0.9440733 0.7585514 0.4387651 0.75371 0.447591 0.7506965 0.4435372 0.7470251 0.4507633 0.7430517 0.4523133 0.7443112 0.4491609 0.8883739 0.4473543 0.8818678 0.4429118 0.8887978 0.4459988 0.8873934 0.4511594 0.8781952 0.4506341 0.8799235 0.4464681 0.8555394 0.2691337 0.8321641 0.2606995 0.8559613 0.2620461 0.8559613 0.2620461 0.8329688 0.2527557 0.8561477 0.2546584 0.8561477 0.2546584 0.83485 0.244885 0.8561735 0.2469923 0.8368404 0.3184887 0.8562946 0.3095422 0.8560608 0.3168815 0.8350583 0.3119374 0.8560874 0.302873 0.8562946 0.3095422 0.8340982 0.3049641 0.8556159 0.2964562 0.8560874 0.302873 0.8334385 0.2978963 0.8553516 0.2897871 0.8556159 0.2964562 0.8328498 0.2909315 0.8552879 0.2830147 0.8553516 0.2897871 0.8350583 0.3119374 0.8326724 0.3050976 0.8340982 0.3049641 0.8552879 0.2830147 0.8322672 0.2762545 0.8553228 0.2761365 0.8553228 0.2761365 0.8320453 0.2685488 0.8555394 0.2691337 0.8561477 0.2546584 0.8570757 0.2621121 0.8559613 0.2620461 0.8312485 0.2524579 0.8231736 0.2605953 0.8236191 0.251641 0.8368404 0.3184887 0.833602 0.3121992 0.8350583 0.3119374 0.8321641 0.2606995 0.8304701 0.2685977 0.8305475 0.26065 0.8329688 0.2527557 0.8334975 0.2440207 0.83485 0.244885 0.8329688 0.2527557 0.8305475 0.26065 0.8312485 0.2524579 0.8320453 0.2685488 0.8307331 0.2763512 0.8304701 0.2685977 0.8322672 0.2762545 0.831155 0.283885 0.8307331 0.2763512 0.8326321 0.2837816 0.8315855 0.291006 0.831155 0.283885 0.8334385 0.2978963 0.8315855 0.291006 0.8328498 0.2909315 0.8340982 0.3049641 0.8320224 0.297985 0.8334385 0.2978963 0.831155 0.283885 0.8239883 0.2769513 0.8307331 0.2763512 0.8326724 0.3050976 0.8257334 0.2987221 0.8320224 0.297985 0.8334975 0.2440207 0.8236191 0.251641 0.8252788 0.2422992 0.8307331 0.2763512 0.823418 0.2690005 0.8304701 0.2685977 0.8320224 0.297985 0.8252535 0.2916302 0.8315855 0.291006 0.833602 0.3121992 0.8291406 0.3208163 0.8274689 0.3135371 0.8305475 0.26065 0.823418 0.2690005 0.8231736 0.2605953 0.8315855 0.291006 0.8246631 0.2844923 0.831155 0.283885 0.8326724 0.3050976 0.8274689 0.3135371 0.8263549 0.3060633 0.8575078 0.2465693 0.8612781 0.2549414 0.8573511 0.2547044 0.8555394 0.2691337 0.8563832 0.2761662 0.8553228 0.2761365 0.8553228 0.2761365 0.8563288 0.2830238 0.8552879 0.2830147 0.8552879 0.2830147 0.8563779 0.2897734 0.8553516 0.2897871 0.8556159 0.2964562 0.8563779 0.2897734 0.8566157 0.2964146 0.8560874 0.302873 0.8566157 0.2964146 0.8569613 0.3028245 0.8560874 0.302873 0.8574137 0.3095138 0.8562946 0.3095422 0.8560608 0.3168815 0.8574137 0.3095138 0.8573244 0.3173261 0.8559613 0.2620461 0.856615 0.2691924 0.8555394 0.2691337 0.8561735 0.2469923 0.8573511 0.2547044 0.8561477 0.2546584 0.8057491 0.3305072 0.8098648 0.3248425 0.8272986 0.337509 0.8563832 0.2761662 0.8601574 0.2692551 0.8599033 0.2761568 0.8566157 0.2964146 0.8597744 0.2896295 0.8599357 0.2961598 0.8574137 0.3095138 0.861513 0.3166939 0.8573244 0.3173261 0.856615 0.2691924 0.8605313 0.2623408 0.8601574 0.2692551 0.8563779 0.2897734 0.8597868 0.2829518 0.8597744 0.2896295 0.8569613 0.3028245 0.8610223 0.3092234 0.8574137 0.3095138 0.8570757 0.2621121 0.8612781 0.2549414 0.8605313 0.2623408 0.8563832 0.2761662 0.8597868 0.2829518 0.8563288 0.2830238 0.8569613 0.3028245 0.8599357 0.2961598 0.860349 0.3025155 0.8808795 0.2005635 0.8751186 0.1918992 0.8751186 0.2005635 0.8808795 0.1832351 0.8751186 0.1918992 0.8808795 0.1918992 0.8808795 0.1832351 0.8751186 0.1745708 0.8751186 0.1832351 0.8808795 0.1659066 0.8751186 0.1745708 0.8808795 0.1745708 0.8751186 0.1572423 0.8676152 0.1529102 0.8601117 0.1659066 0.8808795 0.1572423 0.8751186 0.1659066 0.8808795 0.1659066 0.8808795 0.2092278 0.8751186 0.2005635 0.8751186 0.2092278 0.9072092 0.8044419 0.8814079 0.8192533 0.8814079 0.8044419 0.9072092 0.8488764 0.8814079 0.8636878 0.8814079 0.8488764 0.9072092 0.8636879 0.8814079 0.8784994 0.8814079 0.8636878 0.8814079 0.8784994 0.9072092 0.8933109 0.8814079 0.8933108 0.8814079 0.8933108 0.9072092 0.9081224 0.8814078 0.9081223 0.9072092 0.9081224 0.8814078 0.9229338 0.8814078 0.9081223 0.8814078 0.9229338 0.9072092 0.9377455 0.8814078 0.9377455 0.8814078 0.7007612 0.9072092 0.7155727 0.8814078 0.7155728 0.9072092 0.7155727 0.8814079 0.7303842 0.8814078 0.7155728 0.8814079 0.7303842 0.9072093 0.7451957 0.8814079 0.7451958 0.8814079 0.7451958 0.9072093 0.7600073 0.8814079 0.7600073 0.9072093 0.7600073 0.8814079 0.7748188 0.8814079 0.7600073 0.9072093 0.7748188 0.8814079 0.7896303 0.8814079 0.7748188 0.8814079 0.7896303 0.9072092 0.8044419 0.8814079 0.8044419 0.8814079 0.8340649 0.9072092 0.8488764 0.8814079 0.8488764 0.7885416 0.254412 0.8103311 0.2873905 0.7772734 0.3097035 0.9072093 0.8192535 0.8814079 0.8340649 0.8814079 0.8192533 0.745665 0.1802811 0.7444035 0.1948413 0.7425346 0.1947636 0.7444035 0.1948413 0.7493245 0.1817267 0.7464756 0.1949276 0.7493245 0.1817267 0.7488434 0.1950311 0.7464756 0.1949276 0.7488434 0.1950311 0.753982 0.183582 0.7514962 0.1951509 0.7514962 0.1951509 0.7566159 0.1846356 0.7543371 0.1952813 0.8053889 0.2485406 0.8147546 0.2607227 0.8042922 0.2501788 0.8147546 0.2607227 0.8030861 0.2519803 0.8042922 0.2501788 0.8030861 0.2519803 0.8109086 0.2632926 0.8017164 0.2540167 0.8109086 0.2632926 0.8001956 0.25627 0.8017164 0.2540167 0.8001956 0.25627 0.8062479 0.2663831 0.7985866 0.2586496 0.7533594 0.1676602 0.7474004 0.1809665 0.745665 0.1802811 0.7474004 0.1809665 0.7563341 0.1702218 0.7493245 0.1817267 0.7563341 0.1702218 0.7515217 0.1825999 0.7493245 0.1817267 0.7581183 0.1717646 0.753982 0.183582 0.7515217 0.1825999 0.753982 0.183582 0.7622512 0.1753521 0.7566159 0.1846356 0.8053889 0.2485406 0.7906153 0.2444067 0.791009 0.2424768 0.8042922 0.2501788 0.7901821 0.2465299 0.7906153 0.2444067 0.8030861 0.2519803 0.7896863 0.2489333 0.7901821 0.2465299 0.7896863 0.2489333 0.8001956 0.25627 0.7891319 0.2515962 0.8001956 0.25627 0.7885416 0.254412 0.7891319 0.2515962 0.7533594 0.1676602 0.7656779 0.1598961 0.7547702 0.168875 0.7547702 0.168875 0.7667103 0.1616783 0.7563341 0.1702218 0.7667103 0.1616783 0.7581183 0.1717646 0.7563341 0.1702218 0.7678857 0.1637174 0.7601146 0.1734963 0.7581183 0.1717646 0.769199 0.1660039 0.7622512 0.1753521 0.7601146 0.1734963 0.791009 0.2424768 0.7757799 0.2442327 0.7754139 0.2422992 0.7757799 0.2442327 0.7901821 0.2465299 0.7761822 0.2463594 0.7901821 0.2465299 0.7766326 0.2487682 0.7761822 0.2463594 0.7766326 0.2487682 0.7891319 0.2515962 0.7771269 0.2514375 0.7771269 0.2514375 0.7885416 0.254412 0.7776466 0.2542585 0.778554 0.153189 0.7656779 0.1598961 0.7647466 0.1582888 0.7656779 0.1598961 0.7792931 0.15703 0.7667103 0.1616783 0.7792931 0.15703 0.7678857 0.1637174 0.7667103 0.1616783 0.7797317 0.1593386 0.769199 0.1660039 0.7678857 0.1637174 0.7802186 0.1619257 0.7706034 0.1684533 0.769199 0.1660039 0.7754139 0.2422992 0.7620039 0.249691 0.7609374 0.2480413 0.7757799 0.2442327 0.7631772 0.2515068 0.7620039 0.249691 0.7761822 0.2463594 0.7645018 0.2535675 0.7631772 0.2515068 0.7766326 0.2487682 0.7659665 0.2558561 0.7645018 0.2535675 0.7771269 0.2514375 0.7675135 0.2582814 0.7659665 0.2558561 0.778554 0.153189 0.792988 0.1547456 0.7789048 0.1550105 0.792988 0.1547456 0.7792931 0.15703 0.7789048 0.1550105 0.7926907 0.1567804 0.7797317 0.1593386 0.7792931 0.15703 0.7797317 0.1593386 0.791952 0.1617075 0.7802186 0.1619257 0.7802186 0.1619257 0.7915272 0.164493 0.7807371 0.164696 0.7609374 0.2480413 0.7512984 0.2599045 0.7496945 0.2587787 0.7512984 0.2599045 0.7631772 0.2515068 0.7530633 0.2611441 0.7530633 0.2611441 0.7645018 0.2535675 0.7550594 0.2625528 0.7645018 0.2535675 0.7572694 0.2641179 0.7550594 0.2625528 0.7572694 0.2641179 0.7675135 0.2582814 0.7596049 0.2657735 0.8072452 0.1574724 0.792988 0.1547456 0.793255 0.1529102 0.792988 0.1547456 0.8054424 0.1609547 0.7926907 0.1567804 0.8054424 0.1609547 0.7923449 0.1591047 0.7926907 0.1567804 0.7923449 0.1591047 0.8031178 0.1653817 0.791952 0.1617075 0.791952 0.1617075 0.8017902 0.1678803 0.7915272 0.164493 0.7433301 0.2729064 0.7512984 0.2599045 0.7452287 0.2733583 0.7512984 0.2599045 0.7473226 0.2738572 0.7452287 0.2733583 0.7473226 0.2738572 0.7550594 0.2625528 0.749699 0.2744278 0.7550594 0.2625528 0.7523397 0.2750641 0.749699 0.2744278 0.7572694 0.2641179 0.755141 0.2757385 0.7523397 0.2750641 0.8190481 0.1663593 0.8063918 0.1591239 0.8072452 0.1574724 0.8063918 0.1591239 0.8162182 0.1691115 0.8054424 0.1609547 0.8162182 0.1691115 0.80435 0.1630442 0.8054424 0.1609547 0.80435 0.1630442 0.8125468 0.1725909 0.8031178 0.1653817 0.8125468 0.1725909 0.8017902 0.1678803 0.8031178 0.1653817 0.7425346 0.2883183 0.7452287 0.2733583 0.7444531 0.2880848 0.7444531 0.2880848 0.7473226 0.2738572 0.74659 0.2878185 0.74659 0.2878185 0.749699 0.2744278 0.7490294 0.2875061 0.749699 0.2744278 0.7517475 0.2871415 0.7490294 0.2875061 0.7517475 0.2871415 0.755141 0.2757385 0.7546292 0.2867295 0.8190481 0.1663593 0.8261322 0.17966 0.8177027 0.1676712 0.8261322 0.17966 0.8162182 0.1691115 0.8177027 0.1676712 0.8162182 0.1691115 0.821944 0.1817145 0.814498 0.1707565 0.814498 0.1707565 0.8193489 0.182823 0.8125468 0.1725909 0.8125468 0.1725909 0.8165693 0.1839563 0.8104357 0.1745408 0.7425346 0.2883183 0.7487577 0.3025844 0.7469229 0.3032233 0.7487577 0.3025844 0.74659 0.2878185 0.7508215 0.3016774 0.74659 0.2878185 0.7531598 0.3005054 0.7508215 0.3016774 0.7490294 0.2875061 0.7557467 0.2991016 0.7531598 0.3005054 0.7517475 0.2871415 0.7584683 0.2975369 0.7557467 0.2991016 0.817574 0.2302646 0.8262484 0.2175126 0.8277528 0.2187135 0.8262484 0.2175126 0.8149595 0.2271881 0.8243978 0.2162602 0.8149595 0.2271881 0.8221828 0.2149152 0.8243978 0.2162602 0.8133613 0.2253271 0.8196493 0.2134762 0.8221828 0.2149152 0.8196493 0.2134762 0.8095938 0.2210171 0.8169226 0.211992 0.7603927 0.3162435 0.74966 0.3043568 0.7614125 0.3145208 0.74966 0.3043568 0.7625324 0.3126367 0.7614125 0.3145208 0.7625324 0.3126367 0.7534555 0.3011696 0.7638279 0.310492 0.7534555 0.3011696 0.7652946 0.3081124 0.7638279 0.310492 0.7652946 0.3081124 0.7584683 0.2975369 0.7668762 0.3056027 0.8046488 0.23816 0.8163434 0.2288115 0.817574 0.2302646 0.8163434 0.2288115 0.8031219 0.2344421 0.8149595 0.2271881 0.8031219 0.2344421 0.8133613 0.2253271 0.8149595 0.2271881 0.8022037 0.2322037 0.8115519 0.2232428 0.8133613 0.2253271 0.8115519 0.2232428 0.8000634 0.2270044 0.8095938 0.2210171 0.7751179 0.3218555 0.7614125 0.3145208 0.7754575 0.3198958 0.7614125 0.3145208 0.7758322 0.3177371 0.7754575 0.3198958 0.7758322 0.3177371 0.7638279 0.310492 0.7762636 0.31529 0.7638279 0.310492 0.77675 0.3125755 0.7762636 0.31529 0.7652946 0.3081124 0.7772734 0.3097035 0.77675 0.3125755 0.7899465 0.2414758 0.8039257 0.2363978 0.8046488 0.23816 0.8039257 0.2363978 0.7897076 0.2374829 0.8031219 0.2344421 0.7897076 0.2374829 0.8022037 0.2322037 0.8031219 0.2344421 0.8022037 0.2322037 0.789413 0.2323924 0.8011728 0.2296933 0.8011728 0.2296933 0.7892474 0.2295113 0.8000634 0.2270044 0.790877 0.3216449 0.7754575 0.3198958 0.790459 0.3197002 0.7754575 0.3198958 0.7899995 0.317561 0.790459 0.3197002 0.7899995 0.317561 0.7762636 0.31529 0.7894849 0.3151379 0.7762636 0.31529 0.7889208 0.3124525 0.7894849 0.3151379 0.77675 0.3125755 0.78833 0.309614 0.7889208 0.3124525 0.7750247 0.2398148 0.7898335 0.2395826 0.7899465 0.2414758 0.775536 0.2379952 0.7897076 0.2374829 0.7898335 0.2395826 0.7897076 0.2374829 0.776755 0.2336729 0.7895675 0.2350825 0.776755 0.2336729 0.789413 0.2323924 0.7895675 0.2350825 0.7774891 0.2310916 0.7892474 0.2295113 0.789413 0.2323924 0.8053702 0.3154808 0.790459 0.3197002 0.8042459 0.3138422 0.8042459 0.3138422 0.7899995 0.317561 0.8030097 0.3120403 0.7899995 0.317561 0.8016151 0.3099975 0.8030097 0.3120403 0.8016151 0.3099975 0.7889208 0.3124525 0.800075 0.3077321 0.7889208 0.3124525 0.7984512 0.3053362 0.800075 0.3077321 0.7750247 0.2398148 0.7625926 0.231823 0.775536 0.2379952 0.775536 0.2379952 0.763787 0.2301084 0.7761028 0.2359775 0.7761028 0.2359775 0.7651559 0.2281517 0.776755 0.2336729 0.776755 0.2336729 0.7666928 0.2259616 0.7774891 0.2310916 0.7774891 0.2310916 0.7683403 0.2236173 0.7782766 0.2283279 0.8164082 0.3042781 0.8042459 0.3138422 0.8147478 0.3031923 0.8042459 0.3138422 0.8129221 0.3019977 0.8147478 0.3031923 0.8030097 0.3120403 0.8108583 0.3006407 0.8129221 0.3019977 0.8016151 0.3099975 0.8085747 0.2991331 0.8108583 0.3006407 0.8085747 0.2991331 0.7984512 0.3053362 0.8061634 0.2975371 0.7615152 0.2333695 0.7524219 0.2217693 0.7625926 0.231823 0.7524219 0.2217693 0.763787 0.2301084 0.7625926 0.231823 0.763787 0.2301084 0.7560395 0.2191506 0.7651559 0.2281517 0.7560395 0.2191506 0.7666928 0.2259616 0.7651559 0.2281517 0.7582051 0.2175911 0.7683403 0.2236173 0.7666928 0.2259616 0.8164082 0.3042781 0.8204061 0.2893736 0.8223503 0.289748 0.8147478 0.3031923 0.8182677 0.2889611 0.8204061 0.2893736 0.8182677 0.2889611 0.8108583 0.3006407 0.8158472 0.288488 0.8108583 0.3006407 0.8131658 0.2879573 0.8158472 0.288488 0.8131658 0.2879573 0.8061634 0.2975371 0.8103311 0.2873905 0.7443385 0.209507 0.7524219 0.2217693 0.7509005 0.2228733 0.7461336 0.2089653 0.7541089 0.2205454 0.7524219 0.2217693 0.7541089 0.2205454 0.7504001 0.2076832 0.7560395 0.2191506 0.7504001 0.2076832 0.7582051 0.2175911 0.7560395 0.2191506 0.7582051 0.2175911 0.7556842 0.2061116 0.7605254 0.2159225 0.8223503 0.289748 0.8204132 0.2744748 0.8223503 0.2740835 0.8204132 0.2744748 0.8182677 0.2889611 0.818283 0.2749047 0.818283 0.2749047 0.8158472 0.288488 0.815871 0.2753855 0.8158472 0.288488 0.8131986 0.2759123 0.815871 0.2753855 0.8131658 0.2879573 0.8103749 0.2764643 0.8131986 0.2759123 0.7425346 0.1947636 0.7461336 0.2089653 0.7443385 0.209507 0.7461336 0.2089653 0.7464756 0.1949276 0.7481241 0.2083649 0.7481241 0.2083649 0.7488434 0.1950311 0.7504001 0.2076832 0.7488434 0.1950311 0.7529514 0.2069233 0.7504001 0.2076832 0.7529514 0.2069233 0.7543371 0.1952813 0.7556842 0.2061116 0.8223503 0.2740835 0.8147546 0.2607227 0.816394 0.2596243 0.8147546 0.2607227 0.818283 0.2749047 0.8129518 0.2619303 0.818283 0.2749047 0.8109086 0.2632926 0.8129518 0.2619303 0.8109086 0.2632926 0.8131986 0.2759123 0.8086429 0.2647969 0.8131986 0.2759123 0.8062479 0.2663831 0.8086429 0.2647969 0.7703282 0.6897291 0.7714245 0.682013 0.7755051 0.6852028 0.7650505 0.1958117 0.7696438 0.1898683 0.7683957 0.1959477 0.7665364 0.1886446 0.7728109 0.1845493 0.7696438 0.1898683 0.7758677 0.1777037 0.7728109 0.1845493 0.7702842 0.1823787 0.7758677 0.1777037 0.7832877 0.1783829 0.7775362 0.1805759 0.789899 0.1749457 0.7832877 0.1783829 0.7826594 0.175132 0.796772 0.1771751 0.7894175 0.1782092 0.789899 0.1749457 0.796772 0.1771751 0.8000189 0.1837908 0.7952265 0.1800765 0.8024767 0.1816107 0.8031408 0.1889503 0.8000189 0.1837908 0.8021249 0.2128514 0.8035004 0.2052961 0.8066228 0.2067611 0.8021249 0.2128514 0.7945345 0.2138181 0.7997845 0.2103701 0.7886493 0.218675 0.7945345 0.2138181 0.7958711 0.2169367 0.7886493 0.218675 0.78219 0.2146733 0.7884324 0.2152972 0.7745847 0.2148023 0.78219 0.2146733 0.7812808 0.217927 0.7745847 0.2148023 0.7720204 0.2076845 0.7765096 0.2120342 0.7660027 0.2030872 0.7720204 0.2076845 0.7692992 0.2096624 0.7660027 0.2030872 0.7683957 0.1959477 0.7692149 0.2021149 0.7558244 0.680601 0.7537134 0.6685009 0.7664421 0.6657356 0.7498005 0.6575626 0.758144 0.6597434 0.7532729 0.6620141 0.7637426 0.6921144 0.7675822 0.6852368 0.7703282 0.6897291 0.7565006 0.6542798 0.7636025 0.6594072 0.758144 0.6597434 0.7566528 0.6918808 0.7628104 0.6868609 0.7637426 0.6921144 0.7639892 0.653602 0.7690396 0.6611348 0.7636025 0.6594072 0.7422664 0.6771809 0.7495536 0.6807447 0.7450624 0.6838671 0.7501062 0.6889978 0.7577436 0.6865998 0.7566528 0.6918808 0.7781561 0.6594672 0.7690396 0.6611348 0.7713685 0.6554978 0.7450624 0.6838671 0.7530996 0.6844595 0.7501062 0.6889978 0.7799767 0.6729472 0.7746212 0.6667601 0.7799767 0.6667601 0.742164 0.6698838 0.7476332 0.6759459 0.7422664 0.6771809 0.7787396 0.6793056 0.7750066 0.6725358 0.7799767 0.6729472 0.7447954 0.6630212 0.7476477 0.6707425 0.742164 0.6698838 0.7755051 0.6852028 0.7739592 0.6776203 0.7787396 0.6793056 0.7447954 0.6630212 0.7532729 0.6620141 0.7496157 0.6658715 0.7476332 0.6759459 0.7534943 0.6781579 0.7495536 0.6807447 0.7476332 0.6759459 0.7523505 0.6716397 0.7522791 0.6750206 0.7476477 0.6707425 0.7537134 0.6685009 0.7523505 0.6716397 0.7532729 0.6620141 0.7537134 0.6685009 0.7496157 0.6658715 0.7532729 0.6620141 0.759387 0.664533 0.7561581 0.66597 0.7636025 0.6594072 0.759387 0.664533 0.758144 0.6597434 0.7690396 0.6611348 0.7629817 0.6644259 0.7636025 0.6594072 0.774396 0.6651939 0.7664421 0.6657356 0.7690396 0.6611348 0.7746212 0.6667601 0.7699609 0.6725435 0.768911 0.6687841 0.7750066 0.6725358 0.769495 0.6760627 0.7699609 0.6725435 0.7739592 0.6776203 0.7678005 0.6790677 0.769495 0.6760627 0.7675822 0.6852368 0.7678005 0.6790677 0.7714245 0.682013 0.7628104 0.6868609 0.7652733 0.6812512 0.7675822 0.6852368 0.7628104 0.6868609 0.7588324 0.6820687 0.7621372 0.6822939 0.7577436 0.6865998 0.7558244 0.680601 0.7588324 0.6820687 0.7495536 0.6807447 0.7558244 0.680601 0.7530996 0.6844595 0.7543371 0.1952813 0.7660027 0.2030872 0.7556842 0.2061116 0.7605254 0.2159225 0.7660027 0.2030872 0.7692992 0.2096624 0.7605254 0.2159225 0.7745847 0.2148023 0.7683403 0.2236173 0.7683403 0.2236173 0.7812808 0.217927 0.7782766 0.2283279 0.7892474 0.2295113 0.7812808 0.217927 0.7886493 0.218675 0.8000634 0.2270044 0.7886493 0.218675 0.7958711 0.2169367 0.8000634 0.2270044 0.8021249 0.2128514 0.8095938 0.2210171 0.8169226 0.211992 0.8021249 0.2128514 0.8066228 0.2067611 0.8165693 0.1839563 0.8024767 0.1816107 0.8104357 0.1745408 0.8017902 0.1678803 0.8024767 0.1816107 0.796772 0.1771751 0.8017902 0.1678803 0.789899 0.1749457 0.7915272 0.164493 0.7915272 0.164493 0.7826594 0.175132 0.7807371 0.164696 0.7706034 0.1684533 0.7826594 0.175132 0.7758677 0.1777037 0.7622512 0.1753521 0.7758677 0.1777037 0.7702842 0.1823787 0.7622512 0.1753521 0.7665364 0.1886446 0.7566159 0.1846356 0.7566159 0.1846356 0.7650505 0.1958117 0.7543371 0.1952813 0.7030146 0.9459193 0.7105113 0.9567204 0.7030146 0.9567204 0.7030146 0.9567204 0.7105113 0.9675212 0.7030146 0.9675212 0.7105113 0.9675212 0.7030146 0.9783222 0.7030146 0.9675212 0.7030146 0.9135164 0.7105113 0.9243173 0.7030146 0.9243173 0.7105113 0.9243173 0.7030146 0.9351182 0.7030146 0.9243173 0.7105113 0.9351182 0.7030146 0.9459193 0.7030146 0.9351182 0.7030146 0.9135164 0.7030146 0.9243173 0.6936607 0.9297177 0.8498898 0.9573226 0.854163 0.9634793 0.8498898 0.9634793 0.8498898 0.9634793 0.854163 0.969636 0.8498898 0.969636 0.854163 0.969636 0.8498898 0.9757927 0.8498898 0.969636 0.8498898 0.9757927 0.854163 0.9819493 0.8498897 0.9819493 0.8541631 0.9450093 0.8498898 0.9511659 0.8498898 0.9450093 0.854163 0.9511659 0.8498898 0.9573226 0.8498898 0.9511659 0.844558 0.9419309 0.8498898 0.9450093 0.8498898 0.9511659 0.8656501 0.9665578 0.8699232 0.9727144 0.8656501 0.9727144 0.8656501 0.9727144 0.8699232 0.978871 0.8656501 0.978871 0.8699232 0.9419309 0.8656499 0.9480877 0.8656499 0.9419309 0.8656499 0.9480877 0.8699232 0.9542443 0.8656501 0.9542443 0.8699232 0.9542443 0.8656501 0.9604009 0.8656501 0.9542443 0.8699232 0.9604009 0.8656501 0.9665578 0.8656501 0.9604009 0.8656501 0.9727144 0.8603182 0.9819493 0.8549864 0.9727144 0.8750199 0.9819493 0.8707467 0.9757927 0.8750199 0.9757927 0.8750199 0.9757927 0.8707467 0.969636 0.8750199 0.9696359 0.8707467 0.969636 0.8750198 0.9634793 0.8750199 0.9696359 0.8750198 0.9634793 0.8707467 0.9573226 0.8750198 0.9573226 0.8707467 0.9573226 0.8750199 0.9511659 0.8750198 0.9573226 0.8750199 0.9511659 0.8707467 0.9450093 0.8750199 0.9450093 0.8803517 0.9542442 0.8750199 0.9511659 0.8803517 0.9419309 0.8844036 0.6566861 0.8886768 0.6628427 0.8844036 0.6628427 0.8844036 0.6628427 0.8886769 0.6689993 0.8844036 0.6689993 0.8886769 0.6689993 0.8844036 0.675156 0.8844036 0.6689993 0.8844036 0.675156 0.8886768 0.6813127 0.8844036 0.6813126 0.8886768 0.6813127 0.8844035 0.6874694 0.8844036 0.6813126 0.8886768 0.6874694 0.8844035 0.6936261 0.8844035 0.6874694 0.87374 0.6628427 0.87374 0.6566861 0.8790718 0.6536077 0.004001557 0.4581537 0.008808195 0.4173381 0.003738403 0.4172977 0.008363008 0.3681254 0.02013093 0.4051952 0.0194621 0.3535131 0.006647408 0.1685186 0.01447713 0.1266244 0.009733617 0.1258636 0.009733617 0.1258636 0.02160596 0.08555585 0.01693403 0.08415943 0.01693403 0.08415943 0.03365111 0.05608844 0.02929848 0.05311483 0.02929848 0.05311483 0.05028349 0.03490334 0.04668426 0.03089404 0.05028349 0.03490334 0.06836444 0.01547908 0.04668426 0.03089404 0.06836444 0.01547908 0.09377199 0.00972402 0.09253275 0.004467546 0.1181695 0.005568623 0.09253275 0.004467546 0.09377199 0.00972402 0.118493 0.07246738 0.09377199 0.00972402 0.09439259 0.07605046 0.09439259 0.07605046 0.07079261 0.01894015 0.07158541 0.08416688 0.07158541 0.08416688 0.05028349 0.03490334 0.05121517 0.09585922 0.05121517 0.09585922 0.03365111 0.05608844 0.03488504 0.1141821 0.03488504 0.1141821 0.02160596 0.08555585 0.02227866 0.1269193 0.006682157 0.249953 0.0180608 0.2951877 0.01841998 0.2424402 0.02233415 0.1685993 0.03419613 0.1940224 0.03526085 0.164189 0.02029347 0.2048538 0.01155477 0.1689301 0.008864283 0.2100683 0.03392177 0.4579219 0.02013093 0.4051952 0.02051347 0.4580246 0.03349536 0.4013055 0.0194621 0.3535131 0.02013093 0.4051952 0.0323376 0.3157423 0.0180608 0.2951877 0.01894372 0.3238638 0.03197264 0.2866623 0.01841998 0.2424402 0.0180608 0.2951877 0.05171394 0.4577904 0.03349536 0.4013055 0.03392177 0.4579219 0.0512588 0.3987514 0.03279405 0.3443135 0.03349536 0.4013055 0.05031603 0.3088827 0.03197264 0.2866623 0.0323376 0.3157423 0.05013978 0.2784821 0.03236573 0.2271803 0.03197264 0.2866623 0.05126571 0.1826534 0.03526085 0.164189 0.03419613 0.1940224 0.05163002 0.157817 0.03488504 0.1141821 0.03526085 0.164189 0.07255083 0.4576454 0.0512588 0.3987514 0.05171394 0.4577904 0.07213425 0.3967114 0.05057853 0.3344186 0.0512588 0.3987514 0.07140606 0.3036566 0.05013978 0.2784821 0.05031603 0.3088827 0.07129096 0.2723737 0.05036538 0.2171155 0.05013978 0.2784821 0.07184511 0.1737609 0.05163002 0.157817 0.05126571 0.1826534 0.0720188 0.1480589 0.05121517 0.09585922 0.05163002 0.157817 0.09583491 0.4574974 0.07213425 0.3967114 0.07255083 0.4576454 0.09546589 0.3953009 0.07159525 0.3308012 0.07213425 0.3967114 0.09488368 0.3002908 0.07129096 0.2723737 0.07140606 0.3036566 0.09476035 0.2684586 0.07141256 0.2094233 0.07129096 0.2723737 0.09510046 0.1686444 0.0720188 0.1480589 0.07184511 0.1737609 0.09475088 0.1415516 0.07158541 0.08416688 0.0720188 0.1480589 0.120382 0.4573597 0.09546589 0.3953009 0.09583491 0.4574974 0.09546589 0.3953009 0.1197518 0.3308199 0.09504383 0.3292399 0.1195952 0.2989187 0.09476035 0.2684586 0.09488368 0.3002908 0.1194389 0.2669641 0.09544736 0.2059051 0.09476035 0.2684586 0.1189451 0.165628 0.09475088 0.1415516 0.09510046 0.1686444 0.1188145 0.1387538 0.09439259 0.07605046 0.09475088 0.1415516 0.008864283 0.2100683 0.01841998 0.2424402 0.02029347 0.2048538 0.02051347 0.4580246 0.008808195 0.4173381 0.009107232 0.4581136 0.003968536 0.2097299 0.01155477 0.1689301 0.006647408 0.1685186 0.001268386 0.249355 0.008864283 0.2100683 0.003968536 0.2097299 0.001182317 0.2959387 0.007916092 0.3317573 0.006340384 0.2958478 0.002972424 0.3342606 0.008363008 0.3681254 0.007916092 0.3317573 0.00342381 0.3763541 0.008808195 0.4173381 0.008363008 0.3681254 0.04633659 0.03054261 0.02929848 0.05311483 0.04668426 0.03089404 0.01693403 0.08415943 0.02881819 0.05285483 0.02929848 0.05311483 0.09253275 0.004467546 0.1181443 3.4783e-4 0.1181466 8.26601e-4 0.01630145 0.08399724 0.009733617 0.1258636 0.01693403 0.08415943 0.003263831 0.2096911 0.001268386 0.249355 0.003968536 0.2097299 0.008995711 0.1257793 0.006647408 0.1685186 0.009733617 0.1258636 8.23288e-4 0.2493353 7.49127e-4 0.270776 0.001268386 0.249355 6.7476e-4 0.2959605 0.002972424 0.3342606 0.001182317 0.2959387 0.005914986 0.1684749 0.003968536 0.2097299 0.006647408 0.1685186 0.002274572 0.3342848 0.00342381 0.3763541 0.002972424 0.3342606 0.002700626 0.3763667 0.003738403 0.4172977 0.00342381 0.3763541 0.09239554 0.004019916 0.06836444 0.01547908 0.09253275 0.004467546 0.003026783 0.4173089 0.004001557 0.4581537 0.003738403 0.4172977 3.4783e-4 0.2707788 0.001182317 0.2959387 7.49127e-4 0.270776 0.06812167 0.01506835 0.04668426 0.03089404 0.06836444 0.01547908 0.6009453 0.9996522 0.6088804 0.9735742 0.5962429 0.9746335 0.5962429 0.9746335 0.6021124 0.9480958 0.5894749 0.9491552 0.5827564 0.9242788 0.5859654 0.8972404 0.5733279 0.8982999 0.5592833 0.5389175 0.5462978 0.5000015 0.5466458 0.5399769 0.01447713 0.1266244 0.02233415 0.1685993 0.02227866 0.1269193 0.03526085 0.164189 0.02227866 0.1269193 0.02233415 0.1685993 0.4725238 0.316717 0.4859142 0.34095 0.4846139 0.300921 0.5592448 0.5789576 0.5466458 0.5399769 0.5466073 0.5800168 0.01447713 0.1266244 0.02227866 0.1269193 0.02160596 0.08555585 0.5589571 0.6209317 0.5466073 0.5800168 0.5463196 0.6219909 0.5593243 0.6590518 0.5463196 0.6219909 0.5466867 0.6601111 0.5533666 0.7802493 0.5433623 0.740204 0.5407291 0.7813087 0.5559998 0.7391447 0.5453864 0.7001399 0.5433623 0.740204 0.5483796 0.8241273 0.5533666 0.7802493 0.5407291 0.7813087 0.5613649 0.866733 0.561017 0.823068 0.5483796 0.8241273 0.5894749 0.9491552 0.5953939 0.9232195 0.5827564 0.9242788 0.5733279 0.8982999 0.5740025 0.8656736 0.5613649 0.866733 0.119124 0.2024162 0.09510046 0.1686444 0.09544736 0.2059051 0.09544736 0.2059051 0.07184511 0.1737609 0.07141256 0.2094233 0.07141256 0.2094233 0.05126571 0.1826534 0.05036538 0.2171155 0.05036538 0.2171155 0.03419613 0.1940224 0.03236573 0.2271803 0.03236573 0.2271803 0.02029347 0.2048538 0.01841998 0.2424402 0.006682157 0.249953 0.001268386 0.249355 7.49127e-4 0.270776 0.09504383 0.3292399 0.1195952 0.2989187 0.09488368 0.3002908 0.09504383 0.3292399 0.07140606 0.3036566 0.07159525 0.3308012 0.07159525 0.3308012 0.05031603 0.3088827 0.05057853 0.3344186 0.05057853 0.3344186 0.0323376 0.3157423 0.03279405 0.3443135 0.03279405 0.3443135 0.01894372 0.3238638 0.0194621 0.3535131 0.01894372 0.3238638 0.006340384 0.2958478 0.007916092 0.3317573 0.0194621 0.3535131 0.007916092 0.3317573 0.008363008 0.3681254 0.4504016 0.3474352 0.4615293 0.3256105 0.4504106 0.3180189 0.4615297 0.2899155 0.4504106 0.3180189 0.4615293 0.3256105 0.4504106 0.3180189 0.4371367 0.3384743 0.4504016 0.3474352 0.4371274 0.3103589 0.4196068 0.3289677 0.4371367 0.3384743 0.4195806 0.3040192 0.3990594 0.3256591 0.4196068 0.3289677 0.39903 0.2991802 0.3761522 0.3243279 0.3990594 0.3256591 0.3761522 0.3243279 0.3529384 0.2948812 0.3529384 0.3260249 0.466521 0.2897505 0.461223 0.2497962 0.4615297 0.2899155 0.4494603 0.2041525 0.436771 0.22613 0.4500698 0.2417891 0.4358686 0.193103 0.4193734 0.2157227 0.436771 0.22613 0.4190783 0.181526 0.3988495 0.2078152 0.4193734 0.2157227 0.3987027 0.1724842 0.3752899 0.2041957 0.3988495 0.2078152 0.3756526 0.1673351 0.3529385 0.2007935 0.3752899 0.2041957 0.4569349 0.1255498 0.4493334 0.08252966 0.448898 0.1257608 0.448898 0.1257608 0.4353269 0.1633033 0.4481934 0.1679538 0.4481934 0.1679538 0.4569349 0.1255498 0.448898 0.1257608 0.466598 0.3701199 0.4616259 0.4103807 0.4666233 0.410305 0.4665359 0.3279928 0.4615864 0.3619256 0.466598 0.3701199 0.466521 0.2897505 0.4615293 0.3256105 0.4665359 0.3279928 0.4607257 0.2095947 0.4662206 0.2495807 0.4656409 0.2093768 0.4589875 0.1685174 0.4656409 0.2093768 0.4639232 0.1682209 0.4616259 0.4103807 0.4503535 0.4493678 0.461559 0.4493678 0.4607257 0.2095947 0.4500698 0.2417891 0.461223 0.2497962 0.3760429 0.07474142 0.3529385 0.1376593 0.3759608 0.1403604 0.3759608 0.1403604 0.3529385 0.1644009 0.3756526 0.1673351 0.3752899 0.2041957 0.3529384 0.2637612 0.3761084 0.2651094 0.3761084 0.2651094 0.3529384 0.2948812 0.3761345 0.2960796 0.3761751 0.3892095 0.3529384 0.3260249 0.3529383 0.3886817 0.3761751 0.3892095 0.3529382 0.4493678 0.3761855 0.4493678 0.3988403 0.08259969 0.3759608 0.1403604 0.3986092 0.1468406 0.3986092 0.1468406 0.3756526 0.1673351 0.3987027 0.1724842 0.3988495 0.2078152 0.3761084 0.2651094 0.3989871 0.2688236 0.3989871 0.2688236 0.3761345 0.2960796 0.39903 0.2991802 0.3990594 0.3256591 0.3761751 0.3892095 0.3990947 0.3904541 0.3990947 0.3904541 0.3761855 0.4493678 0.3991085 0.4493678 0.4193207 0.09405654 0.3986092 0.1468406 0.4189719 0.1567119 0.4189719 0.1567119 0.3987027 0.1724842 0.4190783 0.181526 0.4193734 0.2157227 0.3989871 0.2688236 0.4195436 0.2746211 0.4195436 0.2746211 0.39903 0.2991802 0.4195806 0.3040192 0.4196068 0.3289677 0.3990947 0.3904541 0.4196285 0.3923237 0.4196285 0.3923237 0.3991085 0.4493678 0.4196274 0.4493678 0.4359594 0.1125344 0.4189719 0.1567119 0.4353269 0.1633033 0.4353269 0.1633033 0.4190783 0.181526 0.4358686 0.193103 0.436771 0.22613 0.4195436 0.2746211 0.437111 0.2822612 0.437111 0.2822612 0.4195806 0.3040192 0.4371274 0.3103589 0.4371367 0.3384743 0.4196285 0.3923237 0.4371444 0.3947216 0.4371444 0.3947216 0.4196274 0.4493678 0.4371521 0.4493678 0.4500698 0.2417891 0.437111 0.2822612 0.4504026 0.2898926 0.4504026 0.2898926 0.4371274 0.3103589 0.4504106 0.3180189 0.4504016 0.3474352 0.4371444 0.3947216 0.4503625 0.3984707 0.4503625 0.3984707 0.4371521 0.4493678 0.4503535 0.4493678 0.4494603 0.2041525 0.4589875 0.1685174 0.4481934 0.1679538 0.4358686 0.193103 0.4481934 0.1679538 0.4353269 0.1633033 0.4504026 0.2898926 0.461223 0.2497962 0.4500698 0.2417891 0.4493334 0.08252966 0.4359594 0.1125344 0.448898 0.1257608 0.4365366 0.05307877 0.4193207 0.09405654 0.4359594 0.1125344 0.4195241 0.03287684 0.3988403 0.08259969 0.4193207 0.09405654 0.3989834 0.01807641 0.3760429 0.07474142 0.3988403 0.08259969 0.3761051 0.00881195 0.3529387 0.07131558 0.3760429 0.07474142 0.3529388 0.004839837 0.3773131 0.00363326 0.3529389 3.4783e-4 0.4013069 0.01466792 0.3761051 0.00881195 0.3989834 0.01807641 0.4013069 0.01466792 0.4195241 0.03287684 0.4228056 0.02894282 0.4407157 0.05002433 0.4195241 0.03287684 0.4365366 0.05307877 0.4540905 0.08101397 0.4365366 0.05307877 0.4493334 0.08252966 0.4618544 0.1248354 0.4493334 0.08252966 0.4569349 0.1255498 0.4639232 0.1682209 0.4569349 0.1255498 0.4589875 0.1685174 0.4615864 0.3619256 0.4503625 0.3984707 0.4616259 0.4103807 0.4616259 0.4103807 0.466571 0.4493678 0.4666233 0.410305 0.009445846 0.4988738 0.004001557 0.4581537 0.004381179 0.4989981 0.009866595 0.5480316 0.02095824 0.5108191 0.009445846 0.4988738 0.01656925 0.7433952 0.02554118 0.7819074 0.02112787 0.7427981 0.0212112 0.7827878 0.03334939 0.8190353 0.02554118 0.7819074 0.02910149 0.8204318 0.04525285 0.8460466 0.03334939 0.8190353 0.04127991 0.8488969 0.0611633 0.8654708 0.04525285 0.8460466 0.07828009 0.8831912 0.0611633 0.8654708 0.05789721 0.8692596 0.07828009 0.8831912 0.1016086 0.8876361 0.08043485 0.8799422 0.1238611 0.8909184 0.1006144 0.8924364 0.1239248 0.8952173 0.1016086 0.8876361 0.123058 0.8295643 0.1007707 0.8266739 0.08043485 0.8799422 0.1007707 0.8266739 0.07950598 0.8196035 0.0611633 0.8654708 0.07950598 0.8196035 0.06033188 0.8091928 0.04525285 0.8460466 0.06033188 0.8091928 0.04469335 0.7926418 0.03334939 0.8190353 0.04469335 0.7926418 0.0327022 0.781356 0.02125358 0.6205734 0.01251316 0.6671941 0.02409189 0.6734859 0.04133576 0.718335 0.03121876 0.7426659 0.04348045 0.7463045 0.02774637 0.7086801 0.02112787 0.7427981 0.03121876 0.7426659 0.02095824 0.5108191 0.03392177 0.4579219 0.02051347 0.4580246 0.02121722 0.5624026 0.03436446 0.5144832 0.02095824 0.5108191 0.02125358 0.6205734 0.03488087 0.5997414 0.02133202 0.5919806 0.02409189 0.6734859 0.03543704 0.6286466 0.02125358 0.6205734 0.03436446 0.5144832 0.05171394 0.4577904 0.03392177 0.4579219 0.03468775 0.571307 0.05212694 0.51675 0.03436446 0.5144832 0.03543704 0.6286466 0.05289602 0.6061135 0.03488087 0.5997414 0.03809601 0.6871311 0.05357456 0.6361251 0.03543704 0.6286466 0.04348045 0.7463045 0.05786329 0.7284328 0.04133576 0.718335 0.04469335 0.7926418 0.05899393 0.7517272 0.04348045 0.7463045 0.05212694 0.51675 0.07255083 0.4576454 0.05171394 0.4577904 0.05257672 0.5807927 0.07296395 0.5184743 0.05212694 0.51675 0.05357456 0.6361251 0.07382631 0.6108016 0.05289602 0.6061135 0.05574202 0.6958753 0.07442843 0.6415238 0.05357456 0.6361251 0.05899393 0.7517272 0.07754361 0.7361961 0.05786329 0.7284328 0.06033188 0.8091928 0.07835829 0.7603122 0.05899393 0.7517272 0.07296395 0.5184743 0.09583491 0.4574974 0.07255083 0.4576454 0.07348078 0.5839814 0.09621429 0.5195695 0.07296395 0.5184743 0.07442843 0.6415238 0.09696942 0.6136817 0.07382631 0.6108016 0.07613527 0.7024586 0.09738975 0.6448405 0.07442843 0.6415238 0.07835829 0.7603122 0.09961175 0.7404859 0.07754361 0.7361961 0.07950598 0.8196035 0.09980702 0.7659161 0.07835829 0.7603122 0.09621429 0.5195695 0.120382 0.4573597 0.09583491 0.4574974 0.09621429 0.5195695 0.1210505 0.5832805 0.1207059 0.5199665 0.09738975 0.6448405 0.1212322 0.6146831 0.09696942 0.6136817 0.0992009 0.7051984 0.1214259 0.645938 0.09738975 0.6448405 0.09980702 0.7659161 0.1221558 0.7429421 0.09961175 0.7404859 0.1007707 0.8266739 0.1223905 0.7681416 0.09980702 0.7659161 0.01671916 0.7042433 0.02409189 0.6734859 0.01251316 0.6671941 0.009445846 0.4988738 0.02051347 0.4580246 0.009107232 0.4581136 0.02112787 0.7427981 0.01213395 0.7047764 0.01656925 0.7433952 0.01671916 0.7042433 0.00736314 0.6681914 0.01213395 0.7047764 0.00431621 0.6203498 0.01012903 0.5843657 0.005130112 0.5819743 0.005130112 0.5819743 0.009866595 0.5480316 0.004782676 0.5399044 0.004782676 0.5399044 0.009445846 0.4988738 0.004381179 0.4989981 0.04084426 0.8491606 0.05728417 0.8699238 0.05759268 0.8695955 0.02852004 0.8206142 0.04041171 0.8494122 0.04084426 0.8491606 0.1005104 0.8928512 0.1239422 0.8960533 0.1239363 0.8956394 0.02794778 0.8207838 0.02052944 0.7829069 0.02852004 0.8206142 0.006902933 0.6682487 0.01082777 0.704924 0.01148235 0.7048531 0.0158832 0.7434751 0.01985651 0.7830119 0.02052944 0.7829069 0.005153357 0.6455327 0.006440699 0.6682942 0.006902933 0.6682487 0.005130112 0.5819743 0.003807365 0.6203458 0.00431621 0.6203498 0.01148235 0.7048531 0.01520222 0.7435479 0.0158832 0.7434751 0.004782676 0.5399044 0.004431784 0.5819655 0.005130112 0.5819743 0.004381179 0.4989981 0.00405991 0.539905 0.004782676 0.5399044 0.07807564 0.8835796 0.1003999 0.8932577 0.1005104 0.8928512 0.004001557 0.4581537 0.003669917 0.4989987 0.004381179 0.4989981 0.00431621 0.6203498 0.004737257 0.6455516 0.005153357 0.6455327 0.05759268 0.8695955 0.07786756 0.8839562 0.07807564 0.8835796 0.6009451 3.4783e-4 0.6088804 0.02642619 0.613442 0.002303302 0.5962426 0.02536678 0.6021123 0.05190473 0.6088804 0.02642619 0.5827562 0.07572191 0.5859653 0.1027604 0.5953938 0.07678127 0.5462978 0.5000015 0.5592833 0.4610854 0.5466457 0.4600261 0.03121876 0.7426659 0.02554118 0.7819074 0.0327022 0.781356 0.0327022 0.781356 0.04348045 0.7463045 0.03121876 0.7426659 0.4859145 0.6590511 0.4732769 0.6601104 0.4725242 0.683284 0.5466457 0.4600261 0.5592448 0.4210454 0.5466072 0.419986 0.02554118 0.7819074 0.03334939 0.8190353 0.0327022 0.781356 0.5466072 0.419986 0.558957 0.3790711 0.5463195 0.3780117 0.5463195 0.3780117 0.5593242 0.3409507 0.5466865 0.3398914 0.5433619 0.2597981 0.5533663 0.2197527 0.5407286 0.2186933 0.5453862 0.2998624 0.5559995 0.2608574 0.5433619 0.2597981 0.5483791 0.1758743 0.5533663 0.2197527 0.5610167 0.1769337 0.5613646 0.1332684 0.5610167 0.1769337 0.5740022 0.1343277 0.5894746 0.05084544 0.5953938 0.07678127 0.6021123 0.05190473 0.5733277 0.1017012 0.5740022 0.1343277 0.5859653 0.1027604 0.09961175 0.7404859 0.1218656 0.7081375 0.0992009 0.7051984 0.07754361 0.7361961 0.0992009 0.7051984 0.07613527 0.7024586 0.05786329 0.7284328 0.07613527 0.7024586 0.05574202 0.6958753 0.04133576 0.718335 0.05574202 0.6958753 0.03809601 0.6871311 0.02774637 0.7086801 0.03809601 0.6871311 0.02409189 0.6734859 0.005153357 0.6455327 0.00736314 0.6681914 0.01251316 0.6671941 0.0966835 0.5851467 0.1212322 0.6146831 0.1210505 0.5832805 0.07382631 0.6108016 0.0966835 0.5851467 0.07348078 0.5839814 0.05289602 0.6061135 0.07348078 0.5839814 0.05257672 0.5807927 0.03488087 0.5997414 0.05257672 0.5807927 0.03468775 0.571307 0.02133202 0.5919806 0.03468775 0.571307 0.02121722 0.5624026 0.009455025 0.6202588 0.02133202 0.5919806 0.01012903 0.5843657 0.02121722 0.5624026 0.01012903 0.5843657 0.02133202 0.5919806 0.4504016 0.5513007 0.4615292 0.5731254 0.4615864 0.5368102 0.4504105 0.580717 0.4615297 0.6088204 0.4615292 0.5731254 0.4371365 0.5602614 0.4504105 0.580717 0.4504016 0.5513007 0.4196066 0.5697681 0.4371272 0.5883769 0.4371365 0.5602614 0.3990592 0.5730766 0.4195805 0.5947166 0.4196066 0.5697681 0.376152 0.5744079 0.3990299 0.5995557 0.3990592 0.5730766 0.376152 0.5744079 0.3529381 0.6038545 0.3761343 0.6026561 0.4612228 0.6489398 0.4665209 0.6089854 0.4615297 0.6088204 0.4367708 0.672606 0.44946 0.6945834 0.4500695 0.6569469 0.419373 0.6830132 0.4358683 0.7056331 0.4367708 0.672606 0.3988492 0.6909207 0.4190779 0.7172099 0.419373 0.6830132 0.3752895 0.6945401 0.3987023 0.7262517 0.3988492 0.6909207 0.3529381 0.6979422 0.3756521 0.7314007 0.3752895 0.6945401 0.4569345 0.7731865 0.4488975 0.7729754 0.4493327 0.8162066 0.4353266 0.7354328 0.4488975 0.7729754 0.4481931 0.7307823 0.4569345 0.7731865 0.4481931 0.7307823 0.4488975 0.7729754 0.466598 0.5286158 0.4616259 0.4883551 0.4615864 0.5368102 0.4665359 0.570743 0.4615864 0.5368102 0.4615292 0.5731254 0.4665209 0.6089854 0.4615292 0.5731254 0.4615297 0.6088204 0.4662204 0.6491553 0.4607254 0.6891412 0.4656407 0.6893592 0.4656407 0.6893592 0.4589872 0.7302188 0.4639229 0.7305151 0.4503535 0.4493678 0.4616259 0.4883551 0.461559 0.4493678 0.4607254 0.6891412 0.4500695 0.6569469 0.44946 0.6945834 0.3529379 0.7610765 0.3760421 0.8239947 0.3759602 0.7583755 0.3529381 0.7343349 0.3759602 0.7583755 0.3756521 0.7314007 0.3529381 0.6349745 0.3752895 0.6945401 0.3761081 0.6336264 0.3529381 0.6038545 0.3761081 0.6336264 0.3761343 0.6026561 0.3761751 0.5095263 0.3529382 0.5727108 0.376152 0.5744079 0.3529382 0.4493678 0.3761751 0.5095263 0.3761855 0.4493678 0.3759602 0.7583755 0.3988397 0.8161364 0.3986087 0.7518953 0.3756521 0.7314007 0.3986087 0.7518953 0.3987023 0.7262517 0.3761081 0.6336264 0.3988492 0.6909207 0.3989869 0.6299121 0.3761343 0.6026561 0.3989869 0.6299121 0.3990299 0.5995557 0.3761751 0.5095263 0.3990592 0.5730766 0.3990946 0.5082815 0.3761855 0.4493678 0.3990946 0.5082815 0.3991085 0.4493678 0.3986087 0.7518953 0.4193199 0.8046796 0.4189715 0.7420241 0.3987023 0.7262517 0.4189715 0.7420241 0.4190779 0.7172099 0.3989869 0.6299121 0.419373 0.6830132 0.4195434 0.6241147 0.3990299 0.5995557 0.4195434 0.6241147 0.4195805 0.5947166 0.3990946 0.5082815 0.4196066 0.5697681 0.4196285 0.506412 0.3991085 0.4493678 0.4196285 0.506412 0.4196274 0.4493678 0.4189715 0.7420241 0.4359589 0.7862017 0.4353266 0.7354328 0.4190779 0.7172099 0.4353266 0.7354328 0.4358683 0.7056331 0.4195434 0.6241147 0.4367708 0.672606 0.4371109 0.6164747 0.4195805 0.5947166 0.4371109 0.6164747 0.4371272 0.5883769 0.4196285 0.506412 0.4371365 0.5602614 0.4371443 0.5040142 0.4196274 0.4493678 0.4371443 0.5040142 0.4371521 0.4493678 0.4371109 0.6164747 0.4500695 0.6569469 0.4504026 0.6088433 0.4371272 0.5883769 0.4504026 0.6088433 0.4504105 0.580717 0.4371443 0.5040142 0.4504016 0.5513007 0.4503625 0.5002651 0.4371521 0.4493678 0.4503625 0.5002651 0.4503535 0.4493678 0.44946 0.6945834 0.4589872 0.7302188 0.4607254 0.6891412 0.4481931 0.7307823 0.4358683 0.7056331 0.4353266 0.7354328 0.4612228 0.6489398 0.4504026 0.6088433 0.4500695 0.6569469 0.4359589 0.7862017 0.4493327 0.8162066 0.4488975 0.7729754 0.4193199 0.8046796 0.4365358 0.8456574 0.4359589 0.7862017 0.3988397 0.8161364 0.4195233 0.8658594 0.4193199 0.8046796 0.3760421 0.8239947 0.3989825 0.8806596 0.3988397 0.8161364 0.3529379 0.8274204 0.3761041 0.8899242 0.3760421 0.8239947 0.3529378 0.8938961 0.3773122 0.8951029 0.3761041 0.8899242 0.401306 0.8840682 0.3761041 0.8899242 0.3773122 0.8951029 0.4195233 0.8658594 0.401306 0.8840682 0.4228047 0.8697934 0.4407149 0.848712 0.4195233 0.8658594 0.4228047 0.8697934 0.4540899 0.8177223 0.4365358 0.8456574 0.4407149 0.848712 0.4618539 0.7739008 0.4493327 0.8162066 0.4540899 0.8177223 0.4639229 0.7305151 0.4569345 0.7731865 0.4618539 0.7739008 0.4615864 0.5368102 0.4503625 0.5002651 0.4504016 0.5513007 0.466571 0.4493678 0.4616259 0.4883551 0.4666233 0.4884308 0.2315312 0.4162315 0.2367392 0.4569856 0.236599 0.4161412 0.2314934 0.3670263 0.2200919 0.4042035 0.2315312 0.4162315 0.2312631 0.1674264 0.223026 0.1256124 0.2263601 0.1678855 0.2277615 0.1248056 0.2155006 0.08461725 0.223026 0.1256124 0.2201589 0.08317571 0.2031705 0.05526882 0.2155006 0.08461725 0.207494 0.05225348 0.1863353 0.03424584 0.2031705 0.05526882 0.1680674 0.01499783 0.1863353 0.03424584 0.1898957 0.03020203 0.1680674 0.01499783 0.1426059 0.009488046 0.1656728 0.01848202 0.1181695 0.005568623 0.1437943 0.00421983 0.1181466 8.26601e-4 0.1426059 0.009488046 0.118493 0.07246738 0.1426268 0.07581692 0.1656728 0.01848202 0.1426268 0.07581692 0.1655112 0.08371216 0.1863353 0.03424584 0.1655112 0.08371216 0.1859932 0.09520632 0.2031705 0.05526882 0.1859932 0.09520632 0.2024998 0.1133695 0.2155006 0.08461725 0.2024998 0.1133695 0.2152283 0.1259831 0.2210842 0.2941949 0.232021 0.248854 0.2202111 0.2414565 0.2039648 0.1931961 0.2155783 0.1676596 0.2026098 0.1633754 0.2179718 0.2038913 0.2263601 0.1678855 0.2155783 0.1676596 0.2200919 0.4042035 0.2068285 0.4570513 0.2202326 0.4570205 0.220253 0.3525255 0.2066924 0.4004466 0.2200919 0.4042035 0.2210842 0.2941949 0.2070097 0.3148865 0.220481 0.322876 0.2202111 0.2414565 0.2070908 0.2858063 0.2210842 0.2941949 0.2066924 0.4004466 0.1890413 0.457098 0.2068285 0.4570513 0.206833 0.3434581 0.1889076 0.3980684 0.2066924 0.4004466 0.2070908 0.2858063 0.1889663 0.3082035 0.2070097 0.3148865 0.2061179 0.2263335 0.1888455 0.2778043 0.2070908 0.2858063 0.2026098 0.1633754 0.1867858 0.1819941 0.2039648 0.1931961 0.2024998 0.1133695 0.1861799 0.1571632 0.2026098 0.1633754 0.1889076 0.3980684 0.168209 0.4571622 0.1890413 0.457098 0.188954 0.333739 0.1680158 0.3962355 0.1889076 0.3980684 0.1888455 0.2778043 0.1678274 0.3031843 0.1889663 0.3082035 0.1880216 0.2164449 0.1676366 0.271903 0.1888455 0.2778043 0.1861799 0.1571632 0.1661214 0.1733025 0.1867858 0.1819941 0.1859932 0.09520632 0.1656978 0.1476039 0.1861799 0.1571632 0.1680158 0.3962355 0.1449282 0.4572491 0.168209 0.4571622 0.1679043 0.3303282 0.1446734 0.3950566 0.1680158 0.3962355 0.1676366 0.271903 0.1443188 0.3000487 0.1678274 0.3031843 0.166901 0.2089583 0.1441306 0.2682174 0.1676366 0.271903 0.1656978 0.1476039 0.1428177 0.1684125 0.1661214 0.1733025 0.1655112 0.08371216 0.1429039 0.1413178 0.1656978 0.1476039 0.1446734 0.3950566 0.120382 0.4573597 0.1449282 0.4572491 0.1446734 0.3950566 0.1197518 0.3308199 0.1200674 0.3946339 0.1441306 0.2682174 0.1195952 0.2989187 0.1443188 0.3000487 0.1428335 0.2056745 0.1194389 0.2669641 0.1441306 0.2682174 0.1429039 0.1413178 0.1189451 0.165628 0.1428177 0.1684125 0.1426268 0.07581692 0.1188145 0.1387538 0.1429039 0.1413178 0.2294508 0.2089941 0.2202111 0.2414565 0.232021 0.248854 0.2315312 0.4162315 0.2202326 0.4570205 0.2316353 0.4569962 0.2263601 0.1678855 0.2343428 0.208608 0.2312631 0.1674264 0.2294508 0.2089941 0.2374285 0.2482035 0.2343428 0.208608 0.237968 0.2947815 0.2315839 0.3306605 0.2365511 0.3331152 0.2365511 0.3331152 0.2314934 0.3670263 0.2365122 0.3752049 0.2365122 0.3752049 0.2315312 0.4162315 0.236599 0.4161412 0.207494 0.05225348 0.19024 0.02984726 0.1898957 0.03020203 0.2079718 0.05198895 0.2201589 0.08317571 0.207494 0.05225348 0.1437943 0.00421983 0.1181443 3.4783e-4 0.1181466 8.26601e-4 0.2207898 0.08300739 0.2277615 0.1248056 0.2201589 0.08317571 0.2374285 0.2482035 0.2350471 0.2085623 0.2343428 0.208608 0.2312631 0.1674264 0.2284985 0.1247142 0.2277615 0.1248056 0.2381563 0.2696174 0.2378734 0.2481796 0.2374285 0.2482035 0.2365511 0.3331152 0.2384757 0.2947983 0.237968 0.2947815 0.2343428 0.208608 0.231995 0.1673753 0.2312631 0.1674264 0.2365122 0.3752049 0.2372491 0.3331326 0.2365511 0.3331152 0.236599 0.4161412 0.2372353 0.3752104 0.2365122 0.3752049 0.1680674 0.01499783 0.1439272 0.003770947 0.1437943 0.00421983 0.2367392 0.4569856 0.2373105 0.4161456 0.236599 0.4161412 0.237968 0.2947815 0.2385575 0.2696163 0.2381563 0.2696174 0.1898957 0.03020203 0.1683062 0.01458466 0.1680674 0.01499783 0.5275362 3.4783e-4 0.5354712 0.02642619 0.540033 0.002303421 0.5228335 0.02536678 0.5287031 0.05190449 0.5354712 0.02642619 0.5093469 0.07572162 0.5125559 0.1027601 0.5219845 0.07678103 0.4728879 0.5000006 0.4858734 0.4610846 0.4732359 0.4600252 0.2155783 0.1676596 0.223026 0.1256124 0.2152283 0.1259831 0.2152283 0.1259831 0.2026098 0.1633754 0.2155783 0.1676596 0.4732359 0.4600252 0.4858348 0.4210444 0.4731972 0.4199851 0.223026 0.1256124 0.2155006 0.08461725 0.2152283 0.1259831 0.4731972 0.4199851 0.485547 0.3790703 0.4729095 0.3780109 0.4729095 0.3780109 0.4859142 0.34095 0.4732766 0.3398906 0.4699521 0.2597973 0.4799565 0.219752 0.4673189 0.2186927 0.4719763 0.2998617 0.4825897 0.2608568 0.4699521 0.2597973 0.4749696 0.1758736 0.4799565 0.219752 0.4876072 0.1769331 0.4879552 0.1332678 0.4876072 0.1769331 0.5005927 0.1343272 0.5160655 0.05084526 0.5219845 0.07678103 0.5287031 0.05190449 0.4999183 0.1017006 0.5005927 0.1343272 0.5125559 0.1027601 0.1428177 0.1684125 0.119124 0.2024162 0.1428335 0.2056745 0.1661214 0.1733025 0.1428335 0.2056745 0.166901 0.2089583 0.1867858 0.1819941 0.166901 0.2089583 0.1880216 0.2164449 0.2039648 0.1931961 0.1880216 0.2164449 0.2061179 0.2263335 0.2179718 0.2038913 0.2061179 0.2263335 0.2202111 0.2414565 0.2381563 0.2696174 0.2374285 0.2482035 0.232021 0.248854 0.1444427 0.3289971 0.1195952 0.2989187 0.1197518 0.3308199 0.1678274 0.3031843 0.1444427 0.3289971 0.1679043 0.3303282 0.1889663 0.3082035 0.1679043 0.3303282 0.188954 0.333739 0.2070097 0.3148865 0.188954 0.333739 0.206833 0.3434581 0.220481 0.322876 0.206833 0.3434581 0.220253 0.3525255 0.2328096 0.2947409 0.220481 0.322876 0.2315839 0.3306605 0.220253 0.3525255 0.2315839 0.3306605 0.220481 0.322876 0.2554751 0.3474349 0.2443473 0.3256103 0.2442902 0.3619253 0.2554662 0.3180187 0.244347 0.2899154 0.2443473 0.3256103 0.26874 0.3384742 0.2554662 0.3180187 0.2554751 0.3474349 0.28627 0.3289676 0.2687494 0.3103588 0.26874 0.3384742 0.3068174 0.3256591 0.2862961 0.304019 0.28627 0.3289676 0.3297245 0.3243278 0.3068467 0.29918 0.3068174 0.3256591 0.3297245 0.3243278 0.3529384 0.2948812 0.3297423 0.2960796 0.2446539 0.2497959 0.2393558 0.2897503 0.244347 0.2899154 0.2691058 0.2261298 0.2564166 0.2041524 0.2558071 0.2417888 0.2865036 0.2157226 0.2700083 0.1931027 0.2691058 0.2261298 0.3070274 0.2078151 0.2867987 0.1815257 0.2865036 0.2157226 0.3305871 0.2041957 0.3071743 0.1724842 0.3070274 0.2078151 0.3529385 0.2007935 0.3302245 0.1673351 0.3305871 0.2041957 0.2489422 0.1255492 0.2569792 0.1257604 0.2565439 0.08252924 0.27055 0.163303 0.2569792 0.1257604 0.2576835 0.1679535 0.2489422 0.1255492 0.2576835 0.1679535 0.2569792 0.1257604 0.2392786 0.3701198 0.2442506 0.4103806 0.2442902 0.3619253 0.2393407 0.3279926 0.2442902 0.3619253 0.2443473 0.3256103 0.2393558 0.2897503 0.2443473 0.3256103 0.244347 0.2899154 0.2396562 0.2495805 0.2451512 0.2095946 0.2402359 0.2093766 0.2402359 0.2093766 0.2468894 0.1685169 0.2419537 0.1682206 0.2555231 0.4493678 0.2442506 0.4103806 0.2443175 0.4493678 0.2451512 0.2095946 0.2558071 0.2417888 0.2564166 0.2041524 0.3529385 0.1376593 0.3298345 0.07474124 0.3299163 0.1403603 0.3529385 0.1644009 0.3299163 0.1403603 0.3302245 0.1673351 0.3529384 0.2637612 0.3305871 0.2041957 0.3297685 0.2651093 0.3529384 0.2948812 0.3297685 0.2651093 0.3297423 0.2960796 0.3297015 0.3892093 0.3529384 0.3260249 0.3297245 0.3243278 0.3529382 0.4493678 0.3297015 0.3892093 0.3296909 0.4493678 0.3299163 0.1403603 0.307037 0.08259952 0.307268 0.1468405 0.3302245 0.1673351 0.307268 0.1468405 0.3071743 0.1724842 0.3297685 0.2651093 0.3070274 0.2078151 0.3068897 0.2688236 0.3297423 0.2960796 0.3068897 0.2688236 0.3068467 0.29918 0.3297015 0.3892093 0.3068174 0.3256591 0.3067819 0.3904541 0.3296909 0.4493678 0.3067819 0.3904541 0.306768 0.4493678 0.307268 0.1468405 0.2865567 0.0940563 0.2869051 0.1567117 0.3071743 0.1724842 0.2869051 0.1567117 0.2867987 0.1815257 0.3068897 0.2688236 0.2865036 0.2157226 0.2863332 0.274621 0.3068467 0.29918 0.2863332 0.274621 0.2862961 0.304019 0.3067819 0.3904541 0.28627 0.3289676 0.2862481 0.3923236 0.306768 0.4493678 0.2862481 0.3923236 0.2862491 0.4493678 0.2869051 0.1567117 0.2699178 0.1125341 0.27055 0.163303 0.2867987 0.1815257 0.27055 0.163303 0.2700083 0.1931027 0.2863332 0.274621 0.2691058 0.2261298 0.2687657 0.282261 0.2862961 0.304019 0.2687657 0.282261 0.2687494 0.3103588 0.2862481 0.3923236 0.26874 0.3384742 0.2687321 0.3947214 0.2862491 0.4493678 0.2687321 0.3947214 0.2687244 0.4493678 0.2687657 0.282261 0.2558071 0.2417888 0.2554741 0.2898924 0.2687494 0.3103588 0.2554741 0.2898924 0.2554662 0.3180187 0.2687321 0.3947214 0.2554751 0.3474349 0.255514 0.3984705 0.2687244 0.4493678 0.255514 0.3984705 0.2555231 0.4493678 0.2564166 0.2041524 0.2468894 0.1685169 0.2451512 0.2095946 0.2576835 0.1679535 0.2700083 0.1931027 0.27055 0.163303 0.2446539 0.2497959 0.2554741 0.2898924 0.2558071 0.2417888 0.2699178 0.1125341 0.2565439 0.08252924 0.2569792 0.1257604 0.2865567 0.0940563 0.2693409 0.05307853 0.2699178 0.1125341 0.307037 0.08259952 0.2863534 0.03287649 0.2865567 0.0940563 0.3298345 0.07474124 0.3068943 0.01807636 0.307037 0.08259952 0.3529387 0.07131558 0.3297725 0.008811712 0.3298345 0.07474124 0.3529388 0.004839837 0.3285645 0.003633141 0.3297725 0.008811712 0.3045707 0.01466768 0.3297725 0.008811712 0.3285645 0.003633141 0.2863534 0.03287649 0.3045707 0.01466768 0.283072 0.02894252 0.2651618 0.05002397 0.2863534 0.03287649 0.283072 0.02894252 0.2517868 0.08101361 0.2693409 0.05307853 0.2651618 0.05002397 0.2440227 0.124835 0.2565439 0.08252924 0.2517868 0.08101361 0.2419537 0.1682206 0.2489422 0.1255492 0.2440227 0.124835 0.2442902 0.3619253 0.255514 0.3984705 0.2554751 0.3474349 0.2393055 0.4493678 0.2442506 0.4103806 0.2392533 0.4103049 0.2367392 0.4569856 0.2317031 0.4977406 0.236766 0.4978143 0.2317772 0.5468689 0.2203173 0.5097945 0.220584 0.5613399 0.22733 0.741627 0.219154 0.7799524 0.2234658 0.7807387 0.2234658 0.7807387 0.2121917 0.8169332 0.216428 0.8182206 0.216428 0.8182206 0.2010175 0.844015 0.2050364 0.846746 0.2050364 0.846746 0.1856866 0.8637672 0.1890376 0.8674501 0.1856866 0.8637672 0.1691501 0.8818837 0.1890376 0.8674501 0.1691501 0.8818837 0.1459481 0.8870112 0.1470745 0.8917763 0.1238611 0.8909184 0.1470745 0.8917763 0.1459481 0.8870112 0.123058 0.8295643 0.1459481 0.8870112 0.1452541 0.8261389 0.1452541 0.8261389 0.1669073 0.8787034 0.1662986 0.8185846 0.1662986 0.8185846 0.1856866 0.8637672 0.1851627 0.8077791 0.1851627 0.8077791 0.2010175 0.844015 0.2003526 0.7909963 0.2003526 0.7909963 0.2121917 0.8169332 0.2120359 0.7795475 0.2304173 0.6658212 0.2211538 0.6194207 0.2189415 0.6722244 0.2127734 0.7411314 0.2023423 0.7170916 0.2006531 0.7449442 0.2157144 0.7072982 0.222793 0.7411057 0.2266108 0.7027452 0.2068285 0.4570513 0.2203173 0.5097945 0.2202326 0.4570205 0.2069562 0.5135918 0.220584 0.5613399 0.2203173 0.5097945 0.2073289 0.5987724 0.2211538 0.6194207 0.2207738 0.5908798 0.2070935 0.6276313 0.2189415 0.6722244 0.2211538 0.6194207 0.1890413 0.457098 0.2069562 0.5135918 0.2068285 0.4570513 0.1892272 0.5160386 0.2072208 0.5703736 0.2069562 0.5135918 0.1894122 0.6053317 0.2070935 0.6276313 0.2073289 0.5987724 0.1890805 0.6353021 0.2051488 0.6859883 0.2070935 0.6276313 0.1860522 0.7273927 0.2006531 0.7449442 0.2023423 0.7170916 0.1853176 0.7506005 0.2003526 0.7909963 0.2006531 0.7449442 0.168209 0.4571622 0.1892272 0.5160386 0.1890413 0.457098 0.1684189 0.5179768 0.1894529 0.5800384 0.1892272 0.5160386 0.1685633 0.6102503 0.1890805 0.6353021 0.1894122 0.6053317 0.1683289 0.6409407 0.1876826 0.6949314 0.1890805 0.6353021 0.1665758 0.735445 0.1853176 0.7506005 0.1860522 0.7273927 0.1661944 0.7594947 0.1851627 0.8077791 0.1853176 0.7506005 0.1449282 0.4572491 0.1684189 0.5179768 0.168209 0.4571622 0.1451883 0.5193132 0.1686049 0.5834516 0.1684189 0.5179768 0.1454756 0.6133965 0.1683289 0.6409407 0.1685633 0.6102503 0.1454373 0.6445376 0.1674462 0.701782 0.1683289 0.6409407 0.1446362 0.7400974 0.1661944 0.7594947 0.1665758 0.735445 0.1449084 0.7654854 0.1662986 0.8185846 0.1661944 0.7594947 0.120382 0.4573597 0.1451883 0.5193132 0.1449282 0.4572491 0.1451883 0.5193132 0.1210505 0.5832805 0.1454313 0.5848736 0.1212322 0.6146831 0.1454373 0.6445376 0.1454756 0.6133965 0.1214259 0.645938 0.1444687 0.7048572 0.1454373 0.6445376 0.1221558 0.7429421 0.1449084 0.7654854 0.1446362 0.7400974 0.1223905 0.7681416 0.1452541 0.8261389 0.1449084 0.7654854 0.2266108 0.7027452 0.2189415 0.6722244 0.2157144 0.7072982 0.2202326 0.4570205 0.2317031 0.4977406 0.2316353 0.4569962 0.2311677 0.7032182 0.222793 0.7411057 0.22733 0.741627 0.2355615 0.6667575 0.2266108 0.7027452 0.2311677 0.7032182 0.2380498 0.6190165 0.2318804 0.5831604 0.2329201 0.6189808 0.2368471 0.5807222 0.2317772 0.5468689 0.2318804 0.5831604 0.2367751 0.5386978 0.2317031 0.4977406 0.2317772 0.5468689 0.189677 0.8680897 0.2054792 0.8469845 0.189361 0.8677716 0.2059155 0.8472234 0.2170014 0.8183729 0.2054792 0.8469845 0.1239422 0.8960533 0.147199 0.8921815 0.1239363 0.8956394 0.2241306 0.7808346 0.2175732 0.8185282 0.2170014 0.8183729 0.2324708 0.7033438 0.2360205 0.6668047 0.2318181 0.7032812 0.2247993 0.7809253 0.2280117 0.7416949 0.2241306 0.7808346 0.2364814 0.6668452 0.2375001 0.644151 0.2360205 0.6668047 0.2385575 0.6190071 0.2368471 0.5807222 0.2380498 0.6190165 0.2286873 0.7417559 0.2318181 0.7032812 0.2280117 0.7416949 0.2375442 0.5807064 0.2367751 0.5386978 0.2368471 0.5807222 0.2374972 0.5386912 0.236766 0.4978143 0.2367751 0.5386978 0.1473213 0.8925841 0.1693735 0.8822592 0.147199 0.8921815 0.2374769 0.4978078 0.2367392 0.4569856 0.236766 0.4978143 0.237915 0.6441651 0.2380498 0.6190165 0.2375001 0.644151 0.1695916 0.8826291 0.189361 0.8677716 0.1693735 0.8822592 0.5275362 0.9996519 0.5354713 0.9735737 0.5228337 0.9746331 0.5228337 0.9746331 0.5287032 0.9480953 0.5160657 0.9491547 0.5093472 0.9242784 0.5125562 0.8972401 0.4999186 0.8982994 0.4858735 0.5389166 0.4728879 0.5000006 0.4732359 0.539976 0.219154 0.7799524 0.2127734 0.7411314 0.2120359 0.7795475 0.2006531 0.7449442 0.2120359 0.7795475 0.2127734 0.7411314 0.5593243 0.6590518 0.5466867 0.6601111 0.545934 0.6832846 0.485835 0.5789567 0.4732359 0.539976 0.4731975 0.580016 0.219154 0.7799524 0.2120359 0.7795475 0.2121917 0.8169332 0.4855473 0.6209308 0.4731975 0.580016 0.4729098 0.6219902 0.4859145 0.6590511 0.4729098 0.6219902 0.4732769 0.6601104 0.4799569 0.7802487 0.4699526 0.7402033 0.4673194 0.781308 0.4825901 0.739144 0.4719767 0.7001392 0.4699526 0.7402033 0.47497 0.8241268 0.4799569 0.7802487 0.4673194 0.781308 0.4879555 0.8667325 0.4876075 0.8230675 0.47497 0.8241268 0.5160657 0.9491547 0.5219847 0.923219 0.5093472 0.9242784 0.4999186 0.8982994 0.500593 0.8656731 0.4879555 0.8667325 0.1218656 0.7081375 0.1446362 0.7400974 0.1444687 0.7048572 0.1444687 0.7048572 0.1665758 0.735445 0.1674462 0.701782 0.1674462 0.701782 0.1860522 0.7273927 0.1876826 0.6949314 0.1876826 0.6949314 0.2023423 0.7170916 0.2051488 0.6859883 0.2051488 0.6859883 0.2157144 0.7072982 0.2189415 0.6722244 0.2304173 0.6658212 0.2355615 0.6667575 0.2375001 0.644151 0.1454313 0.5848736 0.1212322 0.6146831 0.1454756 0.6133965 0.1454313 0.5848736 0.1685633 0.6102503 0.1686049 0.5834516 0.1686049 0.5834516 0.1894122 0.6053317 0.1894529 0.5800384 0.1894529 0.5800384 0.2073289 0.5987724 0.2072208 0.5703736 0.2072208 0.5703736 0.2207738 0.5908798 0.220584 0.5613399 0.2207738 0.5908798 0.2329201 0.6189808 0.2318804 0.5831604 0.220584 0.5613399 0.2318804 0.5831604 0.2317772 0.5468689 0.2554748 0.5513004 0.2443471 0.5731252 0.2554659 0.5807168 0.2443466 0.6088201 0.2554659 0.5807168 0.2443471 0.5731252 0.2554659 0.5807168 0.2687398 0.5602613 0.2554748 0.5513004 0.2687491 0.5883768 0.2862697 0.569768 0.2687398 0.5602613 0.2862958 0.5947165 0.3068172 0.5730766 0.2862697 0.569768 0.3068464 0.5995556 0.3297243 0.5744078 0.3068172 0.5730766 0.3297243 0.5744078 0.3529381 0.6038545 0.3529382 0.5727108 0.2393553 0.6089852 0.2446535 0.6489396 0.2443466 0.6088201 0.2564161 0.6945832 0.2691054 0.6726058 0.2558066 0.6569467 0.2700078 0.7056328 0.2865031 0.683013 0.2691054 0.6726058 0.2867982 0.7172099 0.307027 0.6909206 0.2865031 0.683013 0.3071738 0.7262516 0.3305867 0.69454 0.307027 0.6909206 0.330224 0.7314007 0.3529381 0.6979422 0.3305867 0.69454 0.2489416 0.7731862 0.2565432 0.8162063 0.2569785 0.7729751 0.2569785 0.7729751 0.2705495 0.7354326 0.257683 0.730782 0.257683 0.730782 0.2489416 0.7731862 0.2569785 0.7729751 0.2392784 0.5286156 0.2442505 0.4883549 0.2392532 0.4884306 0.2393404 0.5707429 0.2442901 0.5368101 0.2392784 0.5286156 0.2393553 0.6089852 0.2443471 0.5731252 0.2393404 0.5707429 0.2451507 0.689141 0.2396557 0.6491551 0.2402354 0.689359 0.2468889 0.7302185 0.2402354 0.689359 0.2419532 0.730515 0.2442505 0.4883549 0.2555231 0.4493678 0.2443175 0.4493678 0.2451507 0.689141 0.2558066 0.6569467 0.2446535 0.6489396 0.3298336 0.8239945 0.3529379 0.7610765 0.3299157 0.7583754 0.3299157 0.7583754 0.3529381 0.7343349 0.330224 0.7314007 0.3305867 0.69454 0.3529381 0.6349745 0.3297681 0.6336264 0.3297681 0.6336264 0.3529381 0.6038545 0.329742 0.6026561 0.3297014 0.5095262 0.3529382 0.5727108 0.3529382 0.5100539 0.3297014 0.5095262 0.3529382 0.4493678 0.3296909 0.4493678 0.3070362 0.8161363 0.3299157 0.7583754 0.3072673 0.7518952 0.3072673 0.7518952 0.330224 0.7314007 0.3071738 0.7262516 0.307027 0.6909206 0.3297681 0.6336264 0.3068894 0.6299121 0.3068894 0.6299121 0.329742 0.6026561 0.3068464 0.5995556 0.3068172 0.5730766 0.3297014 0.5095262 0.3067818 0.5082814 0.3067818 0.5082814 0.3296909 0.4493678 0.306768 0.4493678 0.2865559 0.8046794 0.3072673 0.7518952 0.2869046 0.7420238 0.2869046 0.7420238 0.3071738 0.7262516 0.2867982 0.7172099 0.2865031 0.683013 0.3068894 0.6299121 0.2863329 0.6241146 0.2863329 0.6241146 0.3068464 0.5995556 0.2862958 0.5947165 0.2862697 0.569768 0.3067818 0.5082814 0.286248 0.506412 0.286248 0.506412 0.306768 0.4493678 0.2862491 0.4493678 0.2699171 0.7862015 0.2869046 0.7420238 0.2705495 0.7354326 0.2705495 0.7354326 0.2867982 0.7172099 0.2700078 0.7056328 0.2691054 0.6726058 0.2863329 0.6241146 0.2687653 0.6164745 0.2687653 0.6164745 0.2862958 0.5947165 0.2687491 0.5883768 0.2687398 0.5602613 0.286248 0.506412 0.2687321 0.5040141 0.2687321 0.5040141 0.2862491 0.4493678 0.2687244 0.4493678 0.2558066 0.6569467 0.2687653 0.6164745 0.2554738 0.6088432 0.2554738 0.6088432 0.2687491 0.5883768 0.2554659 0.5807168 0.2554748 0.5513004 0.2687321 0.5040141 0.255514 0.5002649 0.255514 0.5002649 0.2687244 0.4493678 0.2555231 0.4493678 0.2564161 0.6945832 0.2468889 0.7302185 0.257683 0.730782 0.2700078 0.7056328 0.257683 0.730782 0.2705495 0.7354326 0.2554738 0.6088432 0.2446535 0.6489396 0.2558066 0.6569467 0.2565432 0.8162063 0.2699171 0.7862015 0.2569785 0.7729751 0.2693399 0.8456572 0.2865559 0.8046794 0.2699171 0.7862015 0.2863523 0.8658591 0.3070362 0.8161363 0.2865559 0.8046794 0.3068932 0.8806595 0.3298336 0.8239945 0.3070362 0.8161363 0.3297715 0.8899241 0.3529379 0.8274204 0.3298336 0.8239945 0.3529378 0.8938961 0.3285634 0.8951027 0.3529378 0.8983882 0.3045697 0.884068 0.3297715 0.8899241 0.3068932 0.8806595 0.3045697 0.884068 0.2863523 0.8658591 0.2830709 0.8697931 0.2651607 0.8487117 0.2863523 0.8658591 0.2693399 0.8456572 0.2517859 0.8177219 0.2693399 0.8456572 0.2565432 0.8162063 0.244022 0.7739005 0.2565432 0.8162063 0.2489416 0.7731862 0.2419532 0.730515 0.2489416 0.7731862 0.2468889 0.7302185 0.2442901 0.5368101 0.255514 0.5002649 0.2442505 0.4883549 0.2442505 0.4883549 0.2393055 0.4493678 0.2392532 0.4884306 0.9087224 0.2346964 0.882921 0.2495079 0.882921 0.2346964 0.9087223 0.0421468 0.882921 0.05695837 0.8829209 0.04214686 0.882921 0.05695837 0.9087224 0.07176983 0.882921 0.07176983 0.9087224 0.07176983 0.882921 0.0865814 0.882921 0.07176983 0.9087224 0.0865814 0.8829209 0.1013929 0.882921 0.0865814 0.8829209 0.1013929 0.9087223 0.1162044 0.882921 0.1162044 0.9087223 0.1162044 0.882921 0.1310158 0.882921 0.1162044 0.882921 0.1310158 0.9087223 0.1458273 0.8829209 0.1458273 0.8829209 0.1458273 0.9087223 0.1606389 0.8829209 0.1606389 0.8829209 0.1606389 0.9087223 0.1754504 0.882921 0.1754504 0.9087223 0.1754504 0.882921 0.1902619 0.882921 0.1754504 0.9087223 0.1902619 0.8829209 0.2050734 0.882921 0.1902619 0.9087223 0.2050734 0.882921 0.2198849 0.8829209 0.2050734 0.9087224 0.2198849 0.882921 0.2346964 0.882921 0.2198849 0.9087223 0.02733534 0.8829209 0.04214686 0.8829209 0.02733534 0.8131221 0.8263892 0.8174563 0.8050798 0.8640287 0.8367934 0.8829209 0.01252382 0.9087223 0.02733534 0.8829209 0.02733534 0.8803002 0.9091979 0.8783783 0.8938172 0.8803002 0.8934432 0.8783783 0.8938172 0.8761962 0.9083799 0.8762258 0.8942385 0.8762258 0.8942385 0.8737644 0.9078891 0.8737899 0.8947081 0.8737899 0.8947081 0.8710691 0.9073552 0.8710941 0.89524 0.8710691 0.9073552 0.8682461 0.8957996 0.8710941 0.89524 0.8185358 0.7870405 0.8335169 0.7831273 0.8196194 0.7887164 0.8335169 0.7831273 0.8208284 0.7905468 0.8196194 0.7887164 0.8339345 0.7852677 0.8221942 0.7926196 0.8208284 0.7905468 0.8343966 0.7876893 0.8237051 0.7949157 0.8221942 0.7926196 0.8237051 0.7949157 0.8354578 0.7932081 0.8252997 0.7973386 0.874273 0.923816 0.8783438 0.9088178 0.8803002 0.9091979 0.8783438 0.9088178 0.8707817 0.9214854 0.8761962 0.9083799 0.8761962 0.9083799 0.8687106 0.9201027 0.8737644 0.9078891 0.8737644 0.9078891 0.8664183 0.9185742 0.8710691 0.9073552 0.8710691 0.9073552 0.8640012 0.9169553 0.8682251 0.9067866 0.8071931 0.7981163 0.8196194 0.7887164 0.808849 0.7992558 0.8196194 0.7887164 0.8106806 0.8004888 0.808849 0.7992558 0.8106806 0.8004888 0.8221942 0.7926196 0.8127478 0.8018935 0.8221942 0.7926196 0.8150379 0.8034464 0.8127478 0.8018935 0.8150379 0.8034464 0.8252997 0.7973386 0.8174563 0.8050798 0.863074 0.9350405 0.8726044 0.922714 0.874273 0.923816 0.8726044 0.922714 0.860729 0.9315425 0.8707817 0.9214854 0.860729 0.9315425 0.8687106 0.9201027 0.8707817 0.9214854 0.8593395 0.9294701 0.8664183 0.9185742 0.8687106 0.9201027 0.8664183 0.9185742 0.8561902 0.9247453 0.8640012 0.9169553 0.8009522 0.8128245 0.808849 0.7992558 0.802967 0.8132347 0.808849 0.7992558 0.8051402 0.8136667 0.802967 0.8132347 0.8051402 0.8136667 0.8127478 0.8018935 0.8075929 0.8141662 0.8075929 0.8141662 0.8150379 0.8034464 0.8103056 0.8147184 0.8150379 0.8034464 0.8131712 0.8153006 0.8103056 0.8147184 0.8483831 0.9411076 0.8619536 0.933378 0.863074 0.9350405 0.8619536 0.933378 0.8475528 0.9369689 0.860729 0.9315425 0.8475528 0.9369689 0.8593395 0.9294701 0.860729 0.9315425 0.8470668 0.9345175 0.8578063 0.9271739 0.8593395 0.9294701 0.8465338 0.9318038 0.8561902 0.9247453 0.8578063 0.9271739 0.800944 0.8288108 0.802967 0.8132347 0.8029165 0.8284108 0.802967 0.8132347 0.8050845 0.8279733 0.8029165 0.8284108 0.8051402 0.8136667 0.8075375 0.8274842 0.8050845 0.8279733 0.8075375 0.8274842 0.8103056 0.8147184 0.8102535 0.8269491 0.8103056 0.8147184 0.8131221 0.8263892 0.8102535 0.8269491 0.8483831 0.9411076 0.8328381 0.9390586 0.8479868 0.9391358 0.8328381 0.9390586 0.8475528 0.9369689 0.8479868 0.9391358 0.8475528 0.9369689 0.8337729 0.9344426 0.8470668 0.9345175 0.8470668 0.9345175 0.8343307 0.9317371 0.8465338 0.9318038 0.8465338 0.9318038 0.8349195 0.9288784 0.8459768 0.9289405 0.800944 0.8288108 0.8086979 0.8423685 0.807038 0.8434884 0.8086979 0.8423685 0.8050845 0.8279733 0.8105236 0.8411381 0.8105236 0.8411381 0.8075375 0.8274842 0.8125929 0.8397517 0.8075375 0.8274842 0.8148871 0.838222 0.8125929 0.8397517 0.8148871 0.838222 0.8131221 0.8263892 0.8173147 0.8366099 0.8324232 0.9410683 0.8189185 0.9331391 0.8328381 0.9390586 0.8189185 0.9331391 0.8332749 0.9368916 0.8328381 0.9390586 0.8332749 0.9368916 0.821554 0.9292554 0.8337729 0.9344426 0.8337729 0.9344426 0.8231111 0.926981 0.8343307 0.9317371 0.8231111 0.926981 0.8349195 0.9288784 0.8343307 0.9317371 0.807038 0.8434884 0.8193351 0.8530057 0.8182364 0.854669 0.8193351 0.8530057 0.8105236 0.8411381 0.8205536 0.8511807 0.8105236 0.8411381 0.821928 0.8491145 0.8205536 0.8511807 0.8125929 0.8397517 0.8234591 0.8468307 0.821928 0.8491145 0.8234591 0.8468307 0.8173147 0.8366099 0.8250781 0.8444233 0.8177774 0.9347872 0.8084257 0.922375 0.8189185 0.9331391 0.8084257 0.922375 0.8201539 0.9313157 0.8189185 0.9331391 0.8102521 0.9211725 0.821554 0.9292554 0.8201539 0.9313157 0.8123208 0.9198146 0.8231111 0.926981 0.821554 0.9292554 0.8146178 0.918314 0.8247487 0.9245753 0.8231111 0.926981 0.8182364 0.854669 0.8331745 0.8587125 0.8327977 0.8606587 0.8331745 0.8587125 0.8205536 0.8511807 0.8336094 0.8565762 0.8205536 0.8511807 0.8340916 0.8541523 0.8336094 0.8565762 0.8340916 0.8541523 0.8234591 0.8468307 0.8346282 0.851473 0.8234591 0.8468307 0.8351973 0.8486441 0.8346282 0.851473 0.8067541 0.923452 0.8028523 0.9085189 0.8084257 0.922375 0.8028523 0.9085189 0.8102521 0.9211725 0.8084257 0.922375 0.804991 0.9081087 0.8123208 0.9198146 0.8102521 0.9211725 0.8074107 0.9076378 0.8146178 0.918314 0.8123208 0.9198146 0.8146178 0.918314 0.8129285 0.9065747 0.8170402 0.9167261 0.8327977 0.8606587 0.8480787 0.8587369 0.8484495 0.8606433 0.8480787 0.8587369 0.8336094 0.8565762 0.8476624 0.8566007 0.8476624 0.8566007 0.8340916 0.8541523 0.8471915 0.8541859 0.8471915 0.8541859 0.8346282 0.851473 0.8466686 0.8515071 0.8346282 0.851473 0.8461155 0.8486792 0.8466686 0.8515071 0.8009703 0.8932304 0.8028523 0.9085189 0.800944 0.9088839 0.8028523 0.9085189 0.8050519 0.8940435 0.804991 0.9081087 0.8050519 0.8940435 0.8074107 0.9076378 0.804991 0.9081087 0.8074107 0.9076378 0.8101513 0.8950634 0.8100929 0.90712 0.8101513 0.8950634 0.8129285 0.9065747 0.8100929 0.90712 0.862985 0.8547837 0.8480787 0.8587369 0.8619027 0.853117 0.8480787 0.8587369 0.8606943 0.8512961 0.8619027 0.853117 0.8476624 0.8566007 0.8593293 0.8492338 0.8606943 0.8512961 0.8593293 0.8492338 0.8466686 0.8515071 0.8578225 0.8469501 0.8578225 0.8469501 0.8461155 0.8486792 0.8562271 0.8445357 0.8070002 0.8787204 0.8029134 0.8936125 0.8009703 0.8932304 0.8029134 0.8936125 0.810478 0.8810232 0.8050519 0.8940435 0.810478 0.8810232 0.8074719 0.8945249 0.8050519 0.8940435 0.8074719 0.8945249 0.8148021 0.8839197 0.8101513 0.8950634 0.8148021 0.8839197 0.812982 0.8956363 0.8101513 0.8950634 0.8742764 0.8437259 0.8619027 0.853117 0.8726241 0.8425908 0.8619027 0.853117 0.870796 0.8413625 0.8726241 0.8425908 0.8606943 0.8512961 0.8687314 0.8399626 0.870796 0.8413625 0.8687314 0.8399626 0.8578225 0.8469501 0.8664434 0.8384199 0.8664434 0.8384199 0.8562271 0.8445357 0.8640287 0.8367934 0.8181138 0.8675588 0.8086565 0.8798168 0.8070002 0.8787204 0.819229 0.8692083 0.810478 0.8810232 0.8086565 0.8798168 0.810478 0.8810232 0.8218321 0.8730829 0.8125306 0.8823976 0.8125306 0.8823976 0.8233572 0.8753661 0.8148021 0.8839197 0.8233572 0.8753661 0.8172034 0.8855291 0.8148021 0.8839197 0.8805071 0.82905 0.8726241 0.8425908 0.8784959 0.8286409 0.8784959 0.8286409 0.870796 0.8413625 0.8763273 0.8282102 0.8763273 0.8282102 0.8687314 0.8399626 0.8738795 0.8277124 0.8687314 0.8399626 0.8711699 0.8271651 0.8738795 0.8277124 0.8711699 0.8271651 0.8640287 0.8367934 0.8683069 0.8265829 0.8181138 0.8675588 0.8330922 0.8634625 0.819229 0.8692083 0.8330922 0.8634625 0.8204542 0.8710219 0.819229 0.8692083 0.8335306 0.8656112 0.8218321 0.8730829 0.8204542 0.8710219 0.8218321 0.8730829 0.8345527 0.8707351 0.8233572 0.8753661 0.8233572 0.8753661 0.8351178 0.8735794 0.8249664 0.8777759 0.8805071 0.82905 0.8785388 0.8134931 0.8805071 0.8130933 0.8785388 0.8134931 0.8763273 0.8282102 0.8763756 0.8139302 0.8763273 0.8282102 0.8739277 0.8144183 0.8763756 0.8139302 0.8738795 0.8277124 0.8712167 0.8149523 0.8739277 0.8144183 0.8712167 0.8149523 0.8683069 0.8265829 0.8683552 0.8155086 0.8485013 0.861482 0.8330922 0.8634625 0.832693 0.8615082 0.8330922 0.8634625 0.8476969 0.8655973 0.8335306 0.8656112 0.8335306 0.8656112 0.8472138 0.8680362 0.8340141 0.8680426 0.8472138 0.8680362 0.8345527 0.8707351 0.8340141 0.8680426 0.8466812 0.8707351 0.8351178 0.8735794 0.8345527 0.8707351 0.874425 0.7984537 0.8785388 0.8134931 0.8727706 0.7995707 0.8785388 0.8134931 0.8709511 0.8007972 0.8727706 0.7995707 0.8763756 0.8139302 0.8688883 0.8021789 0.8709511 0.8007972 0.8688883 0.8021789 0.8712167 0.8149523 0.8665972 0.803702 0.8712167 0.8149523 0.8641779 0.8053073 0.8665972 0.803702 0.8485013 0.861482 0.8620446 0.8691854 0.8481227 0.8634443 0.8481227 0.8634443 0.8608186 0.8710175 0.8476969 0.8655973 0.8608186 0.8710175 0.8472138 0.8680362 0.8476969 0.8655973 0.8594381 0.8730923 0.8466812 0.8707351 0.8472138 0.8680362 0.8466812 0.8707351 0.856285 0.8778024 0.8461143 0.8735817 0.874425 0.7984537 0.8621671 0.7889769 0.8632635 0.787324 0.8727706 0.7995707 0.8609597 0.790794 0.8621671 0.7889769 0.8709511 0.8007972 0.8595871 0.7928476 0.8609597 0.790794 0.8595871 0.7928476 0.8665972 0.803702 0.8580594 0.7951144 0.8665972 0.803702 0.8564424 0.7975099 0.8580594 0.7951144 0.8631512 0.8675144 0.8726736 0.8798962 0.8620446 0.8691854 0.8726736 0.8798962 0.8608186 0.8710175 0.8620446 0.8691854 0.8608186 0.8710175 0.8687741 0.8824913 0.8594381 0.8730923 0.8687741 0.8824913 0.8579065 0.8753854 0.8594381 0.8730923 0.8579065 0.8753854 0.8640592 0.8856221 0.856285 0.8778024 0.8632635 0.787324 0.8484184 0.7832172 0.8488066 0.7813153 0.8484184 0.7832172 0.8609597 0.790794 0.8479924 0.7853525 0.8479924 0.7853525 0.8595871 0.7928476 0.8474982 0.7877694 0.8595871 0.7928476 0.846954 0.7904447 0.8474982 0.7877694 0.8580594 0.7951144 0.8463759 0.79327 0.846954 0.7904447 0.8743752 0.8787701 0.8783783 0.8938172 0.8726736 0.8798962 0.8783783 0.8938172 0.8708454 0.881119 0.8726736 0.8798962 0.8708454 0.881119 0.8737899 0.8947081 0.8687741 0.8824913 0.8737899 0.8947081 0.8664829 0.8840145 0.8687741 0.8824913 0.8664829 0.8840145 0.8682461 0.8957996 0.8640592 0.8856221 0.8331561 0.7811778 0.8484184 0.7832172 0.8335169 0.7831273 0.8484184 0.7832172 0.8339345 0.7852677 0.8335169 0.7831273 0.8339345 0.7852677 0.8474982 0.7877694 0.8343966 0.7876893 0.8474982 0.7877694 0.8349135 0.7903715 0.8343966 0.7876893 0.846954 0.7904447 0.8354578 0.7932081 0.8349135 0.7903715 0.8010509 0.9568784 0.806299 0.963255 0.800944 0.9641147 0.8580002 0.9047381 0.8549431 0.8984071 0.8580151 0.8978038 0.8553307 0.9111428 0.8549302 0.9041205 0.8580002 0.9047381 0.8504047 0.9160392 0.85273 0.9093951 0.8553307 0.9111428 0.8439709 0.9186763 0.8486714 0.9134249 0.8504047 0.9160392 0.8439709 0.9186763 0.837642 0.9155691 0.843371 0.9155941 0.8370149 0.9186438 0.8323651 0.9133548 0.837642 0.9155691 0.8306098 0.9159485 0.8283479 0.9092953 0.8323651 0.9133548 0.8257388 0.9110173 0.8261924 0.9040156 0.8283479 0.9092953 0.8231596 0.897695 0.8261924 0.9040156 0.8231263 0.9046089 0.8258281 0.8913142 0.8262187 0.8983164 0.8231596 0.897695 0.8258281 0.8913142 0.8324645 0.889033 0.8284195 0.8930566 0.830733 0.8864304 0.8377434 0.8868593 0.8324645 0.889033 0.8440721 0.8838016 0.8377434 0.8868593 0.8371388 0.8837901 0.8504784 0.8864682 0.8434558 0.8868712 0.8440721 0.8838016 0.8504784 0.8864682 0.8527675 0.8931217 0.8487324 0.8890696 0.8553757 0.8913879 0.8549431 0.8984071 0.8527675 0.8931217 0.8147618 0.9681239 0.8111189 0.9624258 0.81833 0.9523162 0.8355661 0.971686 0.8329881 0.9639126 0.8384028 0.9648854 0.8039339 0.950066 0.8064594 0.9579276 0.8010509 0.9568784 0.8303129 0.9769211 0.8308702 0.9686729 0.8355661 0.971686 0.8092511 0.9448011 0.8086405 0.9531298 0.8039339 0.950066 0.823444 0.9798474 0.8270656 0.9723089 0.8303129 0.9769211 0.8311095 0.9450498 0.8227874 0.9476985 0.8238988 0.9419611 0.8162419 0.9419309 0.8124798 0.9494721 0.8092511 0.9448011 0.8158779 0.9798728 0.8221889 0.9743312 0.823444 0.9798474 0.8238988 0.9419611 0.8174453 0.9475466 0.8162419 0.9419309 0.8087645 0.9770203 0.8168703 0.9741881 0.8158779 0.9798728 0.8311095 0.9450498 0.831294 0.9537238 0.8275774 0.9499636 0.8031497 0.971455 0.8119333 0.972079 0.8087645 0.9770203 0.8358647 0.9509658 0.8330445 0.9586991 0.831294 0.9537238 0.8031497 0.971455 0.806299 0.963255 0.8082934 0.9681981 0.8384026 0.9576297 0.8329881 0.9639126 0.8330445 0.9586991 0.8227874 0.9476985 0.8248744 0.953848 0.8217592 0.9524322 0.831294 0.9537238 0.8248744 0.953848 0.8275774 0.9499636 0.8330445 0.9586991 0.8272062 0.9563356 0.831294 0.9537238 0.8330445 0.9586991 0.8283071 0.9628844 0.8283832 0.9594972 0.8308702 0.9686729 0.8283071 0.9628844 0.8329881 0.9639126 0.8308702 0.9686729 0.824494 0.9683209 0.8269365 0.9659914 0.8270656 0.9723089 0.8213242 0.9695684 0.824494 0.9683209 0.8168703 0.9741881 0.8213242 0.9695684 0.8221889 0.9743312 0.8168703 0.9741881 0.8147618 0.9681239 0.8178996 0.9694922 0.8119333 0.972079 0.8123691 0.9656303 0.8147618 0.9681239 0.8082934 0.9681981 0.8111189 0.9624258 0.8123691 0.9656303 0.806299 0.963255 0.8112173 0.9590044 0.8111189 0.9624258 0.8064594 0.9579276 0.8126242 0.9558734 0.8112173 0.9590044 0.8124798 0.9494721 0.8126242 0.9558734 0.8086405 0.9531298 0.8174453 0.9475466 0.8151216 0.9535279 0.8124798 0.9494721 0.8227874 0.9476985 0.81833 0.9523162 0.8174453 0.9475466 0.8682461 0.8957996 0.8553757 0.8913879 0.8640592 0.8856221 0.8640592 0.8856221 0.8504784 0.8864682 0.856285 0.8778024 0.8461143 0.8735817 0.8504784 0.8864682 0.8440721 0.8838016 0.8461143 0.8735817 0.8371388 0.8837901 0.8351178 0.8735794 0.8249664 0.8777759 0.8371388 0.8837901 0.830733 0.8864304 0.8249664 0.8777759 0.8258281 0.8913142 0.8172034 0.8855291 0.812982 0.8956363 0.8258281 0.8913142 0.8231596 0.897695 0.8129285 0.9065747 0.8231596 0.897695 0.8231263 0.9046089 0.8170402 0.9167261 0.8231263 0.9046089 0.8257388 0.9110173 0.8247487 0.9245753 0.8257388 0.9110173 0.8306098 0.9159485 0.8247487 0.9245753 0.8370149 0.9186438 0.8349195 0.9288784 0.8349195 0.9288784 0.8439709 0.9186763 0.8459768 0.9289405 0.8561902 0.9247453 0.8439709 0.9186763 0.8504047 0.9160392 0.8640012 0.9169553 0.8504047 0.9160392 0.8553307 0.9111428 0.8640012 0.9169553 0.8580002 0.9047381 0.8682251 0.9067866 0.8682251 0.9067866 0.8580151 0.8978038 0.8682461 0.8957996 0.7570703 0.9081158 0.7645669 0.9189168 0.7570703 0.9189168 0.7570703 0.9189168 0.7645669 0.9297177 0.7570703 0.9297177 0.7645669 0.9297177 0.7570703 0.9405187 0.7570703 0.9297177 0.7570703 0.9405187 0.7645671 0.9513198 0.7570705 0.9513198 0.7645671 0.9513198 0.7570705 0.9621207 0.7570705 0.9513198 0.7645671 0.9621207 0.7570705 0.9729217 0.7570705 0.9621207 0.7383626 0.9621207 0.7477164 0.9567201 0.7570705 0.9621207 0.7383281 0.2396379 0.7316794 0.2982619 0.729939 0.2396959 0.7390725 0.1873288 0.7304456 0.2061215 0.7307311 0.1872026 0.7416543 0.01641333 0.7330289 0.0350579 0.7333124 0.01628732 0.7404427 0.09664463 0.7316444 0.1267373 0.7321007 0.09651863 0.7400402 0.2980167 0.7317737 0.3014822 0.7316794 0.2982619 0.7329804 0.03827083 0.741371 0.03518384 0.7413225 0.03839677 0.7315958 0.1299503 0.7399863 0.1268633 0.7399378 0.1300762 0.7303988 0.2093346 0.7387854 0.2062466 0.7387362 0.2094573 0.7278186 0.2389356 0.7303988 0.2093346 0.729939 0.2396959 0.7316444 0.1267373 0.7299926 0.09725838 0.7321007 0.09651863 0.7299926 0.09725838 0.7107906 0.1255382 0.7112222 0.09697484 0.7082769 0.2388463 0.7059079 0.2092177 0.7095356 0.2093355 0.7074586 0.09691798 0.6906769 0.118664 0.6986783 0.09678536 0.7406907 0.3202 0.7324361 0.3240671 0.7323299 0.3204452 0.7324361 0.3240671 0.7417112 0.3549964 0.7333505 0.3552416 0.7396543 0.1488469 0.7312555 0.1524844 0.7313123 0.1487209 0.7395974 0.1526104 0.7307857 0.1835889 0.7312555 0.1524844 0.6953702 0.2388054 0.6602693 0.2184102 0.6889373 0.2132202 0.7312555 0.1524844 0.7119964 0.1833051 0.7124662 0.1522006 0.7333505 0.3552416 0.7037152 0.3249095 0.7324361 0.3240671 0.7045443 0.2388592 0.6806809 0.2942296 0.6953702 0.2388054 0.7059079 0.2092177 0.6884856 0.2109237 0.706123 0.2061759 0.6527714 0.2901275 0.6806809 0.2942296 0.680191 0.2962354 0.7083521 0.03776729 0.6806129 0.04253417 0.7083868 0.0354641 0.7072818 0.3015892 0.7107304 0.2986342 0.7108451 0.3014459 0.7309208 0.03580451 0.7121154 0.0378443 0.7121505 0.03552097 0.7321007 0.09651863 0.7308841 0.03822791 0.7329804 0.03827083 0.7296624 0.3007586 0.7295784 0.2982883 0.7316794 0.2982619 0.7413225 0.03839677 0.7321007 0.09651863 0.7329804 0.03827083 0.7387362 0.2094573 0.729939 0.2396959 0.7303988 0.2093346 0.6653965 0.8126296 0.6854555 0.8040145 0.6842169 0.8209077 0.8330354 0.1740406 0.8439322 0.1870003 0.8330354 0.1870004 0.6842169 0.8209077 0.6972745 0.8040158 0.6978161 0.8235219 0.8330354 0.1870004 0.8439322 0.1975319 0.8330354 0.1975319 0.8330354 0.1975319 0.8439322 0.2104564 0.8330354 0.2104564 0.7692365 0.8152555 0.7639 0.8040209 0.7691186 0.8040209 0.8330354 0.2104564 0.8439324 0.2229579 0.8330354 0.2229579 0.7884565 0.8110826 0.7691186 0.8040209 0.7881883 0.804021 0.7884565 0.8110826 0.7968374 0.804021 0.7974709 0.8103432 0.65769 0.8108619 0.6527714 0.8040095 0.6577247 0.8040104 0.8356579 0.1529102 0.8439322 0.1615239 0.8356579 0.1615239 0.65769 0.8108619 0.6660712 0.8040117 0.6653965 0.8126296 0.8356579 0.1615239 0.8439322 0.1740406 0.8330354 0.1740406 0.7924724 0.8212732 0.8001207 0.8204554 0.7939541 0.823905 0.7836784 0.8298484 0.7939541 0.823905 0.7893058 0.8329009 0.7246068 0.9045838 0.7325608 0.8574799 0.7302725 0.9048196 0.7325608 0.8574799 0.7359332 0.905103 0.7302725 0.9048196 0.7359332 0.905103 0.7449681 0.8580718 0.7415847 0.9054363 0.7449681 0.8580718 0.7471985 0.9058205 0.7415847 0.9054363 0.7471985 0.9058205 0.7570951 0.859629 0.7527469 0.9062595 0.7570951 0.859629 0.7582554 0.9067538 0.7527469 0.9062595 0.7582554 0.9067538 0.7682959 0.8625537 0.7637372 0.9072925 0.6971349 0.8585794 0.7020563 0.9040029 0.6964305 0.9039155 0.7126287 0.8259647 0.7083403 0.8571708 0.70586 0.8262026 0.7132771 0.9042394 0.7202997 0.8573001 0.7189401 0.9043917 0.7202997 0.8573001 0.7246068 0.9045838 0.7189401 0.9043917 0.7395924 0.8247455 0.7449681 0.8580718 0.7387451 0.8577347 0.7395924 0.8247455 0.7325608 0.8574799 0.7328516 0.8247055 0.7328516 0.8247055 0.7264115 0.857326 0.7261284 0.8247281 0.7191246 0.8040177 0.7261284 0.8247281 0.7193663 0.8257349 0.7193663 0.8257349 0.7142556 0.8573413 0.7126287 0.8259647 0.7026466 0.8578836 0.7076221 0.9041083 0.7020563 0.9040029 0.6576305 0.813409 0.6653965 0.8126296 0.6643142 0.816582 0.6978161 0.8235219 0.7051842 0.8040167 0.70586 0.8262026 0.7718297 0.8226512 0.7639495 0.8252378 0.7693583 0.8189406 0.7718297 0.8226512 0.7887994 0.8135502 0.7905278 0.8177165 0.772372 0.8324763 0.7718297 0.8226512 0.7787014 0.8269031 0.7787014 0.8269031 0.7905278 0.8177165 0.7914271 0.8194064 0.7767717 0.836609 0.7787014 0.8269031 0.7836784 0.8298484 0.7836784 0.8298484 0.7914271 0.8194064 0.7924724 0.8212732 0.7790724 0.8400095 0.7767717 0.836609 0.7836784 0.8298484 0.6710537 0.8320367 0.6809654 0.8409867 0.6666551 0.843966 0.7526699 0.841242 0.7510825 0.8586511 0.7449681 0.8580718 0.6971218 0.843091 0.6971349 0.8585794 0.691185 0.8461274 0.7634424 0.8440178 0.7628333 0.8609989 0.7570951 0.859629 0.7076221 0.9041083 0.7142556 0.8573413 0.7132771 0.9042394 0.7580099 0.8422169 0.7570951 0.859629 0.7510825 0.8586511 0.7727046 0.8496467 0.7628333 0.8609989 0.7676234 0.8461099 0.7526699 0.841242 0.7458597 0.8241125 0.7553144 0.823225 0.6834039 0.8270798 0.6978161 0.8235219 0.7005031 0.8389946 0.6858384 0.8326546 0.7005031 0.8389946 0.6971218 0.843091 0.7005031 0.8389946 0.70586 0.8262026 0.7083403 0.8571708 0.6858384 0.8326546 0.691185 0.8461274 0.6809654 0.8409867 0.7639495 0.8252378 0.7553144 0.823225 0.7641334 0.8198229 0.772372 0.8324763 0.7676234 0.8461099 0.7634424 0.8440178 0.7794256 0.8411001 0.7727046 0.8496467 0.7676234 0.8461099 0.7663382 0.829303 0.7634424 0.8440178 0.7580099 0.8422169 0.7639495 0.8252378 0.7580099 0.8422169 0.7526699 0.841242 0.7641334 0.8198229 0.7572969 0.804021 0.7639 0.8040209 0.7553144 0.823225 0.7465459 0.804022 0.7572969 0.804021 0.6971218 0.843091 0.7083403 0.8571708 0.7026466 0.8578836 0.7121811 0.8040173 0.70586 0.8262026 0.7051842 0.8040167 0.7121811 0.8040173 0.7193663 0.8257349 0.7126287 0.8259647 0.7193663 0.8257349 0.7264115 0.857326 0.7202997 0.8573001 0.7260054 0.8040179 0.7328516 0.8247055 0.7261284 0.8247281 0.7328441 0.8040179 0.7395924 0.8247455 0.7328516 0.8247055 0.739686 0.8040228 0.7458597 0.8241125 0.7395924 0.8247455 0.8322719 0.1615239 0.8330354 0.1740406 0.8285763 0.1740406 0.6643142 0.816582 0.6842169 0.8209077 0.6834039 0.8270798 0.8322719 0.1529102 0.8356579 0.1615239 0.8322719 0.1615239 0.6576305 0.813409 0.6613004 0.820635 0.6549165 0.8150107 0.7887994 0.8135502 0.7974709 0.8103432 0.7979983 0.8130249 0.7887994 0.8135502 0.7692365 0.8152555 0.7884565 0.8110826 0.8285763 0.2229579 0.8330354 0.2104564 0.8330354 0.2229579 0.7693583 0.8189406 0.7641334 0.8198229 0.7692365 0.8152555 0.8285763 0.2104564 0.8330354 0.1975319 0.8330354 0.2104564 0.8285765 0.1870003 0.8330354 0.1975319 0.8285763 0.1975319 0.6834039 0.8270798 0.6710537 0.8320367 0.6691539 0.825408 0.8285763 0.1740406 0.8330354 0.1870004 0.8285765 0.1870003 0.6643142 0.816582 0.6691539 0.825408 0.6613004 0.820635 0.6576305 0.813409 0.6536578 0.8118584 0.65769 0.8108619 0.7924724 0.8212732 0.7989789 0.8168303 0.7994029 0.8181858 0.7905278 0.8177165 0.7887994 0.8135502 0.7979983 0.8130249 0.6854555 0.8040145 0.6653991 0.7953937 0.6842216 0.7871212 0.8548292 0.1870003 0.8439322 0.1740406 0.8548292 0.1740406 0.6972745 0.8040158 0.6842216 0.7871212 0.6978213 0.7845107 0.8548292 0.1975319 0.8439322 0.1870003 0.8548292 0.1870003 0.8439322 0.2104564 0.8548292 0.1975319 0.8548292 0.2104564 0.7692368 0.7927861 0.7639 0.8040209 0.7641339 0.7882184 0.8439324 0.2229579 0.8548292 0.2104564 0.8548292 0.2229579 0.7884567 0.7969596 0.7691186 0.8040209 0.7692368 0.7927861 0.7968374 0.804021 0.7884567 0.7969596 0.7974709 0.7976989 0.6576923 0.797159 0.6527714 0.8040095 0.6536604 0.7961611 0.8439322 0.1615239 0.8522068 0.1529102 0.8522068 0.1615239 0.6660712 0.8040117 0.6576923 0.797159 0.6653991 0.7953937 0.8439322 0.1740406 0.8522068 0.1615239 0.8548292 0.1740406 0.8001207 0.7875869 0.7924726 0.7867692 0.7939542 0.7841373 0.7939542 0.7841373 0.7836788 0.7781941 0.7893059 0.7751417 0.7246229 0.7034616 0.7325688 0.7505612 0.7264203 0.7507144 0.730288 0.7032266 0.7387523 0.7503071 0.7325688 0.7505612 0.735948 0.7029454 0.7449745 0.7499708 0.7387523 0.7503071 0.7472111 0.7022309 0.7449745 0.7499708 0.7415985 0.7026141 0.7527586 0.7017926 0.7510879 0.7493923 0.7472111 0.7022309 0.7582661 0.7012991 0.7570999 0.7484151 0.7527586 0.7017926 0.7582661 0.7012991 0.7682991 0.7454921 0.7628372 0.747046 0.702075 0.7040389 0.6971472 0.7494563 0.6964499 0.7041255 0.708351 0.7508668 0.7126342 0.7820716 0.7058657 0.7818322 0.7189567 0.7036529 0.7142657 0.7506973 0.7132943 0.7038041 0.7246229 0.7034616 0.720309 0.7507393 0.7189567 0.7036529 0.7395931 0.7832902 0.7449745 0.7499708 0.7458606 0.7839253 0.7325688 0.7505612 0.7395931 0.7832902 0.7328578 0.7833369 0.7264203 0.7507144 0.7328578 0.7833369 0.726134 0.7833116 0.726134 0.7833116 0.7191246 0.8040177 0.7193717 0.782303 0.7142657 0.7506973 0.7193717 0.782303 0.7126342 0.7820716 0.70764 0.7039345 0.7026581 0.750153 0.702075 0.7040389 0.6653991 0.7953937 0.6576334 0.7946118 0.6643182 0.7914409 0.7051842 0.8040167 0.6978213 0.7845107 0.7058657 0.7818322 0.7718303 0.7853906 0.7639504 0.7828035 0.7663393 0.7787386 0.7887995 0.7944918 0.7718303 0.7853906 0.7905279 0.7903257 0.7718303 0.7853906 0.7723729 0.775566 0.7787019 0.7811391 0.7905279 0.7903257 0.7787019 0.7811391 0.7914273 0.7886359 0.7787019 0.7811391 0.7767724 0.7714337 0.7836788 0.7781941 0.7914273 0.7886359 0.7836788 0.7781941 0.7924726 0.7867692 0.7836788 0.7781941 0.7767724 0.7714337 0.7790732 0.7680335 0.6710622 0.7759891 0.6809759 0.7670426 0.6858463 0.7753755 0.752673 0.7667992 0.7510879 0.7493923 0.7580127 0.765825 0.6971472 0.7494563 0.6971312 0.7649428 0.6911957 0.7619053 0.7634447 0.7640249 0.7628372 0.747046 0.7676255 0.7619333 0.70764 0.7039345 0.7142657 0.7506973 0.708351 0.7508668 0.7580127 0.765825 0.7570999 0.7484151 0.7634447 0.7640249 0.7628372 0.747046 0.772706 0.7583971 0.7676255 0.7619333 0.7458606 0.7839253 0.752673 0.7667992 0.7553151 0.7848151 0.6978213 0.7845107 0.6834104 0.7809493 0.7005113 0.7690394 0.6858463 0.7753755 0.7005113 0.7690394 0.6834104 0.7809493 0.7058657 0.7818322 0.7005113 0.7690394 0.708351 0.7508668 0.6911957 0.7619053 0.6858463 0.7753755 0.6809759 0.7670426 0.7553151 0.7848151 0.7639504 0.7828035 0.7641339 0.7882184 0.7723729 0.775566 0.7676255 0.7619333 0.7767724 0.7714337 0.7676255 0.7619333 0.7794263 0.7669429 0.7790732 0.7680335 0.7663393 0.7787386 0.7634447 0.7640249 0.7723729 0.775566 0.7580127 0.765825 0.7639504 0.7828035 0.752673 0.7667992 0.7572969 0.804021 0.7641339 0.7882184 0.7639 0.8040209 0.7465459 0.804022 0.7553151 0.7848151 0.7572969 0.804021 0.6971312 0.7649428 0.708351 0.7508668 0.7005113 0.7690394 0.7058657 0.7818322 0.7121811 0.8040173 0.7051842 0.8040167 0.7121811 0.8040173 0.7193717 0.782303 0.7191246 0.8040177 0.7264203 0.7507144 0.7193717 0.782303 0.720309 0.7507393 0.7260054 0.8040179 0.7328578 0.7833369 0.7328441 0.8040179 0.7328441 0.8040179 0.7395931 0.7832902 0.739686 0.8040228 0.739686 0.8040228 0.7458606 0.7839253 0.7465459 0.804022 0.8548292 0.1740406 0.8555927 0.1615239 0.8592883 0.1740405 0.6842216 0.7871212 0.6643182 0.7914409 0.6834104 0.7809493 0.8555927 0.1615239 0.8522068 0.1529102 0.8555927 0.1529102 0.6613056 0.7873871 0.6576334 0.7946118 0.6549201 0.7930092 0.7974709 0.7976989 0.7887995 0.7944918 0.7979983 0.7950173 0.7887995 0.7944918 0.7692368 0.7927861 0.7693588 0.789101 0.8548292 0.2229579 0.8592883 0.2104564 0.8592883 0.2229579 0.7693588 0.789101 0.7641339 0.7882184 0.7639504 0.7828035 0.8592883 0.2104564 0.8548292 0.1975319 0.8592883 0.1975319 0.8548292 0.1975319 0.8592883 0.1870003 0.8592883 0.1975319 0.6710622 0.7759891 0.6834104 0.7809493 0.6691604 0.7826167 0.8592883 0.1870003 0.8548292 0.1740406 0.8592883 0.1740405 0.6691604 0.7826167 0.6643182 0.7914409 0.6613056 0.7873871 0.6576334 0.7946118 0.6536604 0.7961611 0.6549201 0.7930092 0.7989789 0.791212 0.7924726 0.7867692 0.7994029 0.7898564 0.7979983 0.7950173 0.7887995 0.7944918 0.7905279 0.7903257 0.8600251 0.5899959 0.8373284 0.5813319 0.8604226 0.5828154 0.8604226 0.5828154 0.8381697 0.5740113 0.8604993 0.5760934 0.8604993 0.5760934 0.8403535 0.566991 0.8603017 0.5692085 0.8397852 0.6406391 0.8595422 0.6324609 0.8590946 0.6391546 0.8379414 0.6339896 0.8593304 0.6257438 0.8595422 0.6324609 0.837179 0.6267864 0.8596078 0.6189324 0.8593304 0.6257438 0.8368203 0.6194403 0.8596943 0.6121749 0.8596078 0.6189324 0.8366732 0.6119935 0.8598416 0.6049681 0.8596943 0.6121749 0.837179 0.6267864 0.836439 0.6342402 0.8357008 0.6268694 0.8598416 0.6049681 0.8366135 0.5971263 0.8600198 0.5975717 0.8600198 0.5975717 0.8370335 0.5892028 0.8600251 0.5899959 0.8604993 0.5760934 0.8613508 0.5828405 0.8604226 0.5828154 0.8357836 0.5811654 0.829749 0.5726152 0.8367852 0.5737057 0.8397852 0.6406391 0.836439 0.6342402 0.8379414 0.6339896 0.8373284 0.5813319 0.835267 0.5891236 0.8357836 0.5811654 0.8403535 0.566991 0.8367852 0.5737057 0.8389409 0.5660263 0.8381697 0.5740113 0.8357836 0.5811654 0.8367852 0.5737057 0.8370335 0.5892028 0.8350462 0.5971363 0.835267 0.5891236 0.8366135 0.5971263 0.8352523 0.6046396 0.8350462 0.5971363 0.8366732 0.6119935 0.8352523 0.6046396 0.8365797 0.6046324 0.8368203 0.6194403 0.8351826 0.6119788 0.8366732 0.6119935 0.837179 0.6267864 0.8353271 0.619462 0.8368203 0.6194403 0.8350462 0.5971363 0.8284089 0.6047065 0.8282857 0.597079 0.8353271 0.619462 0.8291247 0.6276363 0.8286775 0.6199356 0.8367852 0.5737057 0.8315586 0.5642419 0.8389409 0.5660263 0.835267 0.5891236 0.8282857 0.597079 0.8283044 0.5890393 0.8353271 0.619462 0.8285026 0.6122961 0.8351826 0.6119788 0.836439 0.6342402 0.8316234 0.6430713 0.830035 0.6353198 0.835267 0.5891236 0.8287599 0.5807688 0.8357836 0.5811654 0.8351826 0.6119788 0.8284089 0.6047065 0.8352523 0.6046396 0.836439 0.6342402 0.8291247 0.6276363 0.8357008 0.6268694 0.8614815 0.5688024 0.8648778 0.576049 0.8615908 0.5761086 0.8600251 0.5899959 0.861168 0.5976012 0.8600198 0.5975717 0.8600198 0.5975717 0.860954 0.6050079 0.8598416 0.6049681 0.8598416 0.6049681 0.8607636 0.6122149 0.8596943 0.6121749 0.8596943 0.6121749 0.8605124 0.6189557 0.8596078 0.6189324 0.8593304 0.6257438 0.8605124 0.6189557 0.8604945 0.6257509 0.8593304 0.6257438 0.8605071 0.632496 0.8595422 0.6324609 0.8595422 0.6324609 0.8599906 0.6395164 0.8590946 0.6391546 0.8600251 0.5899959 0.8613508 0.5828405 0.8612934 0.590016 0.8603017 0.5692085 0.8615908 0.5761086 0.8604993 0.5760934 0.787492 0.3248426 0.8008102 0.3248426 0.7941512 0.3453375 0.8612934 0.590016 0.8650549 0.5975146 0.861168 0.5976012 0.8605124 0.6189557 0.8643957 0.6124804 0.8639858 0.6191713 0.8605071 0.632496 0.8637251 0.6391613 0.8599906 0.6395164 0.8613508 0.5828405 0.8650549 0.5899392 0.8612934 0.590016 0.8607636 0.6122149 0.8650398 0.6051377 0.8643957 0.6124804 0.8605071 0.632496 0.8638881 0.6259013 0.8636988 0.6325344 0.8613508 0.5828405 0.8648778 0.576049 0.8649213 0.5827714 0.861168 0.5976012 0.8650398 0.6051377 0.860954 0.6050079 0.8604945 0.6257509 0.8639858 0.6191713 0.8638881 0.6259013 0.8001207 0.9557693 0.7943598 0.947105 0.7943599 0.9557693 0.8001205 0.9384409 0.7943598 0.947105 0.8001207 0.947105 0.8001205 0.9297766 0.7943597 0.9384408 0.8001205 0.9384409 0.8001205 0.9297766 0.7943598 0.9211124 0.7943597 0.9297764 0.7943598 0.9211124 0.7943599 0.9124482 0.7868564 0.9081158 0.8001207 0.9124482 0.7943598 0.9211124 0.8001207 0.9211124 0.8001207 0.9557693 0.7943599 0.9644336 0.8001207 0.9644334 0.8903388 0.460588 0.9161402 0.4753995 0.8903388 0.4753994 0.8903388 0.5050225 0.9161402 0.519834 0.8903388 0.519834 0.8903388 0.519834 0.9161402 0.5346455 0.8903388 0.5346455 0.8903388 0.5346455 0.9161402 0.549457 0.8903388 0.549457 0.9161402 0.549457 0.8903388 0.5642685 0.8903388 0.549457 0.9161402 0.5642685 0.8903388 0.5790801 0.8903388 0.5642685 0.9161402 0.5790801 0.8903388 0.5938915 0.8903388 0.5790801 0.9161402 0.3569073 0.8903388 0.3717188 0.8903388 0.3569074 0.9161402 0.3717189 0.8903388 0.3865304 0.8903388 0.3717188 0.9161402 0.3865304 0.8903388 0.4013419 0.8903388 0.3865304 0.9161402 0.4013419 0.890339 0.4161534 0.8903388 0.4013419 0.9161402 0.4161534 0.890339 0.430965 0.890339 0.4161534 0.890339 0.430965 0.9161402 0.4457765 0.890339 0.4457765 0.890339 0.4457765 0.9161402 0.460588 0.8903388 0.460588 0.8903388 0.490211 0.9161402 0.5050225 0.8903388 0.5050225 0.8356187 0.7683094 0.8132741 0.7344664 0.846621 0.7129448 0.8903388 0.4753994 0.9161402 0.490211 0.8903388 0.490211 0.7449997 0.5927964 0.7440358 0.6073807 0.742164 0.6073269 0.7440358 0.6073807 0.7486752 0.5941841 0.7461061 0.6074295 0.7486752 0.5941841 0.7484831 0.6074847 0.7461061 0.6074295 0.7484831 0.6074847 0.7533625 0.595934 0.7511386 0.6075445 0.7533625 0.595934 0.7539824 0.6076091 0.7511386 0.6075445 0.863663 0.7070125 0.8730235 0.7193323 0.8625232 0.7086893 0.8730235 0.7193323 0.8613034 0.7105032 0.8625232 0.7086893 0.8712053 0.7205316 0.8599197 0.7125528 0.8613034 0.7105032 0.8599197 0.7125528 0.8668729 0.7233985 0.8583846 0.7148172 0.8583846 0.7148172 0.8644655 0.7249897 0.8567631 0.7172106 0.7449997 0.5927964 0.7538121 0.5812641 0.7467381 0.5934576 0.7538121 0.5812641 0.7486752 0.5941841 0.7467381 0.5934576 0.7486752 0.5941841 0.75721 0.5840592 0.750886 0.5950077 0.75721 0.5840592 0.7533625 0.595934 0.750886 0.5950077 0.7592415 0.5857365 0.7560145 0.5969274 0.7533625 0.595934 0.849103 0.7008888 0.8625232 0.7086893 0.8487086 0.70284 0.8625232 0.7086893 0.8482739 0.7049848 0.8487086 0.70284 0.8613034 0.7105032 0.84777 0.7074142 0.8482739 0.7049848 0.84777 0.7074142 0.8583846 0.7148172 0.8472135 0.7101043 0.8472135 0.7101043 0.8567631 0.7172106 0.846621 0.7129448 0.7524091 0.5801045 0.7644273 0.5720378 0.7538121 0.5812641 0.7644273 0.5720378 0.7554025 0.5825678 0.7538121 0.5812641 0.7554025 0.5825678 0.7667354 0.5757916 0.75721 0.5840592 0.7667354 0.5757916 0.7592415 0.5857365 0.75721 0.5840592 0.7681083 0.5780355 0.7614168 0.587535 0.7592415 0.5857365 0.849103 0.7008888 0.8337437 0.7027093 0.8333678 0.7007612 0.8487086 0.70284 0.8341566 0.7048519 0.8337437 0.7027093 0.8341566 0.7048519 0.84777 0.7074142 0.8346104 0.7072768 0.84777 0.7074142 0.8351151 0.7099627 0.8346104 0.7072768 0.8472135 0.7101043 0.8356437 0.7128034 0.8351151 0.7099627 0.7770867 0.5649664 0.7644273 0.5720378 0.7634537 0.5704635 0.7774913 0.5667769 0.7655057 0.5737843 0.7644273 0.5720378 0.7779383 0.5687848 0.7667354 0.5757916 0.7655057 0.5737843 0.7667354 0.5757916 0.7790028 0.5736545 0.7681083 0.5780355 0.7681083 0.5780355 0.7795978 0.5764116 0.7695762 0.5804411 0.818806 0.7066078 0.8337437 0.7027093 0.8198913 0.7082624 0.8337437 0.7027093 0.8210845 0.7100825 0.8198913 0.7082624 0.8210845 0.7100825 0.8346104 0.7072768 0.82243 0.7121461 0.8346104 0.7072768 0.8239158 0.7144355 0.82243 0.7121461 0.8239158 0.7144355 0.8356437 0.7128034 0.8254806 0.7168551 0.7770867 0.5649664 0.7915864 0.566092 0.7774913 0.5667769 0.7774913 0.5667769 0.7913442 0.5681376 0.7779383 0.5687848 0.7779383 0.5687848 0.791068 0.5704808 0.7784429 0.5710809 0.791068 0.5704808 0.7790028 0.5736545 0.7784429 0.5710809 0.7907521 0.5730974 0.7795978 0.5764116 0.7790028 0.5736545 0.818806 0.7066078 0.8092154 0.7186375 0.8075876 0.7175227 0.8092154 0.7186375 0.8210845 0.7100825 0.8110055 0.7198644 0.8210845 0.7100825 0.8130285 0.7212576 0.8110055 0.7198644 0.8130285 0.7212576 0.8239158 0.7144355 0.815267 0.7228094 0.8239158 0.7144355 0.8176305 0.7244465 0.815267 0.7228094 0.8060235 0.568346 0.7915864 0.566092 0.7917956 0.5642419 0.7915864 0.566092 0.8043113 0.571918 0.7913442 0.5681376 0.8043113 0.571918 0.791068 0.5704808 0.7913442 0.5681376 0.791068 0.5704808 0.802104 0.5764641 0.7907521 0.5730974 0.802104 0.5764641 0.7904096 0.5758986 0.7907521 0.5730974 0.8013768 0.731831 0.8092154 0.7186375 0.8032956 0.73225 0.8032956 0.73225 0.8110055 0.7198644 0.8054099 0.7327222 0.8110055 0.7198644 0.8078067 0.7332507 0.8054099 0.7327222 0.8078067 0.7332507 0.815267 0.7228094 0.8104627 0.7338456 0.8104627 0.7338456 0.8176305 0.7244465 0.8132741 0.7344664 0.8182345 0.5769457 0.8052175 0.5700392 0.8060235 0.568346 0.8052175 0.5700392 0.8154637 0.5798219 0.8043113 0.571918 0.8154637 0.5798219 0.8032758 0.57406 0.8043113 0.571918 0.8032758 0.57406 0.811856 0.5834532 0.802104 0.5764641 0.802104 0.5764641 0.8097851 0.5854988 0.8008493 0.5790276 0.8013768 0.731831 0.8028669 0.7470548 0.800944 0.7473369 0.8028669 0.7470548 0.8054099 0.7327222 0.804998 0.7467563 0.8054099 0.7327222 0.8074406 0.7463837 0.804998 0.7467563 0.8074406 0.7463837 0.8104627 0.7338456 0.8101553 0.7459521 0.8104627 0.7338456 0.8130369 0.7454671 0.8101553 0.7459521 0.8182345 0.5769457 0.825858 0.5901588 0.8169178 0.5783165 0.825858 0.5901588 0.8154637 0.5798219 0.8169178 0.5783165 0.8154637 0.5798219 0.8216809 0.5923944 0.8137723 0.5815353 0.8216809 0.5923944 0.811856 0.5834532 0.8137723 0.5815353 0.811856 0.5834532 0.8163058 0.5948575 0.8097851 0.5854988 0.800944 0.7473369 0.8075627 0.761526 0.8057336 0.7622148 0.8075627 0.761526 0.804998 0.7467563 0.8095902 0.7605679 0.804998 0.7467563 0.8119093 0.7593331 0.8095902 0.7605679 0.8119093 0.7593331 0.8101553 0.7459521 0.8144726 0.7578589 0.8101553 0.7459521 0.8171676 0.756219 0.8144726 0.7578589 0.8178696 0.6406918 0.8259371 0.627821 0.8274623 0.6289475 0.8166036 0.6393054 0.8240883 0.6266721 0.8259371 0.627821 0.8152011 0.6377537 0.8218628 0.6254295 0.8240883 0.6266721 0.8218628 0.6254295 0.8117076 0.6339874 0.8193211 0.6241064 0.8117076 0.6339874 0.8165891 0.6227465 0.8193211 0.6241064 0.8069904 0.7643158 0.8198907 0.7730014 0.8188697 0.7746983 0.8198907 0.7730014 0.8100953 0.7613854 0.8210105 0.7711457 0.8210105 0.7711457 0.812172 0.7597461 0.8223202 0.7690343 0.812172 0.7597461 0.8237793 0.7666918 0.8223202 0.7690343 0.8237793 0.7666918 0.8171676 0.756219 0.825347 0.7642175 0.8054161 0.6489581 0.8166036 0.6393054 0.8178696 0.6406918 0.8166036 0.6393054 0.8037773 0.6453247 0.8152011 0.6377537 0.8152011 0.6377537 0.8027977 0.6431462 0.8135615 0.6359774 0.8027977 0.6431462 0.8117076 0.6339874 0.8135615 0.6359774 0.8117076 0.6339874 0.8005038 0.6380751 0.8097057 0.6318766 0.8188697 0.7746983 0.8337816 0.7784094 0.8334392 0.7803543 0.8337816 0.7784094 0.8210105 0.7711457 0.8341682 0.7762661 0.8341682 0.7762661 0.8223202 0.7690343 0.834613 0.7738401 0.8223202 0.7690343 0.8350974 0.7711496 0.834613 0.7738401 0.8350974 0.7711496 0.825347 0.7642175 0.8356187 0.7683094 0.8054161 0.6489581 0.7907663 0.6508984 0.8046371 0.6472404 0.7907663 0.6508984 0.8037773 0.6453247 0.8046371 0.6472404 0.8037773 0.6453247 0.790355 0.6464286 0.8027977 0.6431462 0.790355 0.6464286 0.8016953 0.6406959 0.8027977 0.6431462 0.8016953 0.6406959 0.7898529 0.6408872 0.8005038 0.6380751 0.8334392 0.7803543 0.8486857 0.778209 0.8491003 0.7801435 0.8486857 0.778209 0.8341682 0.7762661 0.8482389 0.776081 0.8482389 0.776081 0.834613 0.7738401 0.8477335 0.7736747 0.8477335 0.7736747 0.8350974 0.7711496 0.84717 0.7710087 0.8350974 0.7711496 0.8465779 0.7681879 0.84717 0.7710087 0.7759951 0.6516527 0.7907663 0.6508984 0.7909457 0.6527786 0.7907663 0.6508984 0.7769421 0.647778 0.7905685 0.648813 0.7905685 0.648813 0.7775222 0.6454452 0.790355 0.6464286 0.7775222 0.6454452 0.7901137 0.6437574 0.790355 0.6464286 0.7781683 0.6428477 0.7898529 0.6408872 0.7901137 0.6437574 0.8635406 0.7740306 0.8486857 0.778209 0.8624247 0.7723945 0.8486857 0.778209 0.8611968 0.770595 0.8624247 0.7723945 0.8611968 0.770595 0.8477335 0.7736747 0.8598104 0.7685545 0.8598104 0.7685545 0.84717 0.7710087 0.858277 0.7662896 0.858277 0.7662896 0.8465779 0.7681879 0.8566591 0.7638952 0.7759951 0.6516527 0.7632645 0.6440652 0.7764436 0.649815 0.7632645 0.6440652 0.7769421 0.647778 0.7764436 0.649815 0.764413 0.6423112 0.7775222 0.6454452 0.7769421 0.647778 0.7775222 0.6454452 0.7671946 0.6380546 0.7781683 0.6428477 0.7781683 0.6428477 0.7687749 0.6356425 0.7788597 0.640066 0.8635406 0.7740306 0.8729467 0.7618096 0.8746009 0.7628998 0.8729467 0.7618096 0.8611968 0.770595 0.8711277 0.7606109 0.8611968 0.770595 0.8690717 0.7592501 0.8711277 0.7606109 0.8598104 0.7685545 0.8667966 0.757735 0.8690717 0.7592501 0.858277 0.7662896 0.864395 0.7561362 0.8667966 0.757735 0.751164 0.6354318 0.7632645 0.6440652 0.7622333 0.6456568 0.7632645 0.6440652 0.7543751 0.632984 0.764413 0.6423112 0.7543751 0.632984 0.765724 0.6403024 0.764413 0.6423112 0.765724 0.6403024 0.7584211 0.6298909 0.7671946 0.6380546 0.7584211 0.6298909 0.7687749 0.6356425 0.7671946 0.6380546 0.8805845 0.7483986 0.8729467 0.7618096 0.8786409 0.7480216 0.8729467 0.7618096 0.8765024 0.7475966 0.8786409 0.7480216 0.8711277 0.7606109 0.8740817 0.7471218 0.8765024 0.7475966 0.8690717 0.7592501 0.8714026 0.7465848 0.8740817 0.7471218 0.8714026 0.7465848 0.864395 0.7561362 0.8685707 0.7460204 0.751164 0.6354318 0.7460634 0.621506 0.7527002 0.634261 0.7460634 0.621506 0.7543751 0.632984 0.7527002 0.634261 0.7480517 0.6208575 0.7562802 0.6315256 0.7543751 0.632984 0.7562802 0.6315256 0.7528622 0.6193007 0.7584211 0.6298909 0.7528622 0.6193007 0.7607071 0.6281504 0.7584211 0.6298909 0.8805845 0.7483986 0.8786469 0.733119 0.8805845 0.7327294 0.8786409 0.7480216 0.8765115 0.7335287 0.8786469 0.733119 0.8765024 0.7475966 0.8740979 0.7340099 0.8765115 0.7335287 0.8740979 0.7340099 0.8714026 0.7465848 0.8714246 0.7345344 0.8714026 0.7465848 0.868598 0.7350887 0.8714246 0.7345344 0.744264 0.6220749 0.7440358 0.6073807 0.7460634 0.621506 0.7460634 0.621506 0.7461061 0.6074295 0.7480517 0.6208575 0.7480517 0.6208575 0.7484831 0.6074847 0.7503181 0.6201246 0.7484831 0.6074847 0.7528622 0.6193007 0.7503181 0.6201246 0.7528622 0.6193007 0.7539824 0.6076091 0.7555846 0.6184186 0.8805845 0.7327294 0.8730235 0.7193323 0.874648 0.7182638 0.8786469 0.733119 0.8712053 0.7205316 0.8730235 0.7193323 0.8765115 0.7335287 0.8691524 0.721894 0.8712053 0.7205316 0.8691524 0.721894 0.8714246 0.7345344 0.8668729 0.7233985 0.8714246 0.7345344 0.8644655 0.7249897 0.8668729 0.7233985 0.7906665 0.6558937 0.7894834 0.663733 0.7853828 0.6604356 0.7660555 0.6005882 0.7680383 0.6078377 0.7646805 0.6077815 0.769679 0.5943175 0.7691727 0.601752 0.7660555 0.6005882 0.769679 0.5943175 0.7768639 0.5923586 0.7722223 0.5964005 0.7818382 0.5867699 0.7768639 0.5923586 0.7751095 0.5895294 0.7818382 0.5867699 0.7886834 0.5897928 0.782541 0.5900074 0.7960582 0.5885537 0.7886834 0.5897928 0.7890952 0.5864967 0.7960582 0.5885537 0.7995132 0.5951618 0.7945886 0.5915132 0.8019392 0.5928801 0.8028208 0.600319 0.7995132 0.5951618 0.8063063 0.6179793 0.7997195 0.6217234 0.8032065 0.6166481 0.7960417 0.6282845 0.7997195 0.6217234 0.8020932 0.6240824 0.7960417 0.6282845 0.7886113 0.6267621 0.7946398 0.6252325 0.7889125 0.630106 0.7823569 0.6262564 0.7886113 0.6267621 0.7747449 0.6266249 0.7823569 0.6262564 0.7815465 0.6295551 0.7747449 0.6266249 0.77198 0.6195279 0.7765775 0.6237999 0.7692781 0.621601 0.7690402 0.6139862 0.77198 0.6195279 0.7646805 0.6077815 0.7690402 0.6139862 0.7658514 0.615038 0.8070677 0.677393 0.7943112 0.6799306 0.7930439 0.6667784 0.8107551 0.6883612 0.8024845 0.6860139 0.8073926 0.683903 0.7973969 0.6536077 0.7933799 0.6604592 0.7906665 0.6558937 0.7966173 0.6921144 0.8024845 0.6860139 0.8040431 0.6914862 0.7973969 0.6536077 0.8033278 0.6592999 0.7982317 0.6589335 0.7892644 0.6901435 0.7970569 0.6863545 0.7966173 0.6921144 0.815911 0.6623308 0.8132299 0.6701577 0.8113639 0.665355 0.8110266 0.6570854 0.8033278 0.6592999 0.804542 0.6540195 0.7825309 0.6861124 0.7916496 0.6845394 0.7892644 0.6901435 0.8110266 0.6570854 0.8113639 0.665355 0.8079295 0.6615481 0.7808001 0.6728048 0.7863708 0.6790932 0.7808731 0.6791563 0.8185794 0.6762669 0.8132299 0.6701577 0.8185794 0.6690084 0.782036 0.6663531 0.7858481 0.673159 0.7808001 0.6728048 0.8185794 0.6762669 0.8110476 0.6800978 0.8131629 0.6753197 0.7853828 0.6604356 0.7868479 0.6680604 0.782036 0.6663531 0.8157944 0.6830312 0.8073926 0.683903 0.8110476 0.6800978 0.8113639 0.665355 0.8085798 0.670892 0.8074225 0.6677712 0.8132299 0.6701577 0.8084728 0.6742799 0.8085798 0.670892 0.8110476 0.6800978 0.8084728 0.6742799 0.8131629 0.6753197 0.8110476 0.6800978 0.8046209 0.679863 0.8070677 0.677393 0.8024845 0.6860139 0.8046209 0.679863 0.8073926 0.683903 0.8024845 0.6860139 0.7977772 0.6812854 0.8013981 0.6812176 0.7916496 0.6845394 0.7977772 0.6812854 0.7970569 0.6863545 0.7863413 0.6804348 0.7943112 0.6799306 0.7916496 0.6845394 0.7863708 0.6790932 0.7908332 0.6732484 0.79185 0.676883 0.7858481 0.673159 0.7913147 0.6697543 0.7908332 0.6732484 0.7894834 0.663733 0.7913147 0.6697543 0.7868479 0.6680604 0.7894834 0.663733 0.7956312 0.6645987 0.7930439 0.6667784 0.7982317 0.6589335 0.7956312 0.6645987 0.7933799 0.6604592 0.7982317 0.6589335 0.8021701 0.6638216 0.7988388 0.6635757 0.8079295 0.6615481 0.8021701 0.6638216 0.8033278 0.6592999 0.8113639 0.665355 0.805158 0.6653235 0.8079295 0.6615481 0.7539824 0.6076091 0.7658514 0.615038 0.7555846 0.6184186 0.7607071 0.6281504 0.7658514 0.615038 0.7692781 0.621601 0.7687749 0.6356425 0.7692781 0.621601 0.7747449 0.6266249 0.7687749 0.6356425 0.7815465 0.6295551 0.7788597 0.640066 0.7788597 0.640066 0.7889125 0.630106 0.7898529 0.6408872 0.8005038 0.6380751 0.7889125 0.630106 0.7960417 0.6282845 0.8005038 0.6380751 0.8020932 0.6240824 0.8097057 0.6318766 0.8165891 0.6227465 0.8020932 0.6240824 0.8063063 0.6179793 0.8163058 0.5948575 0.8019392 0.5928801 0.8097851 0.5854988 0.8097851 0.5854988 0.7960582 0.5885537 0.8008493 0.5790276 0.8008493 0.5790276 0.7890952 0.5864967 0.7904096 0.5758986 0.7795978 0.5764116 0.7890952 0.5864967 0.7818382 0.5867699 0.7795978 0.5764116 0.7751095 0.5895294 0.7695762 0.5804411 0.7614168 0.587535 0.7751095 0.5895294 0.769679 0.5943175 0.7560145 0.5969274 0.769679 0.5943175 0.7660555 0.6005882 0.7539824 0.6076091 0.7660555 0.6005882 0.7646805 0.6077815 0.8810442 0.2884134 0.8885409 0.2992143 0.8810442 0.2992143 0.8810442 0.2992143 0.8885409 0.3100153 0.8810442 0.3100153 0.8885409 0.3100153 0.8810442 0.3208163 0.8810442 0.3100153 0.8885409 0.2560102 0.8810442 0.2668112 0.8810441 0.2560102 0.8885409 0.2668112 0.8810442 0.2776122 0.8810442 0.2668112 0.8810442 0.2776122 0.8885408 0.2884134 0.8810442 0.2884134 0.8810441 0.2560102 0.8810442 0.2668112 0.8716903 0.2722117 0.8729165 0.6689994 0.8686433 0.6751561 0.8686433 0.6689994 0.8686433 0.6751561 0.8729165 0.6813127 0.8686433 0.6813127 0.8686433 0.6813127 0.8729165 0.6874694 0.8686434 0.6874695 0.8729165 0.6874694 0.8686434 0.6936262 0.8686434 0.6874695 0.8729165 0.6566861 0.8686433 0.6628427 0.8686434 0.6566861 0.8729165 0.6628428 0.8686433 0.6689994 0.8686433 0.6628427 0.8579796 0.6628426 0.8633116 0.6536077 0.8686433 0.6628427 0.8808152 0.5888686 0.8765419 0.5950253 0.8765419 0.5888686 0.8765419 0.5950253 0.8808152 0.6011819 0.876542 0.6011819 0.8808152 0.5642419 0.8765419 0.5703986 0.8765419 0.564242 0.8765419 0.5703986 0.8808152 0.5765552 0.876542 0.5765552 0.8808152 0.5765552 0.876542 0.5827119 0.876542 0.5765552 0.8808152 0.5827119 0.8765419 0.5888686 0.876542 0.5827119 0.8712102 0.6042603 0.8658784 0.6011821 0.8658783 0.5950253 0.7825531 0.3333424 0.7763964 0.3376157 0.7763963 0.3333425 0.7763963 0.3333425 0.7702397 0.3376157 0.7702397 0.3333425 0.7702397 0.3376157 0.7640832 0.3333426 0.7702397 0.3333425 0.7640832 0.3333426 0.7579264 0.3376157 0.7579264 0.3333426 0.7579264 0.3376157 0.7517697 0.3333425 0.7579264 0.3333426 0.7517697 0.3376157 0.745613 0.3333426 0.7517697 0.3333425 0.7425346 0.3280107 0.7517696 0.3226789 0.7517697 0.3333425 0.8765419 0.608162 0.8808152 0.6143185 0.8765419 0.6143186 0.8765419 0.6143186 0.8808152 0.6204753 0.8765419 0.6204754 0.8808152 0.6204753 0.8765419 0.6266319 0.8765419 0.6204754 0.8765419 0.6266319 0.8808152 0.6327887 0.8765419 0.6327887 0.8808152 0.6327887 0.8765419 0.6389454 0.8765419 0.6327887 0.8808152 0.6389454 0.8765419 0.6451021 0.8765419 0.6389454 0.8658783 0.608162 0.87121 0.6050836 0.8765419 0.6143186 0.7308841 0.03822791 0.7309208 0.03580451 0.7329804 0.03827083 0.6814657 0.04509538 0.7074586 0.09691798 0.6986783 0.09678536 0.7308841 0.03822791 0.7112222 0.09697484 0.7121154 0.0378443 0.653304 0.2877484 0.6953702 0.2388054 0.6806809 0.2942296 0.7071107 0.298745 0.680191 0.2962354 0.6806809 0.2942296 0.7295784 0.2982883 0.729939 0.2396959 0.7316794 0.2982619 0.7071107 0.298745 0.7082769 0.2388463 0.7107304 0.2986342 0.7070295 0.125322 0.6894149 0.122115 0.6906769 0.118664 0.7295492 0.1266168 0.7316444 0.1267373 0.7295111 0.1291404 0.7295492 0.1266168 0.7107405 0.1288569 0.7107906 0.1255382 0.6889373 0.2132202 0.6597818 0.2150238 0.6884856 0.2109237 0.6889373 0.2132202 0.7045443 0.2388592 0.6953702 0.2388054 0.7095356 0.2093355 0.706123 0.2061759 0.7096638 0.2063596 0.7303988 0.2093346 0.7283043 0.2093464 0.7283633 0.2068709 0.7283043 0.2093464 0.7096638 0.2063596 0.7283633 0.2068709 0.7107304 0.2986342 0.7278186 0.2389356 0.7295784 0.2982883 0.7108451 0.3014459 0.7295784 0.2982883 0.7296624 0.3007586 0.7401347 0.3012369 0.7323299 0.3204452 0.7317737 0.3014822 0.7278186 0.2389356 0.7095356 0.2093355 0.7283043 0.2093464 0.7391277 0.1837149 0.7307311 0.1872026 0.7307857 0.1835889 0.7107906 0.1255382 0.706977 0.1288002 0.7070295 0.125322 0.7121154 0.0378443 0.7074586 0.09691798 0.7083521 0.03776729 0.7121505 0.03552097 0.7083521 0.03776729 0.7083868 0.0354641 0.7399378 0.1300762 0.7313123 0.1487209 0.7315958 0.1299503 0.7112222 0.09697484 0.7070295 0.125322 0.7074586 0.09691798 0.7417112 0.01264977 0.7333124 0.01628732 0.7333693 0.01252371 0.7092478 0.4695574 0.7063313 0.4729058 0.7063947 0.4693787 0.7108088 0.3828402 0.7293983 0.4414851 0.7097595 0.4411317 0.6533557 0.6321758 0.6942303 0.5828111 0.6804298 0.6379469 0.7304573 0.382631 0.7305021 0.3801407 0.732551 0.3826087 0.6812777 0.389792 0.7069042 0.4410802 0.6981396 0.4409224 0.7065375 0.642821 0.6798282 0.6405673 0.6804298 0.6379469 0.7289248 0.6421615 0.7289497 0.5836837 0.7310197 0.6421186 0.7065375 0.642821 0.7076917 0.5828415 0.7105867 0.6426568 0.7091022 0.5538316 0.705304 0.5501003 0.7092717 0.5503345 0.7294821 0.5533669 0.7273913 0.553427 0.7274606 0.5509039 0.7063947 0.4693787 0.6888189 0.4661815 0.6898112 0.4634923 0.7288708 0.4707869 0.7309618 0.4709178 0.7288254 0.4733106 0.7288708 0.4707869 0.7091867 0.4729571 0.7092478 0.4695574 0.6577307 0.5617169 0.6875886 0.5547425 0.6882873 0.5583316 0.6882873 0.5583316 0.70348 0.5828608 0.6942303 0.5828111 0.707952 0.3828706 0.7097595 0.4411317 0.7069042 0.4410802 0.7080084 0.3797358 0.7108088 0.3828402 0.707952 0.3828706 0.7309041 0.474125 0.7388778 0.4939137 0.7305507 0.4937639 0.7097595 0.4411317 0.7063947 0.4693787 0.7069042 0.4410802 0.7413406 0.3570572 0.7329621 0.3597627 0.7330135 0.3569073 0.7273913 0.553427 0.7092717 0.5503345 0.7274606 0.5509039 0.7105867 0.6426568 0.7268303 0.5829285 0.7289248 0.6421615 0.7107168 0.6454052 0.7289248 0.6421615 0.7290233 0.6446191 0.7394692 0.6450387 0.7317765 0.663794 0.7311319 0.6453297 0.7268303 0.5829285 0.7091022 0.5538316 0.7273913 0.553427 0.7382677 0.5278184 0.7298675 0.5317207 0.7299405 0.5276684 0.5459337 0.3167177 0.5593242 0.3409507 0.5580238 0.3009217 0.7936805 0.07096153 0.8031257 0.07694661 0.8017747 0.08087158 0.8038488 0.08874547 0.8069579 0.09149593 0.8009726 0.1009411 0.8009726 0.1009411 0.8069579 0.09149593 0.8108826 0.0928471 0.8108826 0.0928471 0.8150258 0.09259337 0.8174723 0.1035041 0.8150258 0.09259337 0.8187564 0.09077328 0.8251923 0.09991729 0.8251923 0.09991729 0.8187564 0.09077328 0.8215065 0.08766412 0.8309519 0.09364914 0.8215065 0.08766412 0.8228574 0.0837391 0.8228574 0.0837391 0.8226037 0.0795958 0.8335146 0.07714915 0.8335146 0.07714915 0.8226037 0.0795958 0.8207836 0.07586508 0.8299278 0.06942921 0.8207836 0.07586508 0.8176745 0.07311469 0.8176745 0.07311469 0.8137497 0.07176357 0.8156647 0.06074702 0.8156647 0.06074702 0.8137497 0.07176357 0.8096065 0.07201743 0.8096065 0.07201743 0.8058759 0.07383751 0.79944 0.06469345 0.8058759 0.07383751 0.8031257 0.07694661 0.7936805 0.07096153 0.7911175 0.08746153 0.8020285 0.08501476 0.8038488 0.08874547 0.8064233 0.08677935 0.8051592 0.08418345 0.8049851 0.08130162 0.8049851 0.08130162 0.8059272 0.07857263 0.807842 0.0764119 0.807842 0.0764119 0.8104379 0.07514804 0.8182091 0.07783108 0.8104379 0.07514804 0.8133196 0.07497394 0.8182091 0.07783108 0.8133196 0.07497394 0.8160485 0.07591605 0.8182091 0.07783108 0.8182091 0.07783108 0.8194729 0.08042705 0.8196468 0.08330905 0.8196468 0.08330905 0.818705 0.08603829 0.8167904 0.08819907 0.8167904 0.08819907 0.8141947 0.08946281 0.8113129 0.08963674 0.8113129 0.08963674 0.808584 0.08869445 0.8064233 0.08677935 0.8064233 0.08677935 0.8049851 0.08130162 0.8182091 0.07783108 0.8049851 0.08130162 0.807842 0.0764119 0.8182091 0.07783108 0.8182091 0.07783108 0.8196468 0.08330905 0.8064233 0.08677935 0.8196468 0.08330905 0.8167904 0.08819907 0.8064233 0.08677935 0.790758 0.07895666 0.8017747 0.08087158 0.8020285 0.08501476 0.7911175 0.08746153 0.7900096 0.08773386 0.7896302 0.07878428 0.7896302 0.07878428 0.7900096 0.08773386 0.7886548 0.08806467 0.7886548 0.08806467 0.7868996 0.08848154 0.7864708 0.07828485 0.7864708 0.07828485 0.7868996 0.08848154 0.7846137 0.08900952 0.7846137 0.08900952 0.7816952 0.08966684 0.781209 0.07738828 0.8020285 0.08501476 0.8017747 0.08087158 0.802298 0.08093959 0.802298 0.08093959 0.8028692 0.08101511 0.8030948 0.08472853 0.8030948 0.08472853 0.8028692 0.08101511 0.8035152 0.08110159 0.8037246 0.08456122 0.8035152 0.08110159 0.8042302 0.08119851 0.8044223 0.08437711 0.8042302 0.08119851 0.8049851 0.08130162 0.7911175 0.08746153 0.7947045 0.09518146 0.7937851 0.09585702 0.7937851 0.09585702 0.7926599 0.09668111 0.7886548 0.08806467 0.7886548 0.08806467 0.7926599 0.09668111 0.7911979 0.09773796 0.7911979 0.09773796 0.7892881 0.09910053 0.7846137 0.08900952 0.7846137 0.08900952 0.7892881 0.09910053 0.7868433 0.1008246 0.8038488 0.08874547 0.8020285 0.08501476 0.8025381 0.08487731 0.8025381 0.08487731 0.8030948 0.08472853 0.8047242 0.08807301 0.8030948 0.08472853 0.8037246 0.08456122 0.8052421 0.08767741 0.8052421 0.08767741 0.8037246 0.08456122 0.8044223 0.08437711 0.8044223 0.08437711 0.8051592 0.08418345 0.8064233 0.08677935 0.7947045 0.09518146 0.8009726 0.1009411 0.8003817 0.101917 0.8003817 0.101917 0.7996576 0.103109 0.7926599 0.09668111 0.7996576 0.103109 0.7987112 0.1046449 0.7911979 0.09773796 0.7911979 0.09773796 0.7987112 0.1046449 0.7974682 0.1066346 0.7974682 0.1066346 0.7958692 0.109163 0.7868433 0.1008246 0.8038488 0.08874547 0.8042669 0.08842349 0.807221 0.09103846 0.807221 0.09103846 0.8042669 0.08842349 0.8047242 0.08807301 0.8047242 0.08807301 0.8052421 0.08767741 0.8078365 0.08997595 0.8078365 0.08997595 0.8052421 0.08767741 0.8058163 0.08724033 0.8081998 0.08935248 0.8058163 0.08724033 0.8064233 0.08677935 0.8009726 0.1009411 0.8089676 0.1038636 0.8087953 0.1049914 0.8003817 0.101917 0.8087953 0.1049914 0.8085823 0.1063697 0.8085823 0.1063697 0.8082958 0.1081508 0.7987112 0.1046449 0.7987112 0.1046449 0.8082958 0.1081508 0.8079087 0.1104648 0.7974682 0.1066346 0.8079087 0.1104648 0.8073992 0.1134126 0.8069579 0.09149593 0.807221 0.09103846 0.8109508 0.09232378 0.807221 0.09103846 0.8075094 0.09053963 0.8110263 0.09175258 0.8110263 0.09175258 0.8075094 0.09053963 0.8078365 0.08997595 0.8111129 0.09110665 0.8078365 0.08997595 0.8081998 0.08935248 0.8081998 0.08935248 0.808584 0.08869445 0.8113129 0.08963674 0.8174723 0.1035041 0.8177448 0.104612 0.8087953 0.1049914 0.8177448 0.104612 0.8180755 0.1059669 0.8085823 0.1063697 0.8085823 0.1063697 0.8180755 0.1059669 0.8184924 0.1077221 0.8184924 0.1077221 0.8190204 0.110008 0.8079087 0.1104648 0.8190204 0.110008 0.8196776 0.1129264 0.8073992 0.1134126 0.8150258 0.09259337 0.8108826 0.0928471 0.8109508 0.09232378 0.8148884 0.09208381 0.8109508 0.09232378 0.8110263 0.09175258 0.8147395 0.09152722 0.8110263 0.09175258 0.8111129 0.09110665 0.8111129 0.09110665 0.8112098 0.09039175 0.8143883 0.09019976 0.8143883 0.09019976 0.8112098 0.09039175 0.8113129 0.08963674 0.8251923 0.09991729 0.8258678 0.1008365 0.8177448 0.104612 0.8177448 0.104612 0.8258678 0.1008365 0.8266919 0.1019617 0.8266919 0.1019617 0.8277488 0.1034238 0.8184924 0.1077221 0.8277488 0.1034238 0.8291113 0.1053336 0.8190204 0.110008 0.8291113 0.1053336 0.8308355 0.1077784 0.8196776 0.1129264 0.8187564 0.09077328 0.8150258 0.09259337 0.8148884 0.09208381 0.8148884 0.09208381 0.8147395 0.09152722 0.8180839 0.08989787 0.8180839 0.08989787 0.8147395 0.09152722 0.8145724 0.09089738 0.8145724 0.09089738 0.8143883 0.09019976 0.8172513 0.08880585 0.8143883 0.09019976 0.8141947 0.08946281 0.8167904 0.08819907 0.8309519 0.09364914 0.8319278 0.09424 0.8258678 0.1008365 0.8258678 0.1008365 0.8319278 0.09424 0.8331198 0.09496414 0.8331198 0.09496414 0.8346557 0.09591048 0.8277488 0.1034238 0.8277488 0.1034238 0.8346557 0.09591048 0.8366454 0.09715348 0.8366454 0.09715348 0.8391738 0.09875231 0.8308355 0.1077784 0.8187564 0.09077328 0.8184344 0.09035515 0.821049 0.08740103 0.821049 0.08740103 0.8184344 0.09035515 0.8180839 0.08989787 0.8205502 0.08711266 0.8180839 0.08989787 0.8176883 0.0893799 0.8176883 0.0893799 0.8172513 0.08880585 0.8193631 0.08642244 0.8193631 0.08642244 0.8172513 0.08880585 0.8167904 0.08819907 0.8309519 0.09364914 0.8338742 0.08565402 0.835002 0.08582639 0.8319278 0.09424 0.835002 0.08582639 0.8363804 0.0860393 0.8331198 0.09496414 0.8363804 0.0860393 0.8381615 0.08632588 0.8381615 0.08632588 0.8404754 0.08671283 0.8366454 0.09715348 0.8404754 0.08671283 0.8434233 0.08722239 0.8391738 0.09875231 0.8215065 0.08766412 0.821049 0.08740103 0.8223341 0.08367109 0.8223341 0.08367109 0.821049 0.08740103 0.8205502 0.08711266 0.8205502 0.08711266 0.8199866 0.08678555 0.8211169 0.08350908 0.8199866 0.08678555 0.8193631 0.08642244 0.8204019 0.08341217 0.8193631 0.08642244 0.818705 0.08603829 0.8196468 0.08330905 0.8335146 0.07714915 0.8346225 0.07687681 0.835002 0.08582639 0.835002 0.08582639 0.8346225 0.07687681 0.8359774 0.07654601 0.8359774 0.07654601 0.8377327 0.07612913 0.8381615 0.08632588 0.8381615 0.08632588 0.8377327 0.07612913 0.8400186 0.07560116 0.8400186 0.07560116 0.8429371 0.0749439 0.8434233 0.08722239 0.8226037 0.0795958 0.8228574 0.0837391 0.8223341 0.08367109 0.8220941 0.07973331 0.8223341 0.08367109 0.8217629 0.08359563 0.8215374 0.07988214 0.8217629 0.08359563 0.8211169 0.08350908 0.8211169 0.08350908 0.8204019 0.08341217 0.8202099 0.08023345 0.8202099 0.08023345 0.8204019 0.08341217 0.8196468 0.08330905 0.8299278 0.06942921 0.8308472 0.06875365 0.8346225 0.07687681 0.8346225 0.07687681 0.8308472 0.06875365 0.8319724 0.06792956 0.8319724 0.06792956 0.8334344 0.06687271 0.8377327 0.07612913 0.8377327 0.07612913 0.8334344 0.06687271 0.8353443 0.06551015 0.8353443 0.06551015 0.8377891 0.06378608 0.8429371 0.0749439 0.8207836 0.07586508 0.8226037 0.0795958 0.8220941 0.07973331 0.8220941 0.07973331 0.8215374 0.07988214 0.8199081 0.07653754 0.8199081 0.07653754 0.8215374 0.07988214 0.8209077 0.08004933 0.8209077 0.08004933 0.8202099 0.08023345 0.8188159 0.0773701 0.8202099 0.08023345 0.8194729 0.08042705 0.8182091 0.07783108 0.8236597 0.06366956 0.8242506 0.06269359 0.8308472 0.06875365 0.8308472 0.06875365 0.8242506 0.06269359 0.8249747 0.06150168 0.8249747 0.06150168 0.8259211 0.05996578 0.8334344 0.06687271 0.8334344 0.06687271 0.8259211 0.05996578 0.8271642 0.05797606 0.8353443 0.06551015 0.8271642 0.05797606 0.828763 0.05544769 0.8176745 0.07311469 0.8207836 0.07586508 0.8203655 0.07618707 0.8203655 0.07618707 0.8199081 0.07653754 0.8171231 0.07407099 0.8171231 0.07407099 0.8199081 0.07653754 0.8193901 0.07693314 0.8193901 0.07693314 0.8188159 0.0773701 0.8164327 0.07525807 0.8188159 0.0773701 0.8182091 0.07783108 0.8160485 0.07591605 0.8156647 0.06074702 0.8158371 0.0596193 0.8242506 0.06269359 0.8158371 0.0596193 0.8160501 0.05824095 0.8249747 0.06150168 0.8160501 0.05824095 0.8163365 0.05645984 0.8259211 0.05996578 0.8163365 0.05645984 0.8167235 0.05414587 0.8271642 0.05797606 0.8271642 0.05797606 0.8167235 0.05414587 0.8172332 0.05119806 0.8137497 0.07176357 0.8176745 0.07311469 0.8174114 0.07357221 0.8136817 0.0722869 0.8174114 0.07357221 0.8171231 0.07407099 0.8171231 0.07407099 0.8167959 0.07463461 0.8135196 0.07350403 0.8167959 0.07463461 0.8164327 0.07525807 0.8134227 0.07421898 0.8134227 0.07421898 0.8164327 0.07525807 0.8160485 0.07591605 0.8071599 0.06110656 0.8068875 0.05999869 0.8158371 0.0596193 0.8158371 0.0596193 0.8068875 0.05999869 0.8065568 0.05864375 0.8160501 0.05824095 0.8065568 0.05864375 0.8061399 0.05688863 0.8163365 0.05645984 0.8061399 0.05688863 0.8056119 0.05460268 0.8056119 0.05460268 0.8049546 0.05168431 0.8172332 0.05119806 0.8096065 0.07201743 0.8137497 0.07176357 0.8136817 0.0722869 0.8136817 0.0722869 0.8136061 0.07285809 0.8098928 0.07308357 0.8136061 0.07285809 0.8135196 0.07350403 0.8100602 0.07371348 0.8135196 0.07350403 0.8134227 0.07421898 0.8102442 0.07441109 0.8102442 0.07441109 0.8134227 0.07421898 0.8133196 0.07497394 0.8071599 0.06110656 0.79944 0.06469345 0.7987645 0.06377416 0.8068875 0.05999869 0.7987645 0.06377416 0.7979403 0.06264895 0.7979403 0.06264895 0.7968835 0.0611869 0.8061399 0.05688863 0.8061399 0.05688863 0.7968835 0.0611869 0.7955209 0.05927699 0.7955209 0.05927699 0.7937968 0.05683231 0.8049546 0.05168431 0.8096065 0.07201743 0.809744 0.07252699 0.8061978 0.0742557 0.809744 0.07252699 0.8098928 0.07308357 0.8065483 0.07471299 0.8065483 0.07471299 0.8098928 0.07308357 0.8100602 0.07371348 0.8100602 0.07371348 0.8102442 0.07441109 0.807381 0.07580506 0.807381 0.07580506 0.8102442 0.07441109 0.8104379 0.07514804 0.7936805 0.07096153 0.7927044 0.07037079 0.7987645 0.06377416 0.7987645 0.06377416 0.7927044 0.07037079 0.7915124 0.06964659 0.7915124 0.06964659 0.7899767 0.06870025 0.7968835 0.0611869 0.7968835 0.0611869 0.7899767 0.06870025 0.7879869 0.06745719 0.7955209 0.05927699 0.7879869 0.06745719 0.7854585 0.06585836 0.8031257 0.07694661 0.8058759 0.07383751 0.8061978 0.0742557 0.8061978 0.0742557 0.8065483 0.07471299 0.8040819 0.07749807 0.8040819 0.07749807 0.8065483 0.07471299 0.8069439 0.07523095 0.8069439 0.07523095 0.807381 0.07580506 0.8052691 0.07818835 0.807381 0.07580506 0.807842 0.0764119 0.8059272 0.07857263 0.790758 0.07895666 0.7896302 0.07878428 0.7927044 0.07037079 0.7927044 0.07037079 0.7896302 0.07878428 0.7882518 0.07857143 0.7915124 0.06964659 0.7882518 0.07857143 0.7864708 0.07828485 0.7864708 0.07828485 0.7841567 0.07789784 0.7879869 0.06745719 0.7879869 0.06745719 0.7841567 0.07789784 0.781209 0.07738828 0.8017747 0.08087158 0.8031257 0.07694661 0.8035832 0.07720977 0.8035832 0.07720977 0.8040819 0.07749807 0.8028692 0.08101511 0.8028692 0.08101511 0.8040819 0.07749807 0.8046456 0.07782524 0.8035152 0.08110159 0.8046456 0.07782524 0.8052691 0.07818835 0.8052691 0.07818835 0.8059272 0.07857263 0.8049851 0.08130162 0.8275867 0.6884874 0.8306166 0.6836957 0.8354903 0.6857748 0.755536 0.09399896 0.7425347 0.09618574 0.7425346 0.06842494 0.7643331 0.1148377 0.7531583 0.1218334 0.7425347 0.09618574 0.7643331 0.1148377 0.7804352 0.1307236 0.7727882 0.1414632 0.7804352 0.1307236 0.8013908 0.1392384 0.7984358 0.1520868 0.8240097 0.1390855 0.8261966 0.1520868 0.7984358 0.1520868 0.8448484 0.1302885 0.8518443 0.1414632 0.8261966 0.1520868 0.8448484 0.1302885 0.8607344 0.1141864 0.871474 0.1218334 0.8607344 0.1141864 0.869249 0.09323072 0.8820975 0.0961858 0.8690963 0.07061183 0.8820975 0.06842505 0.8820975 0.0961858 0.8602992 0.04977309 0.871474 0.04277741 0.8820975 0.06842505 0.8441972 0.03388714 0.8518443 0.02314752 0.871474 0.04277741 0.8232415 0.02537232 0.8261966 0.01252382 0.8518443 0.02314752 0.8232415 0.02537232 0.8006225 0.02552509 0.7984358 0.01252371 0.8006225 0.02552509 0.7797837 0.0343222 0.7727881 0.0231474 0.7797837 0.0343222 0.7638979 0.05042433 0.7531582 0.04277729 0.7638979 0.05042433 0.7553831 0.07137995 0.7425346 0.06842494 0.8297199 0.6706287 0.8310816 0.6674945 0.8335391 0.6651197 0.8335391 0.6651197 0.8367183 0.6638662 0.8297199 0.6706287 0.8367183 0.6638662 0.8401351 0.6639249 0.8297199 0.6706287 0.8401351 0.6639249 0.8432695 0.6652865 0.8456441 0.6677439 0.8456441 0.6677439 0.8468976 0.6709232 0.8401351 0.6639249 0.8468976 0.6709232 0.8468391 0.6743401 0.8401351 0.6639249 0.8468391 0.6743401 0.8454774 0.6774744 0.8430199 0.679849 0.8430199 0.679849 0.8398407 0.6811025 0.8468391 0.6743401 0.8398407 0.6811025 0.8364239 0.6810441 0.8468391 0.6743401 0.8364239 0.6810441 0.8332895 0.6796823 0.8309149 0.6772248 0.8309149 0.6772248 0.8296614 0.6740456 0.8297199 0.6706287 0.8364239 0.6810441 0.8309149 0.6772248 0.8468391 0.6743401 0.8309149 0.6772248 0.8297199 0.6706287 0.8468391 0.6743401 0.8542824 0.6617916 0.8496494 0.665059 0.8459423 0.6612731 0.8222765 0.6831772 0.8269096 0.6799098 0.8306166 0.6836957 0.8571562 0.6687296 0.8516256 0.6699753 0.8496494 0.665059 0.8194028 0.6762392 0.8249334 0.6749936 0.8269096 0.6799098 0.8571562 0.6687296 0.8571562 0.6762392 0.8515699 0.6752736 0.8222765 0.6617916 0.8275867 0.6564815 0.830854 0.6611145 0.8194028 0.6687296 0.8249891 0.6696952 0.8249334 0.6749936 0.8571562 0.6762392 0.8542824 0.6831772 0.8494908 0.6801472 0.8222765 0.6617916 0.8270682 0.6648216 0.8249891 0.6696952 0.8489724 0.6884873 0.845705 0.6838543 0.8494908 0.6801472 0.8275867 0.6564815 0.8345247 0.6536077 0.8357703 0.6591384 0.8489724 0.6884873 0.8420343 0.6913611 0.8407886 0.6858305 0.8420342 0.6536077 0.8410687 0.6591941 0.8357703 0.6591384 0.8420343 0.6913611 0.8345247 0.6913611 0.8354903 0.6857748 0.8420342 0.6536077 0.8489723 0.6564814 0.8459423 0.6612731 0.830854 0.6611145 0.8335391 0.6651197 0.8310816 0.6674945 0.8357703 0.6591384 0.8367183 0.6638662 0.8335391 0.6651197 0.8357703 0.6591384 0.8410687 0.6591941 0.8401351 0.6639249 0.8459423 0.6612731 0.8432695 0.6652865 0.8401351 0.6639249 0.8459423 0.6612731 0.8496494 0.665059 0.8456441 0.6677439 0.8516256 0.6699753 0.8468976 0.6709232 0.8456441 0.6677439 0.8515699 0.6752736 0.8468391 0.6743401 0.8468976 0.6709232 0.8494908 0.6801472 0.8454774 0.6774744 0.8468391 0.6743401 0.8494908 0.6801472 0.845705 0.6838543 0.8430199 0.679849 0.845705 0.6838543 0.8407886 0.6858305 0.8398407 0.6811025 0.8407886 0.6858305 0.8354903 0.6857748 0.8364239 0.6810441 0.8306166 0.6836957 0.8332895 0.6796823 0.8364239 0.6810441 0.8269096 0.6799098 0.8309149 0.6772248 0.8332895 0.6796823 0.8269096 0.6799098 0.8249334 0.6749936 0.8296614 0.6740456 0.8249334 0.6749936 0.8249891 0.6696952 0.8297199 0.6706287 0.8270682 0.6648216 0.8310816 0.6674945 0.8297199 0.6706287 0.781209 0.07738828 0.7553831 0.07137995 0.7638979 0.05042433 0.7854585 0.06585836 0.7638979 0.05042433 0.7797837 0.0343222 0.7937968 0.05683231 0.7797837 0.0343222 0.8006225 0.02552509 0.8049546 0.05168431 0.8006225 0.02552509 0.8232415 0.02537232 0.828763 0.05544769 0.8172332 0.05119806 0.8232415 0.02537232 0.8377891 0.06378608 0.828763 0.05544769 0.8441972 0.03388714 0.8377891 0.06378608 0.8602992 0.04977309 0.8690963 0.07061183 0.8434233 0.08722239 0.8429371 0.0749439 0.8690963 0.07061183 0.8434233 0.08722239 0.869249 0.09323072 0.8607344 0.1141864 0.8308355 0.1077784 0.8391738 0.09875231 0.8607344 0.1141864 0.8308355 0.1077784 0.8448484 0.1302885 0.8240097 0.1390855 0.8073992 0.1134126 0.8196776 0.1129264 0.8240097 0.1390855 0.8073992 0.1134126 0.8013908 0.1392384 0.7804352 0.1307236 0.7868433 0.1008246 0.7958692 0.109163 0.7804352 0.1307236 0.7868433 0.1008246 0.7643331 0.1148377 0.755536 0.09399896 0.781209 0.07738828 0.7816952 0.08966684 0.755536 0.09399896 0.7300425 0.9081158 0.7375391 0.9081158 0.7375391 0.9189168 0.7300425 0.9189168 0.7375391 0.9189168 0.7375392 0.9297177 0.7375392 0.9297177 0.7375392 0.9405187 0.7300425 0.9405187 0.7300425 0.9405187 0.7375392 0.9405187 0.7375392 0.9513198 0.7375392 0.9513198 0.7375392 0.9621207 0.7300425 0.9621207 0.7375392 0.9621207 0.7375392 0.9729217 0.7300425 0.9729217 0.7300425 0.9621207 0.7300425 0.9729217 0.7113347 0.9621207 0.7300425 0.9729217 0.7206886 0.9783222 0.7113347 0.9621207 0.7206886 0.9783222 0.7113347 0.9729217 0.7113347 0.9621207 0.7373247 0.5836126 0.7393571 0.6418275 0.7310197 0.6421186 0.7381936 0.5318707 0.7378592 0.5503076 0.7295363 0.5501596 0.7412893 0.3599125 0.7409359 0.3795512 0.7326087 0.3794014 0.7398319 0.4409027 0.7392891 0.4710677 0.7309618 0.4709178 0.7393571 0.6418275 0.7394692 0.6450387 0.7311319 0.6453297 0.732551 0.3826087 0.7326087 0.3794014 0.7409359 0.3795512 0.7392313 0.474275 0.7309041 0.474125 0.7309618 0.4709178 0.7294821 0.5533669 0.7295363 0.5501596 0.7378592 0.5503076 0.7268303 0.5829285 0.7273913 0.553427 0.7294821 0.5533669 0.7309618 0.4709178 0.7288708 0.4707869 0.7293983 0.4414851 0.7293983 0.4414851 0.7288708 0.4707869 0.7092478 0.4695574 0.7076917 0.5828415 0.70348 0.5828608 0.7050233 0.553784 0.7069042 0.4410802 0.7063947 0.4693787 0.6898112 0.4634923 0.7401137 0.6635029 0.7402553 0.6675601 0.7319181 0.6678511 0.7402553 0.6675601 0.7413406 0.698647 0.7330033 0.698938 0.7388778 0.4939137 0.7388264 0.4967691 0.7304993 0.4966192 0.7388264 0.4967691 0.7382677 0.5278184 0.7299405 0.5276684 0.6606108 0.5846222 0.6577307 0.5617169 0.6882873 0.5583316 0.7304993 0.4966192 0.7299405 0.5276684 0.7111846 0.5273309 0.7330033 0.698938 0.7043629 0.6999379 0.7032777 0.668851 0.70348 0.5828608 0.7065375 0.642821 0.6804298 0.6379469 0.7050233 0.553784 0.6882873 0.5583316 0.6875886 0.5547425 0.6527714 0.6350007 0.6533557 0.6321758 0.6804298 0.6379469 0.707952 0.3828706 0.6812777 0.389792 0.6802625 0.3867135 0.7067313 0.6455923 0.7065375 0.642821 0.7105867 0.6426568 0.7108638 0.3797872 0.7305021 0.3801407 0.7304573 0.382631 0.7315047 0.4407527 0.7293983 0.4414851 0.7304573 0.382631 0.7408782 0.3827585 0.7398319 0.4409027 0.7315047 0.4407527 0.7378001 0.5535104 0.7373247 0.5836126 0.7289497 0.5836837 0.7547917 0.4687817 0.7554653 0.4601629 0.7748514 0.4601629 0.6790243 0.9440733 0.6790243 0.9570332 0.6681274 0.9570332 0.7736152 0.4770578 0.7748514 0.4601629 0.7866713 0.4601629 0.6790243 0.9440733 0.6681274 0.9440733 0.6681274 0.9335418 0.6790243 0.9335418 0.6681274 0.9335418 0.6681274 0.9206174 0.8586332 0.4713973 0.8535304 0.475965 0.8532966 0.4601629 0.6790243 0.9081158 0.6790243 0.9206174 0.6681274 0.9206174 0.8778522 0.4672241 0.8586332 0.4713973 0.8585151 0.4601629 0.8778522 0.4672241 0.877584 0.4601629 0.8862328 0.4601629 0.7470843 0.4670151 0.7430517 0.4680125 0.742164 0.4601629 0.6764019 0.9781634 0.6681274 0.9781634 0.6681274 0.9695498 0.7470843 0.4670151 0.7471178 0.4601629 0.7554653 0.4601629 0.6764019 0.9695498 0.6681274 0.9695498 0.6681274 0.9570332 0.8818678 0.4774141 0.8887978 0.474327 0.8895155 0.4765964 0.8730744 0.4859887 0.8818678 0.4774141 0.8833494 0.4800458 0.8158174 0.51347 0.8219662 0.5136227 0.8196928 0.560958 0.8196928 0.560958 0.8219662 0.5136227 0.82815 0.5138763 0.82815 0.5138763 0.8343724 0.5142123 0.8310031 0.5615688 0.8310031 0.5615688 0.8343724 0.5142123 0.8404859 0.5147902 0.8404859 0.5147902 0.8464977 0.5157669 0.8421629 0.5623887 0.8421629 0.5623887 0.8464977 0.5157669 0.852235 0.5171355 0.8476701 0.5628814 0.852235 0.5171355 0.8576968 0.5186889 0.7865407 0.5147306 0.7920525 0.5140333 0.791477 0.5601555 0.80203 0.4821103 0.8036618 0.5134881 0.7977464 0.5133191 0.8026985 0.560387 0.8036618 0.5134881 0.8097057 0.5134453 0.8097057 0.5134453 0.8158174 0.51347 0.8140279 0.5607252 0.82899 0.4808931 0.8352574 0.480258 0.8343724 0.5142123 0.82899 0.4808931 0.82815 0.5138763 0.8219662 0.5136227 0.8155304 0.4808709 0.8222544 0.4808459 0.8219662 0.5136227 0.8085222 0.4601629 0.8154029 0.4601629 0.8155304 0.4808709 0.808768 0.4818791 0.8097057 0.5134453 0.8036618 0.5134881 0.7920525 0.5140333 0.7977464 0.5133191 0.7970432 0.5602591 0.7470251 0.4695625 0.7470843 0.4670151 0.7547917 0.4687817 0.787216 0.4796699 0.7866713 0.4601629 0.7945815 0.4601629 0.8612266 0.4787925 0.8557357 0.4854443 0.853347 0.4813795 0.8612266 0.4787925 0.8587551 0.4750822 0.8781952 0.4696917 0.8617693 0.4886167 0.8557357 0.4854443 0.8612266 0.4787925 0.8680979 0.4830438 0.8612266 0.4787925 0.8799235 0.4738577 0.8661686 0.4927487 0.8617693 0.4886167 0.8680979 0.4830438 0.8730744 0.4859887 0.8680979 0.4830438 0.8808227 0.4755474 0.8730744 0.4859887 0.8787012 0.489041 0.8684691 0.4961485 0.8787012 0.489041 0.8688222 0.497239 0.8684691 0.4961485 0.7604524 0.4881896 0.7752387 0.4888053 0.7703664 0.497139 0.8420701 0.4973837 0.8474096 0.4983577 0.8404859 0.5147902 0.7865245 0.4992408 0.7920525 0.5140333 0.7865407 0.5147306 0.8528414 0.5001575 0.8570222 0.5022488 0.852235 0.5171355 0.7970432 0.5602591 0.7977464 0.5133191 0.8036618 0.5134881 0.8474096 0.4983577 0.8528414 0.5001575 0.8464977 0.5157669 0.8621026 0.5057844 0.8576968 0.5186889 0.852235 0.5171355 0.8420701 0.4973837 0.8343724 0.5142123 0.8352574 0.480258 0.7728031 0.4832304 0.7736152 0.4770578 0.787216 0.4796699 0.7752387 0.4888053 0.7728031 0.4832304 0.7899053 0.4951436 0.7899053 0.4951436 0.787216 0.4796699 0.7952609 0.4823495 0.7752387 0.4888053 0.7865245 0.4992408 0.7805878 0.5022785 0.853347 0.4813795 0.8420701 0.4973837 0.8447118 0.4793682 0.8617693 0.4886167 0.8661686 0.4927487 0.8570222 0.5022488 0.8570222 0.5022488 0.8661686 0.4927487 0.8684691 0.4961485 0.8684691 0.4961485 0.8688222 0.497239 0.8570222 0.5022488 0.8557357 0.4854443 0.8617693 0.4886167 0.8528414 0.5001575 0.853347 0.4813795 0.8557357 0.4854443 0.8474096 0.4983577 0.8535304 0.475965 0.8447118 0.4793682 0.8466938 0.4601629 0.8447118 0.4793682 0.8352574 0.480258 0.8359435 0.4601629 0.7865245 0.4992408 0.7899053 0.4951436 0.7977464 0.5133191 0.8015787 0.4601629 0.80203 0.4821103 0.7952609 0.4823495 0.8015787 0.4601629 0.8085222 0.4601629 0.808768 0.4818791 0.808768 0.4818791 0.8155304 0.4808709 0.8158174 0.51347 0.8154029 0.4601629 0.822241 0.4601629 0.8222544 0.4808459 0.8290838 0.4601629 0.82899 0.4808931 0.8222544 0.4808459 0.8290838 0.4601629 0.8359435 0.4601629 0.8352574 0.480258 0.6797878 0.9695498 0.6764019 0.9695498 0.6790243 0.9570332 0.75371 0.4727348 0.7547917 0.4687817 0.7736152 0.4770578 0.6797878 0.9695498 0.6797878 0.9781634 0.6764019 0.9781634 0.7470251 0.4695625 0.75371 0.4727348 0.7506965 0.4767886 0.8781952 0.4696917 0.8778522 0.4672241 0.8868661 0.4664849 0.8781952 0.4696917 0.8587551 0.4750822 0.8586332 0.4713973 0.6834834 0.9081158 0.6834834 0.9206174 0.6790243 0.9206174 0.8587551 0.4750822 0.853347 0.4813795 0.8535304 0.475965 0.6834834 0.9206174 0.6834834 0.9335418 0.6790243 0.9335418 0.6834834 0.9440733 0.6790243 0.9440733 0.6790243 0.9335418 0.7728031 0.4832304 0.7752387 0.4888053 0.7604524 0.4881896 0.6834834 0.9570332 0.6790243 0.9570332 0.6790243 0.9440733 0.75371 0.4727348 0.7728031 0.4832304 0.7585514 0.4815607 0.7470251 0.4695625 0.7443112 0.4711648 0.7430517 0.4680125 0.8818678 0.4774141 0.8808227 0.4755474 0.8883739 0.4729716 0.8873934 0.4691663 0.8883739 0.4729716 0.8799235 0.4738577 0.8883739 0.4729716 0.8808227 0.4755474 0.8799235 0.4738577 0.7748514 0.4601629 0.7554653 0.4601629 0.7547917 0.4515441 0.6681274 0.9440733 0.6681274 0.9570332 0.6572306 0.9570332 0.7866713 0.4601629 0.7748514 0.4601629 0.7736152 0.443268 0.6681274 0.9335418 0.6681274 0.9440733 0.6572306 0.9440733 0.6681274 0.9206174 0.6681274 0.9335418 0.6572306 0.9335418 0.8586332 0.4489285 0.8585151 0.4601629 0.8532966 0.4601629 0.6681274 0.9081158 0.6681274 0.9206174 0.6572306 0.9206174 0.8778522 0.4531017 0.877584 0.4601629 0.8585151 0.4601629 0.8862328 0.4601629 0.877584 0.4601629 0.8778522 0.4531017 0.7470843 0.4533107 0.7471178 0.4601629 0.742164 0.4601629 0.6681274 0.9695498 0.6681274 0.9781634 0.659853 0.9781634 0.7554653 0.4601629 0.7471178 0.4601629 0.7470843 0.4533107 0.6681274 0.9570332 0.6681274 0.9695498 0.659853 0.9695498 0.8895155 0.4437294 0.8887978 0.4459988 0.8818678 0.4429118 0.8833494 0.44028 0.8818678 0.4429118 0.8730744 0.4343371 0.819693 0.3593679 0.8219662 0.4067031 0.8158174 0.4068559 0.819693 0.3593679 0.8253528 0.3590875 0.8281501 0.4064495 0.8253528 0.3590875 0.8310031 0.3587571 0.8343724 0.4061135 0.8366156 0.3583747 0.8404859 0.4055356 0.8343724 0.4061135 0.8366156 0.3583747 0.8421629 0.3579372 0.8464977 0.4045589 0.8476702 0.3574444 0.8522351 0.4031905 0.8464977 0.4045589 0.8531509 0.3569073 0.8576968 0.401637 0.8522351 0.4031905 0.785851 0.360256 0.7914771 0.3601704 0.7920525 0.4062926 0.7977464 0.4070068 0.8036618 0.4068378 0.80203 0.4382155 0.8083615 0.3597897 0.8097057 0.4068804 0.8036618 0.4068378 0.8083615 0.3597897 0.8140279 0.3596007 0.8158174 0.4068559 0.82899 0.4394329 0.8281501 0.4064495 0.8343724 0.4061135 0.8219662 0.4067031 0.8281501 0.4064495 0.82899 0.4394329 0.8158174 0.4068559 0.8219662 0.4067031 0.8222544 0.4394799 0.8155304 0.439455 0.8154029 0.4601629 0.8085222 0.4601629 0.8036618 0.4068378 0.8097057 0.4068804 0.808768 0.4384467 0.7970433 0.3600668 0.7977464 0.4070068 0.7920525 0.4062926 0.7547917 0.4515441 0.7470843 0.4533107 0.7470251 0.4507633 0.7945815 0.4601629 0.7866713 0.4601629 0.787216 0.4406558 0.8612266 0.4415333 0.8587551 0.4452436 0.853347 0.4389463 0.8781952 0.4506341 0.8587551 0.4452436 0.8612266 0.4415333 0.8612266 0.4415333 0.8557357 0.4348815 0.8617691 0.4317091 0.8799235 0.4464681 0.8612266 0.4415333 0.8680979 0.437282 0.8680979 0.437282 0.8617691 0.4317091 0.8661686 0.4275771 0.8808227 0.4447784 0.8680979 0.437282 0.8730744 0.4343371 0.8688222 0.4230868 0.8787012 0.4312848 0.8684691 0.4241773 0.8787012 0.4312848 0.8730744 0.4343371 0.8684691 0.4241773 0.7604524 0.4321362 0.7560551 0.4202052 0.7703664 0.4231868 0.8420701 0.4229422 0.8343724 0.4061135 0.8404859 0.4055356 0.7865407 0.4055952 0.7920525 0.4062926 0.7865245 0.421085 0.8528414 0.4201683 0.8464977 0.4045589 0.8522351 0.4031905 0.7970433 0.3600668 0.8026985 0.3599388 0.8036618 0.4068378 0.8474096 0.4219682 0.8404859 0.4055356 0.8464977 0.4045589 0.8522351 0.4031905 0.8576968 0.401637 0.8621026 0.4145413 0.8352574 0.4400678 0.8343724 0.4061135 0.8420701 0.4229422 0.787216 0.4406558 0.7736152 0.443268 0.7728031 0.4370953 0.7752387 0.4315205 0.7865245 0.421085 0.7899053 0.4251822 0.7952609 0.4379763 0.787216 0.4406558 0.7899053 0.4251822 0.7805877 0.4180473 0.7865245 0.421085 0.7752387 0.4315205 0.8447118 0.4409576 0.8420701 0.4229422 0.853347 0.4389463 0.8617691 0.4317091 0.8528414 0.4201683 0.8570222 0.4180771 0.8684691 0.4241773 0.8661686 0.4275771 0.8570222 0.4180771 0.8570222 0.4180771 0.8621026 0.4145413 0.8688222 0.4230868 0.8557357 0.4348815 0.8474096 0.4219682 0.8528414 0.4201683 0.8474096 0.4219682 0.8557357 0.4348815 0.853347 0.4389463 0.8466938 0.4601629 0.8447118 0.4409576 0.8535304 0.4443609 0.8359435 0.4601629 0.8352574 0.4400678 0.8447118 0.4409576 0.7865245 0.421085 0.7920525 0.4062926 0.7977464 0.4070068 0.7952609 0.4379763 0.80203 0.4382155 0.8015787 0.4601629 0.8015787 0.4601629 0.80203 0.4382155 0.808768 0.4384467 0.8158174 0.4068559 0.8155304 0.439455 0.808768 0.4384467 0.8155304 0.439455 0.8222544 0.4394799 0.822241 0.4601629 0.822241 0.4601629 0.8222544 0.4394799 0.82899 0.4394329 0.8290838 0.4601629 0.82899 0.4394329 0.8352574 0.4400678 0.6572306 0.9570332 0.659853 0.9695498 0.656467 0.9695498 0.7736152 0.443268 0.7547917 0.4515441 0.75371 0.447591 0.659853 0.9695498 0.659853 0.9781634 0.656467 0.9781634 0.7506965 0.4435372 0.75371 0.447591 0.7470251 0.4507633 0.8868661 0.4538409 0.8778522 0.4531017 0.8781952 0.4506341 0.8781952 0.4506341 0.8778522 0.4531017 0.8586332 0.4489285 0.6572306 0.9081158 0.6572306 0.9206174 0.6527714 0.9206174 0.8587551 0.4452436 0.8586332 0.4489285 0.8535304 0.4443609 0.6572306 0.9206174 0.6572306 0.9335418 0.6527714 0.9335418 0.6572306 0.9335418 0.6572306 0.9440733 0.6527714 0.9440733 0.7604524 0.4321362 0.7752387 0.4315205 0.7728031 0.4370953 0.6572306 0.9440733 0.6572306 0.9570332 0.6527714 0.9570332 0.7585514 0.4387651 0.7728031 0.4370953 0.75371 0.447591 0.7470251 0.4507633 0.7470843 0.4533107 0.7430517 0.4523133 0.8883739 0.4473543 0.8808227 0.4447784 0.8818678 0.4429118 0.8808227 0.4447784 0.8883739 0.4473543 0.8799235 0.4464681 0.8883739 0.4473543 0.8873934 0.4511594 0.8799235 0.4464681 0.8555394 0.2691337 0.8320453 0.2685488 0.8321641 0.2606995 0.8559613 0.2620461 0.8321641 0.2606995 0.8329688 0.2527557 0.8561477 0.2546584 0.8329688 0.2527557 0.83485 0.244885 0.8368404 0.3184887 0.8350583 0.3119374 0.8562946 0.3095422 0.8350583 0.3119374 0.8340982 0.3049641 0.8560874 0.302873 0.8340982 0.3049641 0.8334385 0.2978963 0.8556159 0.2964562 0.8334385 0.2978963 0.8328498 0.2909315 0.8553516 0.2897871 0.8328498 0.2909315 0.8326321 0.2837816 0.8552879 0.2830147 0.8350583 0.3119374 0.833602 0.3121992 0.8326724 0.3050976 0.8552879 0.2830147 0.8326321 0.2837816 0.8322672 0.2762545 0.8553228 0.2761365 0.8322672 0.2762545 0.8320453 0.2685488 0.8561477 0.2546584 0.8573511 0.2547044 0.8570757 0.2621121 0.8312485 0.2524579 0.8305475 0.26065 0.8231736 0.2605953 0.8368404 0.3184887 0.8355101 0.3193535 0.833602 0.3121992 0.8321641 0.2606995 0.8320453 0.2685488 0.8304701 0.2685977 0.8329688 0.2527557 0.8312485 0.2524579 0.8334975 0.2440207 0.8329688 0.2527557 0.8321641 0.2606995 0.8305475 0.26065 0.8320453 0.2685488 0.8322672 0.2762545 0.8307331 0.2763512 0.8322672 0.2762545 0.8326321 0.2837816 0.831155 0.283885 0.8326321 0.2837816 0.8328498 0.2909315 0.8315855 0.291006 0.8334385 0.2978963 0.8320224 0.297985 0.8315855 0.291006 0.8340982 0.3049641 0.8326724 0.3050976 0.8320224 0.297985 0.831155 0.283885 0.8246631 0.2844923 0.8239883 0.2769513 0.8326724 0.3050976 0.8263549 0.3060633 0.8257334 0.2987221 0.8334975 0.2440207 0.8312485 0.2524579 0.8236191 0.251641 0.8307331 0.2763512 0.8239883 0.2769513 0.823418 0.2690005 0.8320224 0.297985 0.8257334 0.2987221 0.8252535 0.2916302 0.833602 0.3121992 0.8355101 0.3193535 0.8291406 0.3208163 0.8305475 0.26065 0.8304701 0.2685977 0.823418 0.2690005 0.8315855 0.291006 0.8252535 0.2916302 0.8246631 0.2844923 0.8326724 0.3050976 0.833602 0.3121992 0.8274689 0.3135371 0.8575078 0.2465693 0.861513 0.2472119 0.8612781 0.2549414 0.8555394 0.2691337 0.856615 0.2691924 0.8563832 0.2761662 0.8553228 0.2761365 0.8563832 0.2761662 0.8563288 0.2830238 0.8552879 0.2830147 0.8563288 0.2830238 0.8563779 0.2897734 0.8556159 0.2964562 0.8553516 0.2897871 0.8563779 0.2897734 0.8560874 0.302873 0.8556159 0.2964562 0.8566157 0.2964146 0.8560874 0.302873 0.8569613 0.3028245 0.8574137 0.3095138 0.8560608 0.3168815 0.8562946 0.3095422 0.8574137 0.3095138 0.8559613 0.2620461 0.8570757 0.2621121 0.856615 0.2691924 0.8561735 0.2469923 0.8575078 0.2465693 0.8573511 0.2547044 0.8098648 0.3248425 0.8165239 0.3226789 0.8272986 0.337509 0.8165239 0.3226789 0.8231831 0.3248425 0.8272986 0.337509 0.8231831 0.3248425 0.8272988 0.3305072 0.8272986 0.337509 0.8272986 0.337509 0.8231831 0.3431736 0.8057491 0.337509 0.8231831 0.3431736 0.8165239 0.3453373 0.8057491 0.337509 0.8165239 0.3453373 0.8098648 0.3431736 0.8057491 0.337509 0.8057491 0.337509 0.8057491 0.3305072 0.8272986 0.337509 0.8563832 0.2761662 0.856615 0.2691924 0.8601574 0.2692551 0.8566157 0.2964146 0.8563779 0.2897734 0.8597744 0.2896295 0.8574137 0.3095138 0.8610223 0.3092234 0.861513 0.3166939 0.856615 0.2691924 0.8570757 0.2621121 0.8605313 0.2623408 0.8563779 0.2897734 0.8563288 0.2830238 0.8597868 0.2829518 0.8569613 0.3028245 0.860349 0.3025155 0.8610223 0.3092234 0.8570757 0.2621121 0.8573511 0.2547044 0.8612781 0.2549414 0.8563832 0.2761662 0.8599033 0.2761568 0.8597868 0.2829518 0.8569613 0.3028245 0.8566157 0.2964146 0.8599357 0.2961598 0.8808795 0.2005635 0.8808795 0.1918992 0.8751186 0.1918992 0.8808795 0.1832351 0.8751186 0.1832351 0.8751186 0.1918992 0.8808795 0.1832351 0.8808795 0.1745708 0.8751186 0.1745708 0.8808795 0.1659066 0.8751186 0.1659066 0.8751186 0.1745708 0.8676152 0.1529102 0.8601117 0.1572423 0.8601117 0.1659066 0.8601117 0.1659066 0.8676152 0.1702387 0.8751186 0.1659066 0.8751186 0.1659066 0.8751186 0.1572423 0.8601117 0.1659066 0.8808795 0.1572423 0.8751186 0.1572423 0.8751186 0.1659066 0.8808795 0.2092278 0.8808795 0.2005635 0.8751186 0.2005635 0.9072092 0.8044419 0.9072093 0.8192535 0.8814079 0.8192533 0.9072092 0.8488764 0.9072092 0.8636879 0.8814079 0.8636878 0.9072092 0.8636879 0.9072092 0.8784994 0.8814079 0.8784994 0.8814079 0.8784994 0.9072092 0.8784994 0.9072092 0.8933109 0.8814079 0.8933108 0.9072092 0.8933109 0.9072092 0.9081224 0.9072092 0.9081224 0.9072092 0.9229339 0.8814078 0.9229338 0.8814078 0.9229338 0.9072092 0.9229339 0.9072092 0.9377455 0.8814078 0.7007612 0.9072092 0.7007612 0.9072092 0.7155727 0.9072092 0.7155727 0.9072092 0.7303842 0.8814079 0.7303842 0.8814079 0.7303842 0.9072092 0.7303842 0.9072093 0.7451957 0.8814079 0.7451958 0.9072093 0.7451957 0.9072093 0.7600073 0.9072093 0.7600073 0.9072093 0.7748188 0.8814079 0.7748188 0.9072093 0.7748188 0.9072093 0.7896304 0.8814079 0.7896303 0.8814079 0.7896303 0.9072093 0.7896304 0.9072092 0.8044419 0.8814079 0.8340649 0.9072093 0.8340649 0.9072092 0.8488764 0.7885416 0.254412 0.7985866 0.2586496 0.8062479 0.2663831 0.8062479 0.2663831 0.8103749 0.2764643 0.8103311 0.2873905 0.8103311 0.2873905 0.8061634 0.2975371 0.7772734 0.3097035 0.8061634 0.2975371 0.7984512 0.3053362 0.7772734 0.3097035 0.7984512 0.3053362 0.78833 0.309614 0.7772734 0.3097035 0.7772734 0.3097035 0.7668762 0.3056027 0.7584683 0.2975369 0.7584683 0.2975369 0.7546292 0.2867295 0.755141 0.2757385 0.755141 0.2757385 0.7596049 0.2657735 0.7675135 0.2582814 0.7675135 0.2582814 0.7776466 0.2542585 0.7885416 0.254412 0.7885416 0.254412 0.8062479 0.2663831 0.8103311 0.2873905 0.7772734 0.3097035 0.7584683 0.2975369 0.7885416 0.254412 0.7584683 0.2975369 0.755141 0.2757385 0.7885416 0.254412 0.755141 0.2757385 0.7675135 0.2582814 0.7885416 0.254412 0.9072093 0.8192535 0.9072093 0.8340649 0.8814079 0.8340649 0.745665 0.1802811 0.7474004 0.1809665 0.7444035 0.1948413 0.7444035 0.1948413 0.7474004 0.1809665 0.7493245 0.1817267 0.7493245 0.1817267 0.7515217 0.1825999 0.7488434 0.1950311 0.7488434 0.1950311 0.7515217 0.1825999 0.753982 0.183582 0.7514962 0.1951509 0.753982 0.183582 0.7566159 0.1846356 0.8053889 0.2485406 0.816394 0.2596243 0.8147546 0.2607227 0.8147546 0.2607227 0.8129518 0.2619303 0.8030861 0.2519803 0.8030861 0.2519803 0.8129518 0.2619303 0.8109086 0.2632926 0.8109086 0.2632926 0.8086429 0.2647969 0.8001956 0.25627 0.8001956 0.25627 0.8086429 0.2647969 0.8062479 0.2663831 0.7533594 0.1676602 0.7547702 0.168875 0.7474004 0.1809665 0.7474004 0.1809665 0.7547702 0.168875 0.7563341 0.1702218 0.7563341 0.1702218 0.7581183 0.1717646 0.7515217 0.1825999 0.7581183 0.1717646 0.7601146 0.1734963 0.753982 0.183582 0.753982 0.183582 0.7601146 0.1734963 0.7622512 0.1753521 0.8053889 0.2485406 0.8042922 0.2501788 0.7906153 0.2444067 0.8042922 0.2501788 0.8030861 0.2519803 0.7901821 0.2465299 0.8030861 0.2519803 0.8017164 0.2540167 0.7896863 0.2489333 0.7896863 0.2489333 0.8017164 0.2540167 0.8001956 0.25627 0.8001956 0.25627 0.7985866 0.2586496 0.7885416 0.254412 0.7533594 0.1676602 0.7647466 0.1582888 0.7656779 0.1598961 0.7547702 0.168875 0.7656779 0.1598961 0.7667103 0.1616783 0.7667103 0.1616783 0.7678857 0.1637174 0.7581183 0.1717646 0.7678857 0.1637174 0.769199 0.1660039 0.7601146 0.1734963 0.769199 0.1660039 0.7706034 0.1684533 0.7622512 0.1753521 0.791009 0.2424768 0.7906153 0.2444067 0.7757799 0.2442327 0.7757799 0.2442327 0.7906153 0.2444067 0.7901821 0.2465299 0.7901821 0.2465299 0.7896863 0.2489333 0.7766326 0.2487682 0.7766326 0.2487682 0.7896863 0.2489333 0.7891319 0.2515962 0.7771269 0.2514375 0.7891319 0.2515962 0.7885416 0.254412 0.778554 0.153189 0.7789048 0.1550105 0.7656779 0.1598961 0.7656779 0.1598961 0.7789048 0.1550105 0.7792931 0.15703 0.7792931 0.15703 0.7797317 0.1593386 0.7678857 0.1637174 0.7797317 0.1593386 0.7802186 0.1619257 0.769199 0.1660039 0.7802186 0.1619257 0.7807371 0.164696 0.7706034 0.1684533 0.7754139 0.2422992 0.7757799 0.2442327 0.7620039 0.249691 0.7757799 0.2442327 0.7761822 0.2463594 0.7631772 0.2515068 0.7761822 0.2463594 0.7766326 0.2487682 0.7645018 0.2535675 0.7766326 0.2487682 0.7771269 0.2514375 0.7659665 0.2558561 0.7771269 0.2514375 0.7776466 0.2542585 0.7675135 0.2582814 0.778554 0.153189 0.793255 0.1529102 0.792988 0.1547456 0.792988 0.1547456 0.7926907 0.1567804 0.7792931 0.15703 0.7926907 0.1567804 0.7923449 0.1591047 0.7797317 0.1593386 0.7797317 0.1593386 0.7923449 0.1591047 0.791952 0.1617075 0.7802186 0.1619257 0.791952 0.1617075 0.7915272 0.164493 0.7609374 0.2480413 0.7620039 0.249691 0.7512984 0.2599045 0.7512984 0.2599045 0.7620039 0.249691 0.7631772 0.2515068 0.7530633 0.2611441 0.7631772 0.2515068 0.7645018 0.2535675 0.7645018 0.2535675 0.7659665 0.2558561 0.7572694 0.2641179 0.7572694 0.2641179 0.7659665 0.2558561 0.7675135 0.2582814 0.8072452 0.1574724 0.8063918 0.1591239 0.792988 0.1547456 0.792988 0.1547456 0.8063918 0.1591239 0.8054424 0.1609547 0.8054424 0.1609547 0.80435 0.1630442 0.7923449 0.1591047 0.7923449 0.1591047 0.80435 0.1630442 0.8031178 0.1653817 0.791952 0.1617075 0.8031178 0.1653817 0.8017902 0.1678803 0.7433301 0.2729064 0.7496945 0.2587787 0.7512984 0.2599045 0.7512984 0.2599045 0.7530633 0.2611441 0.7473226 0.2738572 0.7473226 0.2738572 0.7530633 0.2611441 0.7550594 0.2625528 0.7550594 0.2625528 0.7572694 0.2641179 0.7523397 0.2750641 0.7572694 0.2641179 0.7596049 0.2657735 0.755141 0.2757385 0.8190481 0.1663593 0.8177027 0.1676712 0.8063918 0.1591239 0.8063918 0.1591239 0.8177027 0.1676712 0.8162182 0.1691115 0.8162182 0.1691115 0.814498 0.1707565 0.80435 0.1630442 0.80435 0.1630442 0.814498 0.1707565 0.8125468 0.1725909 0.8125468 0.1725909 0.8104357 0.1745408 0.8017902 0.1678803 0.7425346 0.2883183 0.7433301 0.2729064 0.7452287 0.2733583 0.7444531 0.2880848 0.7452287 0.2733583 0.7473226 0.2738572 0.74659 0.2878185 0.7473226 0.2738572 0.749699 0.2744278 0.749699 0.2744278 0.7523397 0.2750641 0.7517475 0.2871415 0.7517475 0.2871415 0.7523397 0.2750641 0.755141 0.2757385 0.8190481 0.1663593 0.8277528 0.1786313 0.8261322 0.17966 0.8261322 0.17966 0.8242214 0.180662 0.8162182 0.1691115 0.8162182 0.1691115 0.8242214 0.180662 0.821944 0.1817145 0.814498 0.1707565 0.821944 0.1817145 0.8193489 0.182823 0.8125468 0.1725909 0.8193489 0.182823 0.8165693 0.1839563 0.7425346 0.2883183 0.7444531 0.2880848 0.7487577 0.3025844 0.7487577 0.3025844 0.7444531 0.2880848 0.74659 0.2878185 0.74659 0.2878185 0.7490294 0.2875061 0.7531598 0.3005054 0.7490294 0.2875061 0.7517475 0.2871415 0.7557467 0.2991016 0.7517475 0.2871415 0.7546292 0.2867295 0.7584683 0.2975369 0.817574 0.2302646 0.8163434 0.2288115 0.8262484 0.2175126 0.8262484 0.2175126 0.8163434 0.2288115 0.8149595 0.2271881 0.8149595 0.2271881 0.8133613 0.2253271 0.8221828 0.2149152 0.8133613 0.2253271 0.8115519 0.2232428 0.8196493 0.2134762 0.8196493 0.2134762 0.8115519 0.2232428 0.8095938 0.2210171 0.7603927 0.3162435 0.7482543 0.3058343 0.74966 0.3043568 0.74966 0.3043568 0.7513729 0.3028339 0.7625324 0.3126367 0.7625324 0.3126367 0.7513729 0.3028339 0.7534555 0.3011696 0.7534555 0.3011696 0.7558616 0.2993775 0.7652946 0.3081124 0.7652946 0.3081124 0.7558616 0.2993775 0.7584683 0.2975369 0.8046488 0.23816 0.8039257 0.2363978 0.8163434 0.2288115 0.8163434 0.2288115 0.8039257 0.2363978 0.8031219 0.2344421 0.8031219 0.2344421 0.8022037 0.2322037 0.8133613 0.2253271 0.8022037 0.2322037 0.8011728 0.2296933 0.8115519 0.2232428 0.8115519 0.2232428 0.8011728 0.2296933 0.8000634 0.2270044 0.7751179 0.3218555 0.7603927 0.3162435 0.7614125 0.3145208 0.7614125 0.3145208 0.7625324 0.3126367 0.7758322 0.3177371 0.7758322 0.3177371 0.7625324 0.3126367 0.7638279 0.310492 0.7638279 0.310492 0.7652946 0.3081124 0.77675 0.3125755 0.7652946 0.3081124 0.7668762 0.3056027 0.7772734 0.3097035 0.7899465 0.2414758 0.7898335 0.2395826 0.8039257 0.2363978 0.8039257 0.2363978 0.7898335 0.2395826 0.7897076 0.2374829 0.7897076 0.2374829 0.7895675 0.2350825 0.8022037 0.2322037 0.8022037 0.2322037 0.7895675 0.2350825 0.789413 0.2323924 0.8011728 0.2296933 0.789413 0.2323924 0.7892474 0.2295113 0.790877 0.3216449 0.7751179 0.3218555 0.7754575 0.3198958 0.7754575 0.3198958 0.7758322 0.3177371 0.7899995 0.317561 0.7899995 0.317561 0.7758322 0.3177371 0.7762636 0.31529 0.7762636 0.31529 0.77675 0.3125755 0.7889208 0.3124525 0.77675 0.3125755 0.7772734 0.3097035 0.78833 0.309614 0.7750247 0.2398148 0.775536 0.2379952 0.7898335 0.2395826 0.775536 0.2379952 0.7761028 0.2359775 0.7897076 0.2374829 0.7897076 0.2374829 0.7761028 0.2359775 0.776755 0.2336729 0.776755 0.2336729 0.7774891 0.2310916 0.789413 0.2323924 0.7774891 0.2310916 0.7782766 0.2283279 0.7892474 0.2295113 0.8053702 0.3154808 0.790877 0.3216449 0.790459 0.3197002 0.8042459 0.3138422 0.790459 0.3197002 0.7899995 0.317561 0.7899995 0.317561 0.7894849 0.3151379 0.8016151 0.3099975 0.8016151 0.3099975 0.7894849 0.3151379 0.7889208 0.3124525 0.7889208 0.3124525 0.78833 0.309614 0.7984512 0.3053362 0.7750247 0.2398148 0.7615152 0.2333695 0.7625926 0.231823 0.775536 0.2379952 0.7625926 0.231823 0.763787 0.2301084 0.7761028 0.2359775 0.763787 0.2301084 0.7651559 0.2281517 0.776755 0.2336729 0.7651559 0.2281517 0.7666928 0.2259616 0.7774891 0.2310916 0.7666928 0.2259616 0.7683403 0.2236173 0.8164082 0.3042781 0.8053702 0.3154808 0.8042459 0.3138422 0.8042459 0.3138422 0.8030097 0.3120403 0.8129221 0.3019977 0.8030097 0.3120403 0.8016151 0.3099975 0.8108583 0.3006407 0.8016151 0.3099975 0.800075 0.3077321 0.8085747 0.2991331 0.8085747 0.2991331 0.800075 0.3077321 0.7984512 0.3053362 0.7615152 0.2333695 0.7509005 0.2228733 0.7524219 0.2217693 0.7524219 0.2217693 0.7541089 0.2205454 0.763787 0.2301084 0.763787 0.2301084 0.7541089 0.2205454 0.7560395 0.2191506 0.7560395 0.2191506 0.7582051 0.2175911 0.7666928 0.2259616 0.7582051 0.2175911 0.7605254 0.2159225 0.7683403 0.2236173 0.8164082 0.3042781 0.8147478 0.3031923 0.8204061 0.2893736 0.8147478 0.3031923 0.8129221 0.3019977 0.8182677 0.2889611 0.8182677 0.2889611 0.8129221 0.3019977 0.8108583 0.3006407 0.8108583 0.3006407 0.8085747 0.2991331 0.8131658 0.2879573 0.8131658 0.2879573 0.8085747 0.2991331 0.8061634 0.2975371 0.7443385 0.209507 0.7461336 0.2089653 0.7524219 0.2217693 0.7461336 0.2089653 0.7481241 0.2083649 0.7541089 0.2205454 0.7541089 0.2205454 0.7481241 0.2083649 0.7504001 0.2076832 0.7504001 0.2076832 0.7529514 0.2069233 0.7582051 0.2175911 0.7582051 0.2175911 0.7529514 0.2069233 0.7556842 0.2061116 0.8223503 0.289748 0.8204061 0.2893736 0.8204132 0.2744748 0.8204132 0.2744748 0.8204061 0.2893736 0.8182677 0.2889611 0.818283 0.2749047 0.8182677 0.2889611 0.8158472 0.288488 0.8158472 0.288488 0.8131658 0.2879573 0.8131986 0.2759123 0.8131658 0.2879573 0.8103311 0.2873905 0.8103749 0.2764643 0.7425346 0.1947636 0.7444035 0.1948413 0.7461336 0.2089653 0.7461336 0.2089653 0.7444035 0.1948413 0.7464756 0.1949276 0.7481241 0.2083649 0.7464756 0.1949276 0.7488434 0.1950311 0.7488434 0.1950311 0.7514962 0.1951509 0.7529514 0.2069233 0.7529514 0.2069233 0.7514962 0.1951509 0.7543371 0.1952813 0.8223503 0.2740835 0.8204132 0.2744748 0.8147546 0.2607227 0.8147546 0.2607227 0.8204132 0.2744748 0.818283 0.2749047 0.818283 0.2749047 0.815871 0.2753855 0.8109086 0.2632926 0.8109086 0.2632926 0.815871 0.2753855 0.8131986 0.2759123 0.8131986 0.2759123 0.8103749 0.2764643 0.8062479 0.2663831 0.7703282 0.6897291 0.7675822 0.6852368 0.7714245 0.682013 0.7650505 0.1958117 0.7665364 0.1886446 0.7696438 0.1898683 0.7665364 0.1886446 0.7702842 0.1823787 0.7728109 0.1845493 0.7758677 0.1777037 0.7775362 0.1805759 0.7728109 0.1845493 0.7758677 0.1777037 0.7826594 0.175132 0.7832877 0.1783829 0.789899 0.1749457 0.7894175 0.1782092 0.7832877 0.1783829 0.796772 0.1771751 0.7952265 0.1800765 0.7894175 0.1782092 0.796772 0.1771751 0.8024767 0.1816107 0.8000189 0.1837908 0.8024767 0.1816107 0.8062469 0.1878241 0.8031408 0.1889503 0.8021249 0.2128514 0.7997845 0.2103701 0.8035004 0.2052961 0.8021249 0.2128514 0.7958711 0.2169367 0.7945345 0.2138181 0.7886493 0.218675 0.7884324 0.2152972 0.7945345 0.2138181 0.7886493 0.218675 0.7812808 0.217927 0.78219 0.2146733 0.7745847 0.2148023 0.7765096 0.2120342 0.78219 0.2146733 0.7745847 0.2148023 0.7692992 0.2096624 0.7720204 0.2076845 0.7660027 0.2030872 0.7692149 0.2021149 0.7720204 0.2076845 0.7660027 0.2030872 0.7650505 0.1958117 0.7683957 0.1959477 0.7558244 0.680601 0.7534943 0.6781579 0.7522791 0.6750206 0.7522791 0.6750206 0.7523505 0.6716397 0.7558244 0.680601 0.7523505 0.6716397 0.7537134 0.6685009 0.7558244 0.680601 0.7537134 0.6685009 0.7561581 0.66597 0.759387 0.664533 0.759387 0.664533 0.7629817 0.6644259 0.7537134 0.6685009 0.7629817 0.6644259 0.7664421 0.6657356 0.7537134 0.6685009 0.7664421 0.6657356 0.768911 0.6687841 0.7699609 0.6725435 0.7699609 0.6725435 0.769495 0.6760627 0.7664421 0.6657356 0.769495 0.6760627 0.7678005 0.6790677 0.7664421 0.6657356 0.7678005 0.6790677 0.7652733 0.6812512 0.7621372 0.6822939 0.7621372 0.6822939 0.7588324 0.6820687 0.7558244 0.680601 0.7678005 0.6790677 0.7621372 0.6822939 0.7664421 0.6657356 0.7621372 0.6822939 0.7558244 0.680601 0.7664421 0.6657356 0.7498005 0.6575626 0.7565006 0.6542798 0.758144 0.6597434 0.7637426 0.6921144 0.7628104 0.6868609 0.7675822 0.6852368 0.7565006 0.6542798 0.7639892 0.653602 0.7636025 0.6594072 0.7566528 0.6918808 0.7577436 0.6865998 0.7628104 0.6868609 0.7639892 0.653602 0.7713685 0.6554978 0.7690396 0.6611348 0.7422664 0.6771809 0.7476332 0.6759459 0.7495536 0.6807447 0.7501062 0.6889978 0.7530996 0.6844595 0.7577436 0.6865998 0.7781561 0.6594672 0.774396 0.6651939 0.7690396 0.6611348 0.7450624 0.6838671 0.7495536 0.6807447 0.7530996 0.6844595 0.7799767 0.6729472 0.7750066 0.6725358 0.7746212 0.6667601 0.742164 0.6698838 0.7476477 0.6707425 0.7476332 0.6759459 0.7787396 0.6793056 0.7739592 0.6776203 0.7750066 0.6725358 0.7447954 0.6630212 0.7496157 0.6658715 0.7476477 0.6707425 0.7755051 0.6852028 0.7714245 0.682013 0.7739592 0.6776203 0.7447954 0.6630212 0.7498005 0.6575626 0.7532729 0.6620141 0.7476332 0.6759459 0.7522791 0.6750206 0.7534943 0.6781579 0.7476332 0.6759459 0.7476477 0.6707425 0.7523505 0.6716397 0.7476477 0.6707425 0.7496157 0.6658715 0.7537134 0.6685009 0.7532729 0.6620141 0.7561581 0.66597 0.7537134 0.6685009 0.7532729 0.6620141 0.758144 0.6597434 0.759387 0.664533 0.7636025 0.6594072 0.7629817 0.6644259 0.759387 0.664533 0.7690396 0.6611348 0.7664421 0.6657356 0.7629817 0.6644259 0.774396 0.6651939 0.768911 0.6687841 0.7664421 0.6657356 0.7746212 0.6667601 0.7750066 0.6725358 0.7699609 0.6725435 0.7750066 0.6725358 0.7739592 0.6776203 0.769495 0.6760627 0.7739592 0.6776203 0.7714245 0.682013 0.7678005 0.6790677 0.7675822 0.6852368 0.7652733 0.6812512 0.7678005 0.6790677 0.7628104 0.6868609 0.7621372 0.6822939 0.7652733 0.6812512 0.7628104 0.6868609 0.7577436 0.6865998 0.7588324 0.6820687 0.7577436 0.6865998 0.7530996 0.6844595 0.7558244 0.680601 0.7495536 0.6807447 0.7534943 0.6781579 0.7558244 0.680601 0.7543371 0.1952813 0.7650505 0.1958117 0.7660027 0.2030872 0.7605254 0.2159225 0.7556842 0.2061116 0.7660027 0.2030872 0.7605254 0.2159225 0.7692992 0.2096624 0.7745847 0.2148023 0.7683403 0.2236173 0.7745847 0.2148023 0.7812808 0.217927 0.7892474 0.2295113 0.7782766 0.2283279 0.7812808 0.217927 0.8000634 0.2270044 0.7892474 0.2295113 0.7886493 0.218675 0.8000634 0.2270044 0.7958711 0.2169367 0.8021249 0.2128514 0.8169226 0.211992 0.8095938 0.2210171 0.8021249 0.2128514 0.8165693 0.1839563 0.8062469 0.1878241 0.8024767 0.1816107 0.8017902 0.1678803 0.8104357 0.1745408 0.8024767 0.1816107 0.8017902 0.1678803 0.796772 0.1771751 0.789899 0.1749457 0.7915272 0.164493 0.789899 0.1749457 0.7826594 0.175132 0.7706034 0.1684533 0.7807371 0.164696 0.7826594 0.175132 0.7622512 0.1753521 0.7706034 0.1684533 0.7758677 0.1777037 0.7622512 0.1753521 0.7702842 0.1823787 0.7665364 0.1886446 0.7566159 0.1846356 0.7665364 0.1886446 0.7650505 0.1958117 0.7030146 0.9459193 0.7105113 0.9459193 0.7105113 0.9567204 0.7030146 0.9567204 0.7105113 0.9567204 0.7105113 0.9675212 0.7105113 0.9675212 0.7105113 0.9783222 0.7030146 0.9783222 0.7030146 0.9135164 0.7105113 0.9135164 0.7105113 0.9243173 0.7105113 0.9243173 0.7105113 0.9351182 0.7030146 0.9351182 0.7105113 0.9351182 0.7105113 0.9459193 0.7030146 0.9459193 0.6936607 0.9297177 0.6843068 0.9243173 0.7030146 0.9135164 0.6843068 0.9243173 0.6843068 0.9135164 0.7030146 0.9135164 0.6843068 0.9135164 0.6936607 0.9081158 0.7030146 0.9135164 0.8498898 0.9573226 0.8541631 0.9573226 0.854163 0.9634793 0.8498898 0.9634793 0.854163 0.9634793 0.854163 0.969636 0.854163 0.969636 0.854163 0.9757927 0.8498898 0.9757927 0.8498898 0.9757927 0.854163 0.9757927 0.854163 0.9819493 0.8541631 0.9450093 0.854163 0.9511659 0.8498898 0.9511659 0.854163 0.9511659 0.8541631 0.9573226 0.8498898 0.9573226 0.8498898 0.9511659 0.844558 0.9542442 0.844558 0.9419309 0.844558 0.9542442 0.8392261 0.9511659 0.844558 0.9419309 0.8392261 0.9511659 0.8392261 0.9450093 0.844558 0.9419309 0.8656501 0.9665578 0.8699232 0.9665578 0.8699232 0.9727144 0.8656501 0.9727144 0.8699232 0.9727144 0.8699232 0.978871 0.8699232 0.9419309 0.8699232 0.9480877 0.8656499 0.9480877 0.8656499 0.9480877 0.8699232 0.9480877 0.8699232 0.9542443 0.8699232 0.9542443 0.8699232 0.9604009 0.8656501 0.9604009 0.8699232 0.9604009 0.8699232 0.9665578 0.8656501 0.9665578 0.8549864 0.9727144 0.8603183 0.969636 0.8656501 0.9727144 0.8656501 0.9727144 0.8656501 0.978871 0.8603182 0.9819493 0.8603182 0.9819493 0.8549864 0.978871 0.8549864 0.9727144 0.8750199 0.9819493 0.8707467 0.9819493 0.8707467 0.9757927 0.8750199 0.9757927 0.8707467 0.9757927 0.8707467 0.969636 0.8707467 0.969636 0.8707467 0.9634793 0.8750198 0.9634793 0.8750198 0.9634793 0.8707467 0.9634793 0.8707467 0.9573226 0.8707467 0.9573226 0.8707467 0.9511659 0.8750199 0.9511659 0.8750199 0.9511659 0.8707467 0.9511659 0.8707467 0.9450093 0.8750199 0.9511659 0.8750199 0.9450093 0.8803517 0.9419309 0.8803517 0.9419309 0.8856835 0.9450093 0.8856835 0.9511659 0.8856835 0.9511659 0.8803517 0.9542442 0.8803517 0.9419309 0.8844036 0.6566861 0.8886769 0.656686 0.8886768 0.6628427 0.8844036 0.6628427 0.8886768 0.6628427 0.8886769 0.6689993 0.8886769 0.6689993 0.8886768 0.675156 0.8844036 0.675156 0.8844036 0.675156 0.8886768 0.675156 0.8886768 0.6813127 0.8886768 0.6813127 0.8886768 0.6874694 0.8844035 0.6874694 0.8886768 0.6874694 0.8886767 0.6936261 0.8844035 0.6936261 0.8790718 0.6536077 0.8844036 0.6566861 0.87374 0.6628427 0.8844036 0.6566861 0.8844036 0.6628427 0.87374 0.6628427 0.8844036 0.6628427 0.8790719 0.6659211 0.87374 0.6628427 0.004001557 0.4581537 0.009107232 0.4581136 0.008808195 0.4173381 0.008363008 0.3681254 0.008808195 0.4173381 0.02013093 0.4051952 0.006647408 0.1685186 0.01155477 0.1689301 0.01447713 0.1266244 0.009733617 0.1258636 0.01447713 0.1266244 0.02160596 0.08555585 0.01693403 0.08415943 0.02160596 0.08555585 0.03365111 0.05608844 0.02929848 0.05311483 0.03365111 0.05608844 0.05028349 0.03490334 0.05028349 0.03490334 0.07079261 0.01894015 0.06836444 0.01547908 0.06836444 0.01547908 0.07079261 0.01894015 0.09377199 0.00972402 0.1181695 0.005568623 0.1181466 8.26601e-4 0.09253275 0.004467546 0.118493 0.07246738 0.1181695 0.005568623 0.09377199 0.00972402 0.09439259 0.07605046 0.09377199 0.00972402 0.07079261 0.01894015 0.07158541 0.08416688 0.07079261 0.01894015 0.05028349 0.03490334 0.05121517 0.09585922 0.05028349 0.03490334 0.03365111 0.05608844 0.03488504 0.1141821 0.03365111 0.05608844 0.02160596 0.08555585 0.006682157 0.249953 0.006340384 0.2958478 0.0180608 0.2951877 0.02233415 0.1685993 0.02029347 0.2048538 0.03419613 0.1940224 0.02029347 0.2048538 0.02233415 0.1685993 0.01155477 0.1689301 0.03392177 0.4579219 0.03349536 0.4013055 0.02013093 0.4051952 0.03349536 0.4013055 0.03279405 0.3443135 0.0194621 0.3535131 0.0323376 0.3157423 0.03197264 0.2866623 0.0180608 0.2951877 0.03197264 0.2866623 0.03236573 0.2271803 0.01841998 0.2424402 0.05171394 0.4577904 0.0512588 0.3987514 0.03349536 0.4013055 0.0512588 0.3987514 0.05057853 0.3344186 0.03279405 0.3443135 0.05031603 0.3088827 0.05013978 0.2784821 0.03197264 0.2866623 0.05013978 0.2784821 0.05036538 0.2171155 0.03236573 0.2271803 0.05126571 0.1826534 0.05163002 0.157817 0.03526085 0.164189 0.05163002 0.157817 0.05121517 0.09585922 0.03488504 0.1141821 0.07255083 0.4576454 0.07213425 0.3967114 0.0512588 0.3987514 0.07213425 0.3967114 0.07159525 0.3308012 0.05057853 0.3344186 0.07140606 0.3036566 0.07129096 0.2723737 0.05013978 0.2784821 0.07129096 0.2723737 0.07141256 0.2094233 0.05036538 0.2171155 0.07184511 0.1737609 0.0720188 0.1480589 0.05163002 0.157817 0.0720188 0.1480589 0.07158541 0.08416688 0.05121517 0.09585922 0.09583491 0.4574974 0.09546589 0.3953009 0.07213425 0.3967114 0.09546589 0.3953009 0.09504383 0.3292399 0.07159525 0.3308012 0.09488368 0.3002908 0.09476035 0.2684586 0.07129096 0.2723737 0.09476035 0.2684586 0.09544736 0.2059051 0.07141256 0.2094233 0.09510046 0.1686444 0.09475088 0.1415516 0.0720188 0.1480589 0.09475088 0.1415516 0.09439259 0.07605046 0.07158541 0.08416688 0.120382 0.4573597 0.1200674 0.3946339 0.09546589 0.3953009 0.09546589 0.3953009 0.1200674 0.3946339 0.1197518 0.3308199 0.1195952 0.2989187 0.1194389 0.2669641 0.09476035 0.2684586 0.1194389 0.2669641 0.119124 0.2024162 0.09544736 0.2059051 0.1189451 0.165628 0.1188145 0.1387538 0.09475088 0.1415516 0.1188145 0.1387538 0.118493 0.07246738 0.09439259 0.07605046 0.008864283 0.2100683 0.006682157 0.249953 0.01841998 0.2424402 0.02051347 0.4580246 0.02013093 0.4051952 0.008808195 0.4173381 0.003968536 0.2097299 0.008864283 0.2100683 0.01155477 0.1689301 0.001268386 0.249355 0.006682157 0.249953 0.008864283 0.2100683 0.001182317 0.2959387 0.002972424 0.3342606 0.007916092 0.3317573 0.002972424 0.3342606 0.00342381 0.3763541 0.008363008 0.3681254 0.00342381 0.3763541 0.003738403 0.4172977 0.008808195 0.4173381 0.04633659 0.03054261 0.02881819 0.05285483 0.02929848 0.05311483 0.01693403 0.08415943 0.01630145 0.08399724 0.02881819 0.05285483 0.09253275 0.004467546 0.09239554 0.004019916 0.1181443 3.4783e-4 0.01630145 0.08399724 0.008995711 0.1257793 0.009733617 0.1258636 0.003263831 0.2096911 8.23288e-4 0.2493353 0.001268386 0.249355 0.008995711 0.1257793 0.005914986 0.1684749 0.006647408 0.1685186 8.23288e-4 0.2493353 3.4783e-4 0.2707788 7.49127e-4 0.270776 6.7476e-4 0.2959605 0.002274572 0.3342848 0.002972424 0.3342606 0.005914986 0.1684749 0.003263831 0.2096911 0.003968536 0.2097299 0.002274572 0.3342848 0.002700626 0.3763667 0.00342381 0.3763541 0.002700626 0.3763667 0.003026783 0.4173089 0.003738403 0.4172977 0.09239554 0.004019916 0.06812167 0.01506835 0.06836444 0.01547908 0.003026783 0.4173089 0.003288626 0.4581593 0.004001557 0.4581537 3.4783e-4 0.2707788 6.7476e-4 0.2959605 0.001182317 0.2959387 0.06812167 0.01506835 0.04633659 0.03054261 0.04668426 0.03089404 0.6009453 0.9996522 0.613442 0.9976967 0.6088804 0.9735742 0.5962429 0.9746335 0.6088804 0.9735742 0.6021124 0.9480958 0.5827564 0.9242788 0.5953939 0.9232195 0.5859654 0.8972404 0.5592833 0.5389175 0.5589354 0.5000015 0.5462978 0.5000015 0.01447713 0.1266244 0.01155477 0.1689301 0.02233415 0.1685993 0.03526085 0.164189 0.03488504 0.1141821 0.02227866 0.1269193 0.4846139 0.300921 0.4719763 0.2998617 0.4725238 0.316717 0.4725238 0.316717 0.4732766 0.3398906 0.4859142 0.34095 0.5592448 0.5789576 0.5592833 0.5389175 0.5466458 0.5399769 0.5589571 0.6209317 0.5592448 0.5789576 0.5466073 0.5800168 0.5593243 0.6590518 0.5589571 0.6209317 0.5463196 0.6219909 0.5533666 0.7802493 0.5559998 0.7391447 0.5433623 0.740204 0.5559998 0.7391447 0.558024 0.6990806 0.5453864 0.7001399 0.5483796 0.8241273 0.561017 0.823068 0.5533666 0.7802493 0.5613649 0.866733 0.5740025 0.8656736 0.561017 0.823068 0.5894749 0.9491552 0.6021124 0.9480958 0.5953939 0.9232195 0.5733279 0.8982999 0.5859654 0.8972404 0.5740025 0.8656736 0.119124 0.2024162 0.1189451 0.165628 0.09510046 0.1686444 0.09544736 0.2059051 0.09510046 0.1686444 0.07184511 0.1737609 0.07141256 0.2094233 0.07184511 0.1737609 0.05126571 0.1826534 0.05036538 0.2171155 0.05126571 0.1826534 0.03419613 0.1940224 0.03236573 0.2271803 0.03419613 0.1940224 0.02029347 0.2048538 0.001182317 0.2959387 0.006340384 0.2958478 7.49127e-4 0.270776 0.006340384 0.2958478 0.006682157 0.249953 7.49127e-4 0.270776 0.09504383 0.3292399 0.1197518 0.3308199 0.1195952 0.2989187 0.09504383 0.3292399 0.09488368 0.3002908 0.07140606 0.3036566 0.07159525 0.3308012 0.07140606 0.3036566 0.05031603 0.3088827 0.05057853 0.3344186 0.05031603 0.3088827 0.0323376 0.3157423 0.03279405 0.3443135 0.0323376 0.3157423 0.01894372 0.3238638 0.01894372 0.3238638 0.0180608 0.2951877 0.006340384 0.2958478 0.0194621 0.3535131 0.01894372 0.3238638 0.007916092 0.3317573 0.4504016 0.3474352 0.4615864 0.3619256 0.4615293 0.3256105 0.4615297 0.2899155 0.4504026 0.2898926 0.4504106 0.3180189 0.4504106 0.3180189 0.4371274 0.3103589 0.4371367 0.3384743 0.4371274 0.3103589 0.4195806 0.3040192 0.4196068 0.3289677 0.4195806 0.3040192 0.39903 0.2991802 0.3990594 0.3256591 0.39903 0.2991802 0.3761345 0.2960796 0.3761522 0.3243279 0.3761522 0.3243279 0.3761345 0.2960796 0.3529384 0.2948812 0.466521 0.2897505 0.4662206 0.2495807 0.461223 0.2497962 0.4494603 0.2041525 0.4358686 0.193103 0.436771 0.22613 0.4358686 0.193103 0.4190783 0.181526 0.4193734 0.2157227 0.4190783 0.181526 0.3987027 0.1724842 0.3988495 0.2078152 0.3987027 0.1724842 0.3756526 0.1673351 0.3752899 0.2041957 0.3756526 0.1673351 0.3529385 0.1644009 0.3529385 0.2007935 0.448898 0.1257608 0.4359594 0.1125344 0.4353269 0.1633033 0.4481934 0.1679538 0.4589875 0.1685174 0.4569349 0.1255498 0.466598 0.3701199 0.4615864 0.3619256 0.4616259 0.4103807 0.4665359 0.3279928 0.4615293 0.3256105 0.4615864 0.3619256 0.466521 0.2897505 0.4615297 0.2899155 0.4615293 0.3256105 0.4607257 0.2095947 0.461223 0.2497962 0.4662206 0.2495807 0.4589875 0.1685174 0.4607257 0.2095947 0.4656409 0.2093768 0.4616259 0.4103807 0.4503625 0.3984707 0.4503535 0.4493678 0.4607257 0.2095947 0.4494603 0.2041525 0.4500698 0.2417891 0.3760429 0.07474142 0.3529387 0.07131558 0.3529385 0.1376593 0.3759608 0.1403604 0.3529385 0.1376593 0.3529385 0.1644009 0.3752899 0.2041957 0.3529385 0.2007935 0.3529384 0.2637612 0.3761084 0.2651094 0.3529384 0.2637612 0.3529384 0.2948812 0.3761751 0.3892095 0.3761522 0.3243279 0.3529384 0.3260249 0.3761751 0.3892095 0.3529383 0.3886817 0.3529382 0.4493678 0.3988403 0.08259969 0.3760429 0.07474142 0.3759608 0.1403604 0.3986092 0.1468406 0.3759608 0.1403604 0.3756526 0.1673351 0.3988495 0.2078152 0.3752899 0.2041957 0.3761084 0.2651094 0.3989871 0.2688236 0.3761084 0.2651094 0.3761345 0.2960796 0.3990594 0.3256591 0.3761522 0.3243279 0.3761751 0.3892095 0.3990947 0.3904541 0.3761751 0.3892095 0.3761855 0.4493678 0.4193207 0.09405654 0.3988403 0.08259969 0.3986092 0.1468406 0.4189719 0.1567119 0.3986092 0.1468406 0.3987027 0.1724842 0.4193734 0.2157227 0.3988495 0.2078152 0.3989871 0.2688236 0.4195436 0.2746211 0.3989871 0.2688236 0.39903 0.2991802 0.4196068 0.3289677 0.3990594 0.3256591 0.3990947 0.3904541 0.4196285 0.3923237 0.3990947 0.3904541 0.3991085 0.4493678 0.4359594 0.1125344 0.4193207 0.09405654 0.4189719 0.1567119 0.4353269 0.1633033 0.4189719 0.1567119 0.4190783 0.181526 0.436771 0.22613 0.4193734 0.2157227 0.4195436 0.2746211 0.437111 0.2822612 0.4195436 0.2746211 0.4195806 0.3040192 0.4371367 0.3384743 0.4196068 0.3289677 0.4196285 0.3923237 0.4371444 0.3947216 0.4196285 0.3923237 0.4196274 0.4493678 0.4500698 0.2417891 0.436771 0.22613 0.437111 0.2822612 0.4504026 0.2898926 0.437111 0.2822612 0.4371274 0.3103589 0.4504016 0.3474352 0.4371367 0.3384743 0.4371444 0.3947216 0.4503625 0.3984707 0.4371444 0.3947216 0.4371521 0.4493678 0.4494603 0.2041525 0.4607257 0.2095947 0.4589875 0.1685174 0.4358686 0.193103 0.4494603 0.2041525 0.4481934 0.1679538 0.4504026 0.2898926 0.4615297 0.2899155 0.461223 0.2497962 0.4493334 0.08252966 0.4365366 0.05307877 0.4359594 0.1125344 0.4365366 0.05307877 0.4195241 0.03287684 0.4193207 0.09405654 0.4195241 0.03287684 0.3989834 0.01807641 0.3988403 0.08259969 0.3989834 0.01807641 0.3761051 0.00881195 0.3760429 0.07474142 0.3761051 0.00881195 0.3529388 0.004839837 0.3529387 0.07131558 0.3529388 0.004839837 0.3761051 0.00881195 0.3773131 0.00363326 0.4013069 0.01466792 0.3773131 0.00363326 0.3761051 0.00881195 0.4013069 0.01466792 0.3989834 0.01807641 0.4195241 0.03287684 0.4407157 0.05002433 0.4228056 0.02894282 0.4195241 0.03287684 0.4540905 0.08101397 0.4407157 0.05002433 0.4365366 0.05307877 0.4618544 0.1248354 0.4540905 0.08101397 0.4493334 0.08252966 0.4639232 0.1682209 0.4618544 0.1248354 0.4569349 0.1255498 0.4615864 0.3619256 0.4504016 0.3474352 0.4503625 0.3984707 0.4616259 0.4103807 0.461559 0.4493678 0.466571 0.4493678 0.009445846 0.4988738 0.009107232 0.4581136 0.004001557 0.4581537 0.009866595 0.5480316 0.02121722 0.5624026 0.02095824 0.5108191 0.01656925 0.7433952 0.0212112 0.7827878 0.02554118 0.7819074 0.0212112 0.7827878 0.02910149 0.8204318 0.03334939 0.8190353 0.02910149 0.8204318 0.04127991 0.8488969 0.04525285 0.8460466 0.04127991 0.8488969 0.05789721 0.8692596 0.0611633 0.8654708 0.07828009 0.8831912 0.08043485 0.8799422 0.0611633 0.8654708 0.07828009 0.8831912 0.1006144 0.8924364 0.1016086 0.8876361 0.1238611 0.8909184 0.1016086 0.8876361 0.1006144 0.8924364 0.1016086 0.8876361 0.1238611 0.8909184 0.123058 0.8295643 0.08043485 0.8799422 0.1016086 0.8876361 0.1007707 0.8266739 0.0611633 0.8654708 0.08043485 0.8799422 0.07950598 0.8196035 0.04525285 0.8460466 0.0611633 0.8654708 0.06033188 0.8091928 0.03334939 0.8190353 0.04525285 0.8460466 0.04469335 0.7926418 0.02125358 0.6205734 0.009455025 0.6202588 0.01251316 0.6671941 0.04133576 0.718335 0.02774637 0.7086801 0.03121876 0.7426659 0.02774637 0.7086801 0.01671916 0.7042433 0.02112787 0.7427981 0.02095824 0.5108191 0.03436446 0.5144832 0.03392177 0.4579219 0.02121722 0.5624026 0.03468775 0.571307 0.03436446 0.5144832 0.02125358 0.6205734 0.03543704 0.6286466 0.03488087 0.5997414 0.02409189 0.6734859 0.03809601 0.6871311 0.03543704 0.6286466 0.03436446 0.5144832 0.05212694 0.51675 0.05171394 0.4577904 0.03468775 0.571307 0.05257672 0.5807927 0.05212694 0.51675 0.03543704 0.6286466 0.05357456 0.6361251 0.05289602 0.6061135 0.03809601 0.6871311 0.05574202 0.6958753 0.05357456 0.6361251 0.04348045 0.7463045 0.05899393 0.7517272 0.05786329 0.7284328 0.04469335 0.7926418 0.06033188 0.8091928 0.05899393 0.7517272 0.05212694 0.51675 0.07296395 0.5184743 0.07255083 0.4576454 0.05257672 0.5807927 0.07348078 0.5839814 0.07296395 0.5184743 0.05357456 0.6361251 0.07442843 0.6415238 0.07382631 0.6108016 0.05574202 0.6958753 0.07613527 0.7024586 0.07442843 0.6415238 0.05899393 0.7517272 0.07835829 0.7603122 0.07754361 0.7361961 0.06033188 0.8091928 0.07950598 0.8196035 0.07835829 0.7603122 0.07296395 0.5184743 0.09621429 0.5195695 0.09583491 0.4574974 0.07348078 0.5839814 0.0966835 0.5851467 0.09621429 0.5195695 0.07442843 0.6415238 0.09738975 0.6448405 0.09696942 0.6136817 0.07613527 0.7024586 0.0992009 0.7051984 0.09738975 0.6448405 0.07835829 0.7603122 0.09980702 0.7659161 0.09961175 0.7404859 0.07950598 0.8196035 0.1007707 0.8266739 0.09980702 0.7659161 0.09621429 0.5195695 0.1207059 0.5199665 0.120382 0.4573597 0.09621429 0.5195695 0.0966835 0.5851467 0.1210505 0.5832805 0.09738975 0.6448405 0.1214259 0.645938 0.1212322 0.6146831 0.0992009 0.7051984 0.1218656 0.7081375 0.1214259 0.645938 0.09980702 0.7659161 0.1223905 0.7681416 0.1221558 0.7429421 0.1007707 0.8266739 0.123058 0.8295643 0.1223905 0.7681416 0.01671916 0.7042433 0.02774637 0.7086801 0.02409189 0.6734859 0.009445846 0.4988738 0.02095824 0.5108191 0.02051347 0.4580246 0.02112787 0.7427981 0.01671916 0.7042433 0.01213395 0.7047764 0.01671916 0.7042433 0.01251316 0.6671941 0.00736314 0.6681914 0.00431621 0.6203498 0.009455025 0.6202588 0.01012903 0.5843657 0.005130112 0.5819743 0.01012903 0.5843657 0.009866595 0.5480316 0.004782676 0.5399044 0.009866595 0.5480316 0.009445846 0.4988738 0.04084426 0.8491606 0.04041171 0.8494122 0.05728417 0.8699238 0.02852004 0.8206142 0.02794778 0.8207838 0.04041171 0.8494122 0.1005104 0.8928512 0.1003999 0.8932577 0.1239422 0.8960533 0.02794778 0.8207838 0.01985651 0.7830119 0.02052944 0.7829069 0.006902933 0.6682487 0.006440699 0.6682942 0.01082777 0.704924 0.0158832 0.7434751 0.01520222 0.7435479 0.01985651 0.7830119 0.005153357 0.6455327 0.004737257 0.6455516 0.006440699 0.6682942 0.005130112 0.5819743 0.004431784 0.5819655 0.003807365 0.6203458 0.01148235 0.7048531 0.01082777 0.704924 0.01520222 0.7435479 0.004782676 0.5399044 0.00405991 0.539905 0.004431784 0.5819655 0.004381179 0.4989981 0.003669917 0.4989987 0.00405991 0.539905 0.07807564 0.8835796 0.07786756 0.8839562 0.1003999 0.8932577 0.004001557 0.4581537 0.003288626 0.4581593 0.003669917 0.4989987 0.00431621 0.6203498 0.003807365 0.6203458 0.004737257 0.6455516 0.05759268 0.8695955 0.05728417 0.8699238 0.07786756 0.8839562 0.6009451 3.4783e-4 0.5962426 0.02536678 0.6088804 0.02642619 0.5962426 0.02536678 0.5894746 0.05084544 0.6021123 0.05190473 0.5827562 0.07572191 0.5733277 0.1017012 0.5859653 0.1027604 0.5462978 0.5000015 0.5589354 0.5000015 0.5592833 0.4610854 0.03121876 0.7426659 0.02112787 0.7427981 0.02554118 0.7819074 0.0327022 0.781356 0.04469335 0.7926418 0.04348045 0.7463045 0.4725242 0.683284 0.4719767 0.7001392 0.4846143 0.6990799 0.4846143 0.6990799 0.4859145 0.6590511 0.4725242 0.683284 0.5466457 0.4600261 0.5592833 0.4610854 0.5592448 0.4210454 0.5466072 0.419986 0.5592448 0.4210454 0.558957 0.3790711 0.5463195 0.3780117 0.558957 0.3790711 0.5593242 0.3409507 0.5433619 0.2597981 0.5559995 0.2608574 0.5533663 0.2197527 0.5453862 0.2998624 0.5580238 0.3009217 0.5559995 0.2608574 0.5483791 0.1758743 0.5407286 0.2186933 0.5533663 0.2197527 0.5613646 0.1332684 0.5483791 0.1758743 0.5610167 0.1769337 0.5894746 0.05084544 0.5827562 0.07572191 0.5953938 0.07678127 0.5733277 0.1017012 0.5613646 0.1332684 0.5740022 0.1343277 0.09961175 0.7404859 0.1221558 0.7429421 0.1218656 0.7081375 0.07754361 0.7361961 0.09961175 0.7404859 0.0992009 0.7051984 0.05786329 0.7284328 0.07754361 0.7361961 0.07613527 0.7024586 0.04133576 0.718335 0.05786329 0.7284328 0.05574202 0.6958753 0.02774637 0.7086801 0.04133576 0.718335 0.03809601 0.6871311 0.01251316 0.6671941 0.009455025 0.6202588 0.005153357 0.6455327 0.009455025 0.6202588 0.00431621 0.6203498 0.005153357 0.6455327 0.0966835 0.5851467 0.09696942 0.6136817 0.1212322 0.6146831 0.07382631 0.6108016 0.09696942 0.6136817 0.0966835 0.5851467 0.05289602 0.6061135 0.07382631 0.6108016 0.07348078 0.5839814 0.03488087 0.5997414 0.05289602 0.6061135 0.05257672 0.5807927 0.02133202 0.5919806 0.03488087 0.5997414 0.03468775 0.571307 0.009455025 0.6202588 0.02125358 0.6205734 0.02133202 0.5919806 0.02121722 0.5624026 0.009866595 0.5480316 0.01012903 0.5843657 0.4504016 0.5513007 0.4504105 0.580717 0.4615292 0.5731254 0.4504105 0.580717 0.4504026 0.6088433 0.4615297 0.6088204 0.4371365 0.5602614 0.4371272 0.5883769 0.4504105 0.580717 0.4196066 0.5697681 0.4195805 0.5947166 0.4371272 0.5883769 0.3990592 0.5730766 0.3990299 0.5995557 0.4195805 0.5947166 0.376152 0.5744079 0.3761343 0.6026561 0.3990299 0.5995557 0.376152 0.5744079 0.3529382 0.5727108 0.3529381 0.6038545 0.4612228 0.6489398 0.4662204 0.6491553 0.4665209 0.6089854 0.4367708 0.672606 0.4358683 0.7056331 0.44946 0.6945834 0.419373 0.6830132 0.4190779 0.7172099 0.4358683 0.7056331 0.3988492 0.6909207 0.3987023 0.7262517 0.4190779 0.7172099 0.3752895 0.6945401 0.3756521 0.7314007 0.3987023 0.7262517 0.3529381 0.6979422 0.3529381 0.7343349 0.3756521 0.7314007 0.4353266 0.7354328 0.4359589 0.7862017 0.4488975 0.7729754 0.4569345 0.7731865 0.4589872 0.7302188 0.4481931 0.7307823 0.466598 0.5286158 0.4666233 0.4884308 0.4616259 0.4883551 0.4665359 0.570743 0.466598 0.5286158 0.4615864 0.5368102 0.4665209 0.6089854 0.4665359 0.570743 0.4615292 0.5731254 0.4662204 0.6491553 0.4612228 0.6489398 0.4607254 0.6891412 0.4656407 0.6893592 0.4607254 0.6891412 0.4589872 0.7302188 0.4503535 0.4493678 0.4503625 0.5002651 0.4616259 0.4883551 0.4607254 0.6891412 0.4612228 0.6489398 0.4500695 0.6569469 0.3529379 0.7610765 0.3529379 0.8274204 0.3760421 0.8239947 0.3529381 0.7343349 0.3529379 0.7610765 0.3759602 0.7583755 0.3529381 0.6349745 0.3529381 0.6979422 0.3752895 0.6945401 0.3529381 0.6038545 0.3529381 0.6349745 0.3761081 0.6336264 0.3761751 0.5095263 0.3529382 0.5100539 0.3529382 0.5727108 0.3529382 0.4493678 0.3529382 0.5100539 0.3761751 0.5095263 0.3759602 0.7583755 0.3760421 0.8239947 0.3988397 0.8161364 0.3756521 0.7314007 0.3759602 0.7583755 0.3986087 0.7518953 0.3761081 0.6336264 0.3752895 0.6945401 0.3988492 0.6909207 0.3761343 0.6026561 0.3761081 0.6336264 0.3989869 0.6299121 0.3761751 0.5095263 0.376152 0.5744079 0.3990592 0.5730766 0.3761855 0.4493678 0.3761751 0.5095263 0.3990946 0.5082815 0.3986087 0.7518953 0.3988397 0.8161364 0.4193199 0.8046796 0.3987023 0.7262517 0.3986087 0.7518953 0.4189715 0.7420241 0.3989869 0.6299121 0.3988492 0.6909207 0.419373 0.6830132 0.3990299 0.5995557 0.3989869 0.6299121 0.4195434 0.6241147 0.3990946 0.5082815 0.3990592 0.5730766 0.4196066 0.5697681 0.3991085 0.4493678 0.3990946 0.5082815 0.4196285 0.506412 0.4189715 0.7420241 0.4193199 0.8046796 0.4359589 0.7862017 0.4190779 0.7172099 0.4189715 0.7420241 0.4353266 0.7354328 0.4195434 0.6241147 0.419373 0.6830132 0.4367708 0.672606 0.4195805 0.5947166 0.4195434 0.6241147 0.4371109 0.6164747 0.4196285 0.506412 0.4196066 0.5697681 0.4371365 0.5602614 0.4196274 0.4493678 0.4196285 0.506412 0.4371443 0.5040142 0.4371109 0.6164747 0.4367708 0.672606 0.4500695 0.6569469 0.4371272 0.5883769 0.4371109 0.6164747 0.4504026 0.6088433 0.4371443 0.5040142 0.4371365 0.5602614 0.4504016 0.5513007 0.4371521 0.4493678 0.4371443 0.5040142 0.4503625 0.5002651 0.44946 0.6945834 0.4481931 0.7307823 0.4589872 0.7302188 0.4481931 0.7307823 0.44946 0.6945834 0.4358683 0.7056331 0.4612228 0.6489398 0.4615297 0.6088204 0.4504026 0.6088433 0.4359589 0.7862017 0.4365358 0.8456574 0.4493327 0.8162066 0.4193199 0.8046796 0.4195233 0.8658594 0.4365358 0.8456574 0.3988397 0.8161364 0.3989825 0.8806596 0.4195233 0.8658594 0.3760421 0.8239947 0.3761041 0.8899242 0.3989825 0.8806596 0.3529379 0.8274204 0.3529378 0.8938961 0.3761041 0.8899242 0.3529378 0.8938961 0.3529378 0.8983882 0.3773122 0.8951029 0.401306 0.8840682 0.3989825 0.8806596 0.3761041 0.8899242 0.4195233 0.8658594 0.3989825 0.8806596 0.401306 0.8840682 0.4407149 0.848712 0.4365358 0.8456574 0.4195233 0.8658594 0.4540899 0.8177223 0.4493327 0.8162066 0.4365358 0.8456574 0.4618539 0.7739008 0.4569345 0.7731865 0.4493327 0.8162066 0.4639229 0.7305151 0.4589872 0.7302188 0.4569345 0.7731865 0.4615864 0.5368102 0.4616259 0.4883551 0.4503625 0.5002651 0.466571 0.4493678 0.461559 0.4493678 0.4616259 0.4883551 0.2315312 0.4162315 0.2316353 0.4569962 0.2367392 0.4569856 0.2314934 0.3670263 0.220253 0.3525255 0.2200919 0.4042035 0.2312631 0.1674264 0.2277615 0.1248056 0.223026 0.1256124 0.2277615 0.1248056 0.2201589 0.08317571 0.2155006 0.08461725 0.2201589 0.08317571 0.207494 0.05225348 0.2031705 0.05526882 0.207494 0.05225348 0.1898957 0.03020203 0.1863353 0.03424584 0.1680674 0.01499783 0.1656728 0.01848202 0.1863353 0.03424584 0.1680674 0.01499783 0.1437943 0.00421983 0.1426059 0.009488046 0.1181695 0.005568623 0.1426059 0.009488046 0.1437943 0.00421983 0.1426059 0.009488046 0.1181695 0.005568623 0.118493 0.07246738 0.1656728 0.01848202 0.1426059 0.009488046 0.1426268 0.07581692 0.1863353 0.03424584 0.1656728 0.01848202 0.1655112 0.08371216 0.2031705 0.05526882 0.1863353 0.03424584 0.1859932 0.09520632 0.2155006 0.08461725 0.2031705 0.05526882 0.2024998 0.1133695 0.2210842 0.2941949 0.2328096 0.2947409 0.232021 0.248854 0.2039648 0.1931961 0.2179718 0.2038913 0.2155783 0.1676596 0.2179718 0.2038913 0.2294508 0.2089941 0.2263601 0.1678855 0.2200919 0.4042035 0.2066924 0.4004466 0.2068285 0.4570513 0.220253 0.3525255 0.206833 0.3434581 0.2066924 0.4004466 0.2210842 0.2941949 0.2070908 0.2858063 0.2070097 0.3148865 0.2202111 0.2414565 0.2061179 0.2263335 0.2070908 0.2858063 0.2066924 0.4004466 0.1889076 0.3980684 0.1890413 0.457098 0.206833 0.3434581 0.188954 0.333739 0.1889076 0.3980684 0.2070908 0.2858063 0.1888455 0.2778043 0.1889663 0.3082035 0.2061179 0.2263335 0.1880216 0.2164449 0.1888455 0.2778043 0.2026098 0.1633754 0.1861799 0.1571632 0.1867858 0.1819941 0.2024998 0.1133695 0.1859932 0.09520632 0.1861799 0.1571632 0.1889076 0.3980684 0.1680158 0.3962355 0.168209 0.4571622 0.188954 0.333739 0.1679043 0.3303282 0.1680158 0.3962355 0.1888455 0.2778043 0.1676366 0.271903 0.1678274 0.3031843 0.1880216 0.2164449 0.166901 0.2089583 0.1676366 0.271903 0.1861799 0.1571632 0.1656978 0.1476039 0.1661214 0.1733025 0.1859932 0.09520632 0.1655112 0.08371216 0.1656978 0.1476039 0.1680158 0.3962355 0.1446734 0.3950566 0.1449282 0.4572491 0.1679043 0.3303282 0.1444427 0.3289971 0.1446734 0.3950566 0.1676366 0.271903 0.1441306 0.2682174 0.1443188 0.3000487 0.166901 0.2089583 0.1428335 0.2056745 0.1441306 0.2682174 0.1656978 0.1476039 0.1429039 0.1413178 0.1428177 0.1684125 0.1655112 0.08371216 0.1426268 0.07581692 0.1429039 0.1413178 0.1446734 0.3950566 0.1200674 0.3946339 0.120382 0.4573597 0.1446734 0.3950566 0.1444427 0.3289971 0.1197518 0.3308199 0.1441306 0.2682174 0.1194389 0.2669641 0.1195952 0.2989187 0.1428335 0.2056745 0.119124 0.2024162 0.1194389 0.2669641 0.1429039 0.1413178 0.1188145 0.1387538 0.1189451 0.165628 0.1426268 0.07581692 0.118493 0.07246738 0.1188145 0.1387538 0.2294508 0.2089941 0.2179718 0.2038913 0.2202111 0.2414565 0.2315312 0.4162315 0.2200919 0.4042035 0.2202326 0.4570205 0.2263601 0.1678855 0.2294508 0.2089941 0.2343428 0.208608 0.2294508 0.2089941 0.232021 0.248854 0.2374285 0.2482035 0.237968 0.2947815 0.2328096 0.2947409 0.2315839 0.3306605 0.2365511 0.3331152 0.2315839 0.3306605 0.2314934 0.3670263 0.2365122 0.3752049 0.2314934 0.3670263 0.2315312 0.4162315 0.207494 0.05225348 0.2079718 0.05198895 0.19024 0.02984726 0.2079718 0.05198895 0.2207898 0.08300739 0.2201589 0.08317571 0.1437943 0.00421983 0.1439272 0.003770947 0.1181443 3.4783e-4 0.2207898 0.08300739 0.2284985 0.1247142 0.2277615 0.1248056 0.2374285 0.2482035 0.2378734 0.2481796 0.2350471 0.2085623 0.2312631 0.1674264 0.231995 0.1673753 0.2284985 0.1247142 0.2381563 0.2696174 0.2385575 0.2696163 0.2378734 0.2481796 0.2365511 0.3331152 0.2372491 0.3331326 0.2384757 0.2947983 0.2343428 0.208608 0.2350471 0.2085623 0.231995 0.1673753 0.2365122 0.3752049 0.2372353 0.3752104 0.2372491 0.3331326 0.236599 0.4161412 0.2373105 0.4161456 0.2372353 0.3752104 0.1680674 0.01499783 0.1683062 0.01458466 0.1439272 0.003770947 0.2367392 0.4569856 0.237452 0.4569841 0.2373105 0.4161456 0.237968 0.2947815 0.2384757 0.2947983 0.2385575 0.2696163 0.1898957 0.03020203 0.19024 0.02984726 0.1683062 0.01458466 0.5275362 3.4783e-4 0.5228335 0.02536678 0.5354712 0.02642619 0.5228335 0.02536678 0.5160655 0.05084526 0.5287031 0.05190449 0.5093469 0.07572162 0.4999183 0.1017006 0.5125559 0.1027601 0.4728879 0.5000006 0.4855255 0.5000005 0.4858734 0.4610846 0.2155783 0.1676596 0.2263601 0.1678855 0.223026 0.1256124 0.2152283 0.1259831 0.2024998 0.1133695 0.2026098 0.1633754 0.4732359 0.4600252 0.4858734 0.4610846 0.4858348 0.4210444 0.4731972 0.4199851 0.4858348 0.4210444 0.485547 0.3790703 0.4729095 0.3780109 0.485547 0.3790703 0.4859142 0.34095 0.4699521 0.2597973 0.4825897 0.2608568 0.4799565 0.219752 0.4719763 0.2998617 0.4846139 0.300921 0.4825897 0.2608568 0.4749696 0.1758736 0.4673189 0.2186927 0.4799565 0.219752 0.4879552 0.1332678 0.4749696 0.1758736 0.4876072 0.1769331 0.5160655 0.05084526 0.5093469 0.07572162 0.5219845 0.07678103 0.4999183 0.1017006 0.4879552 0.1332678 0.5005927 0.1343272 0.1428177 0.1684125 0.1189451 0.165628 0.119124 0.2024162 0.1661214 0.1733025 0.1428177 0.1684125 0.1428335 0.2056745 0.1867858 0.1819941 0.1661214 0.1733025 0.166901 0.2089583 0.2039648 0.1931961 0.1867858 0.1819941 0.1880216 0.2164449 0.2179718 0.2038913 0.2039648 0.1931961 0.2061179 0.2263335 0.232021 0.248854 0.2328096 0.2947409 0.2381563 0.2696174 0.2328096 0.2947409 0.237968 0.2947815 0.2381563 0.2696174 0.1444427 0.3289971 0.1443188 0.3000487 0.1195952 0.2989187 0.1678274 0.3031843 0.1443188 0.3000487 0.1444427 0.3289971 0.1889663 0.3082035 0.1678274 0.3031843 0.1679043 0.3303282 0.2070097 0.3148865 0.1889663 0.3082035 0.188954 0.333739 0.220481 0.322876 0.2070097 0.3148865 0.206833 0.3434581 0.2328096 0.2947409 0.2210842 0.2941949 0.220481 0.322876 0.220253 0.3525255 0.2314934 0.3670263 0.2315839 0.3306605 0.2554751 0.3474349 0.2554662 0.3180187 0.2443473 0.3256103 0.2554662 0.3180187 0.2554741 0.2898924 0.244347 0.2899154 0.26874 0.3384742 0.2687494 0.3103588 0.2554662 0.3180187 0.28627 0.3289676 0.2862961 0.304019 0.2687494 0.3103588 0.3068174 0.3256591 0.3068467 0.29918 0.2862961 0.304019 0.3297245 0.3243278 0.3297423 0.2960796 0.3068467 0.29918 0.3297245 0.3243278 0.3529384 0.3260249 0.3529384 0.2948812 0.2446539 0.2497959 0.2396562 0.2495805 0.2393558 0.2897503 0.2691058 0.2261298 0.2700083 0.1931027 0.2564166 0.2041524 0.2865036 0.2157226 0.2867987 0.1815257 0.2700083 0.1931027 0.3070274 0.2078151 0.3071743 0.1724842 0.2867987 0.1815257 0.3305871 0.2041957 0.3302245 0.1673351 0.3071743 0.1724842 0.3529385 0.2007935 0.3529385 0.1644009 0.3302245 0.1673351 0.27055 0.163303 0.2699178 0.1125341 0.2569792 0.1257604 0.2489422 0.1255492 0.2468894 0.1685169 0.2576835 0.1679535 0.2392786 0.3701198 0.2392533 0.4103049 0.2442506 0.4103806 0.2393407 0.3279926 0.2392786 0.3701198 0.2442902 0.3619253 0.2393558 0.2897503 0.2393407 0.3279926 0.2443473 0.3256103 0.2396562 0.2495805 0.2446539 0.2497959 0.2451512 0.2095946 0.2402359 0.2093766 0.2451512 0.2095946 0.2468894 0.1685169 0.2555231 0.4493678 0.255514 0.3984705 0.2442506 0.4103806 0.2451512 0.2095946 0.2446539 0.2497959 0.2558071 0.2417888 0.3529385 0.1376593 0.3529387 0.07131558 0.3298345 0.07474124 0.3529385 0.1644009 0.3529385 0.1376593 0.3299163 0.1403603 0.3529384 0.2637612 0.3529385 0.2007935 0.3305871 0.2041957 0.3529384 0.2948812 0.3529384 0.2637612 0.3297685 0.2651093 0.3297015 0.3892093 0.3529383 0.3886817 0.3529384 0.3260249 0.3529382 0.4493678 0.3529383 0.3886817 0.3297015 0.3892093 0.3299163 0.1403603 0.3298345 0.07474124 0.307037 0.08259952 0.3302245 0.1673351 0.3299163 0.1403603 0.307268 0.1468405 0.3297685 0.2651093 0.3305871 0.2041957 0.3070274 0.2078151 0.3297423 0.2960796 0.3297685 0.2651093 0.3068897 0.2688236 0.3297015 0.3892093 0.3297245 0.3243278 0.3068174 0.3256591 0.3296909 0.4493678 0.3297015 0.3892093 0.3067819 0.3904541 0.307268 0.1468405 0.307037 0.08259952 0.2865567 0.0940563 0.3071743 0.1724842 0.307268 0.1468405 0.2869051 0.1567117 0.3068897 0.2688236 0.3070274 0.2078151 0.2865036 0.2157226 0.3068467 0.29918 0.3068897 0.2688236 0.2863332 0.274621 0.3067819 0.3904541 0.3068174 0.3256591 0.28627 0.3289676 0.306768 0.4493678 0.3067819 0.3904541 0.2862481 0.3923236 0.2869051 0.1567117 0.2865567 0.0940563 0.2699178 0.1125341 0.2867987 0.1815257 0.2869051 0.1567117 0.27055 0.163303 0.2863332 0.274621 0.2865036 0.2157226 0.2691058 0.2261298 0.2862961 0.304019 0.2863332 0.274621 0.2687657 0.282261 0.2862481 0.3923236 0.28627 0.3289676 0.26874 0.3384742 0.2862491 0.4493678 0.2862481 0.3923236 0.2687321 0.3947214 0.2687657 0.282261 0.2691058 0.2261298 0.2558071 0.2417888 0.2687494 0.3103588 0.2687657 0.282261 0.2554741 0.2898924 0.2687321 0.3947214 0.26874 0.3384742 0.2554751 0.3474349 0.2687244 0.4493678 0.2687321 0.3947214 0.255514 0.3984705 0.2564166 0.2041524 0.2576835 0.1679535 0.2468894 0.1685169 0.2576835 0.1679535 0.2564166 0.2041524 0.2700083 0.1931027 0.2446539 0.2497959 0.244347 0.2899154 0.2554741 0.2898924 0.2699178 0.1125341 0.2693409 0.05307853 0.2565439 0.08252924 0.2865567 0.0940563 0.2863534 0.03287649 0.2693409 0.05307853 0.307037 0.08259952 0.3068943 0.01807636 0.2863534 0.03287649 0.3298345 0.07474124 0.3297725 0.008811712 0.3068943 0.01807636 0.3529387 0.07131558 0.3529388 0.004839837 0.3297725 0.008811712 0.3529388 0.004839837 0.3529389 3.4783e-4 0.3285645 0.003633141 0.3045707 0.01466768 0.3068943 0.01807636 0.3297725 0.008811712 0.2863534 0.03287649 0.3068943 0.01807636 0.3045707 0.01466768 0.2651618 0.05002397 0.2693409 0.05307853 0.2863534 0.03287649 0.2517868 0.08101361 0.2565439 0.08252924 0.2693409 0.05307853 0.2440227 0.124835 0.2489422 0.1255492 0.2565439 0.08252924 0.2419537 0.1682206 0.2468894 0.1685169 0.2489422 0.1255492 0.2442902 0.3619253 0.2442506 0.4103806 0.255514 0.3984705 0.2393055 0.4493678 0.2443175 0.4493678 0.2442506 0.4103806 0.2367392 0.4569856 0.2316353 0.4569962 0.2317031 0.4977406 0.2317772 0.5468689 0.2317031 0.4977406 0.2203173 0.5097945 0.22733 0.741627 0.222793 0.7411057 0.219154 0.7799524 0.2234658 0.7807387 0.219154 0.7799524 0.2121917 0.8169332 0.216428 0.8182206 0.2121917 0.8169332 0.2010175 0.844015 0.2050364 0.846746 0.2010175 0.844015 0.1856866 0.8637672 0.1856866 0.8637672 0.1669073 0.8787034 0.1691501 0.8818837 0.1691501 0.8818837 0.1669073 0.8787034 0.1459481 0.8870112 0.1238611 0.8909184 0.1239248 0.8952173 0.1470745 0.8917763 0.123058 0.8295643 0.1238611 0.8909184 0.1459481 0.8870112 0.1452541 0.8261389 0.1459481 0.8870112 0.1669073 0.8787034 0.1662986 0.8185846 0.1669073 0.8787034 0.1856866 0.8637672 0.1851627 0.8077791 0.1856866 0.8637672 0.2010175 0.844015 0.2003526 0.7909963 0.2010175 0.844015 0.2121917 0.8169332 0.2304173 0.6658212 0.2329201 0.6189808 0.2211538 0.6194207 0.2127734 0.7411314 0.2157144 0.7072982 0.2023423 0.7170916 0.2157144 0.7072982 0.2127734 0.7411314 0.222793 0.7411057 0.2068285 0.4570513 0.2069562 0.5135918 0.2203173 0.5097945 0.2069562 0.5135918 0.2072208 0.5703736 0.220584 0.5613399 0.2073289 0.5987724 0.2070935 0.6276313 0.2211538 0.6194207 0.2070935 0.6276313 0.2051488 0.6859883 0.2189415 0.6722244 0.1890413 0.457098 0.1892272 0.5160386 0.2069562 0.5135918 0.1892272 0.5160386 0.1894529 0.5800384 0.2072208 0.5703736 0.1894122 0.6053317 0.1890805 0.6353021 0.2070935 0.6276313 0.1890805 0.6353021 0.1876826 0.6949314 0.2051488 0.6859883 0.1860522 0.7273927 0.1853176 0.7506005 0.2006531 0.7449442 0.1853176 0.7506005 0.1851627 0.8077791 0.2003526 0.7909963 0.168209 0.4571622 0.1684189 0.5179768 0.1892272 0.5160386 0.1684189 0.5179768 0.1686049 0.5834516 0.1894529 0.5800384 0.1685633 0.6102503 0.1683289 0.6409407 0.1890805 0.6353021 0.1683289 0.6409407 0.1674462 0.701782 0.1876826 0.6949314 0.1665758 0.735445 0.1661944 0.7594947 0.1853176 0.7506005 0.1661944 0.7594947 0.1662986 0.8185846 0.1851627 0.8077791 0.1449282 0.4572491 0.1451883 0.5193132 0.1684189 0.5179768 0.1451883 0.5193132 0.1454313 0.5848736 0.1686049 0.5834516 0.1454756 0.6133965 0.1454373 0.6445376 0.1683289 0.6409407 0.1454373 0.6445376 0.1444687 0.7048572 0.1674462 0.701782 0.1446362 0.7400974 0.1449084 0.7654854 0.1661944 0.7594947 0.1449084 0.7654854 0.1452541 0.8261389 0.1662986 0.8185846 0.120382 0.4573597 0.1207059 0.5199665 0.1451883 0.5193132 0.1451883 0.5193132 0.1207059 0.5199665 0.1210505 0.5832805 0.1212322 0.6146831 0.1214259 0.645938 0.1454373 0.6445376 0.1214259 0.645938 0.1218656 0.7081375 0.1444687 0.7048572 0.1221558 0.7429421 0.1223905 0.7681416 0.1449084 0.7654854 0.1223905 0.7681416 0.123058 0.8295643 0.1452541 0.8261389 0.2266108 0.7027452 0.2304173 0.6658212 0.2189415 0.6722244 0.2202326 0.4570205 0.2203173 0.5097945 0.2317031 0.4977406 0.2311677 0.7032182 0.2266108 0.7027452 0.222793 0.7411057 0.2355615 0.6667575 0.2304173 0.6658212 0.2266108 0.7027452 0.2380498 0.6190165 0.2368471 0.5807222 0.2318804 0.5831604 0.2368471 0.5807222 0.2367751 0.5386978 0.2317772 0.5468689 0.2367751 0.5386978 0.236766 0.4978143 0.2317031 0.4977406 0.189677 0.8680897 0.2059155 0.8472234 0.2054792 0.8469845 0.2059155 0.8472234 0.2175732 0.8185282 0.2170014 0.8183729 0.1239422 0.8960533 0.1473213 0.8925841 0.147199 0.8921815 0.2241306 0.7808346 0.2247993 0.7809253 0.2175732 0.8185282 0.2324708 0.7033438 0.2364814 0.6668452 0.2360205 0.6668047 0.2247993 0.7809253 0.2286873 0.7417559 0.2280117 0.7416949 0.2364814 0.6668452 0.237915 0.6441651 0.2375001 0.644151 0.2385575 0.6190071 0.2375442 0.5807064 0.2368471 0.5807222 0.2286873 0.7417559 0.2324708 0.7033438 0.2318181 0.7032812 0.2375442 0.5807064 0.2374972 0.5386912 0.2367751 0.5386978 0.2374972 0.5386912 0.2374769 0.4978078 0.236766 0.4978143 0.1473213 0.8925841 0.1695916 0.8826291 0.1693735 0.8822592 0.2374769 0.4978078 0.237452 0.4569841 0.2367392 0.4569856 0.237915 0.6441651 0.2385575 0.6190071 0.2380498 0.6190165 0.1695916 0.8826291 0.189677 0.8680897 0.189361 0.8677716 0.5275362 0.9996519 0.540033 0.9976963 0.5354713 0.9735737 0.5228337 0.9746331 0.5354713 0.9735737 0.5287032 0.9480953 0.5093472 0.9242784 0.5219847 0.923219 0.5125562 0.8972401 0.4858735 0.5389166 0.4855255 0.5000005 0.4728879 0.5000006 0.219154 0.7799524 0.222793 0.7411057 0.2127734 0.7411314 0.2006531 0.7449442 0.2003526 0.7909963 0.2120359 0.7795475 0.545934 0.6832846 0.5453864 0.7001399 0.558024 0.6990806 0.558024 0.6990806 0.5593243 0.6590518 0.545934 0.6832846 0.485835 0.5789567 0.4858735 0.5389166 0.4732359 0.539976 0.4855473 0.6209308 0.485835 0.5789567 0.4731975 0.580016 0.4859145 0.6590511 0.4855473 0.6209308 0.4729098 0.6219902 0.4799569 0.7802487 0.4825901 0.739144 0.4699526 0.7402033 0.4825901 0.739144 0.4846143 0.6990799 0.4719767 0.7001392 0.47497 0.8241268 0.4876075 0.8230675 0.4799569 0.7802487 0.4879555 0.8667325 0.500593 0.8656731 0.4876075 0.8230675 0.5160657 0.9491547 0.5287032 0.9480953 0.5219847 0.923219 0.4999186 0.8982994 0.5125562 0.8972401 0.500593 0.8656731 0.1218656 0.7081375 0.1221558 0.7429421 0.1446362 0.7400974 0.1444687 0.7048572 0.1446362 0.7400974 0.1665758 0.735445 0.1674462 0.701782 0.1665758 0.735445 0.1860522 0.7273927 0.1876826 0.6949314 0.1860522 0.7273927 0.2023423 0.7170916 0.2051488 0.6859883 0.2023423 0.7170916 0.2157144 0.7072982 0.2380498 0.6190165 0.2329201 0.6189808 0.2375001 0.644151 0.2329201 0.6189808 0.2304173 0.6658212 0.2375001 0.644151 0.1454313 0.5848736 0.1210505 0.5832805 0.1212322 0.6146831 0.1454313 0.5848736 0.1454756 0.6133965 0.1685633 0.6102503 0.1686049 0.5834516 0.1685633 0.6102503 0.1894122 0.6053317 0.1894529 0.5800384 0.1894122 0.6053317 0.2073289 0.5987724 0.2072208 0.5703736 0.2073289 0.5987724 0.2207738 0.5908798 0.2207738 0.5908798 0.2211538 0.6194207 0.2329201 0.6189808 0.220584 0.5613399 0.2207738 0.5908798 0.2318804 0.5831604 0.2554748 0.5513004 0.2442901 0.5368101 0.2443471 0.5731252 0.2443466 0.6088201 0.2554738 0.6088432 0.2554659 0.5807168 0.2554659 0.5807168 0.2687491 0.5883768 0.2687398 0.5602613 0.2687491 0.5883768 0.2862958 0.5947165 0.2862697 0.569768 0.2862958 0.5947165 0.3068464 0.5995556 0.3068172 0.5730766 0.3068464 0.5995556 0.329742 0.6026561 0.3297243 0.5744078 0.3297243 0.5744078 0.329742 0.6026561 0.3529381 0.6038545 0.2393553 0.6089852 0.2396557 0.6491551 0.2446535 0.6489396 0.2564161 0.6945832 0.2700078 0.7056328 0.2691054 0.6726058 0.2700078 0.7056328 0.2867982 0.7172099 0.2865031 0.683013 0.2867982 0.7172099 0.3071738 0.7262516 0.307027 0.6909206 0.3071738 0.7262516 0.330224 0.7314007 0.3305867 0.69454 0.330224 0.7314007 0.3529381 0.7343349 0.3529381 0.6979422 0.2569785 0.7729751 0.2699171 0.7862015 0.2705495 0.7354326 0.257683 0.730782 0.2468889 0.7302185 0.2489416 0.7731862 0.2392784 0.5286156 0.2442901 0.5368101 0.2442505 0.4883549 0.2393404 0.5707429 0.2443471 0.5731252 0.2442901 0.5368101 0.2393553 0.6089852 0.2443466 0.6088201 0.2443471 0.5731252 0.2451507 0.689141 0.2446535 0.6489396 0.2396557 0.6491551 0.2468889 0.7302185 0.2451507 0.689141 0.2402354 0.689359 0.2442505 0.4883549 0.255514 0.5002649 0.2555231 0.4493678 0.2451507 0.689141 0.2564161 0.6945832 0.2558066 0.6569467 0.3298336 0.8239945 0.3529379 0.8274204 0.3529379 0.7610765 0.3299157 0.7583754 0.3529379 0.7610765 0.3529381 0.7343349 0.3305867 0.69454 0.3529381 0.6979422 0.3529381 0.6349745 0.3297681 0.6336264 0.3529381 0.6349745 0.3529381 0.6038545 0.3297014 0.5095262 0.3297243 0.5744078 0.3529382 0.5727108 0.3297014 0.5095262 0.3529382 0.5100539 0.3529382 0.4493678 0.3070362 0.8161363 0.3298336 0.8239945 0.3299157 0.7583754 0.3072673 0.7518952 0.3299157 0.7583754 0.330224 0.7314007 0.307027 0.6909206 0.3305867 0.69454 0.3297681 0.6336264 0.3068894 0.6299121 0.3297681 0.6336264 0.329742 0.6026561 0.3068172 0.5730766 0.3297243 0.5744078 0.3297014 0.5095262 0.3067818 0.5082814 0.3297014 0.5095262 0.3296909 0.4493678 0.2865559 0.8046794 0.3070362 0.8161363 0.3072673 0.7518952 0.2869046 0.7420238 0.3072673 0.7518952 0.3071738 0.7262516 0.2865031 0.683013 0.307027 0.6909206 0.3068894 0.6299121 0.2863329 0.6241146 0.3068894 0.6299121 0.3068464 0.5995556 0.2862697 0.569768 0.3068172 0.5730766 0.3067818 0.5082814 0.286248 0.506412 0.3067818 0.5082814 0.306768 0.4493678 0.2699171 0.7862015 0.2865559 0.8046794 0.2869046 0.7420238 0.2705495 0.7354326 0.2869046 0.7420238 0.2867982 0.7172099 0.2691054 0.6726058 0.2865031 0.683013 0.2863329 0.6241146 0.2687653 0.6164745 0.2863329 0.6241146 0.2862958 0.5947165 0.2687398 0.5602613 0.2862697 0.569768 0.286248 0.506412 0.2687321 0.5040141 0.286248 0.506412 0.2862491 0.4493678 0.2558066 0.6569467 0.2691054 0.6726058 0.2687653 0.6164745 0.2554738 0.6088432 0.2687653 0.6164745 0.2687491 0.5883768 0.2554748 0.5513004 0.2687398 0.5602613 0.2687321 0.5040141 0.255514 0.5002649 0.2687321 0.5040141 0.2687244 0.4493678 0.2564161 0.6945832 0.2451507 0.689141 0.2468889 0.7302185 0.2700078 0.7056328 0.2564161 0.6945832 0.257683 0.730782 0.2554738 0.6088432 0.2443466 0.6088201 0.2446535 0.6489396 0.2565432 0.8162063 0.2693399 0.8456572 0.2699171 0.7862015 0.2693399 0.8456572 0.2863523 0.8658591 0.2865559 0.8046794 0.2863523 0.8658591 0.3068932 0.8806595 0.3070362 0.8161363 0.3068932 0.8806595 0.3297715 0.8899241 0.3298336 0.8239945 0.3297715 0.8899241 0.3529378 0.8938961 0.3529379 0.8274204 0.3529378 0.8938961 0.3297715 0.8899241 0.3285634 0.8951027 0.3045697 0.884068 0.3285634 0.8951027 0.3297715 0.8899241 0.3045697 0.884068 0.3068932 0.8806595 0.2863523 0.8658591 0.2651607 0.8487117 0.2830709 0.8697931 0.2863523 0.8658591 0.2517859 0.8177219 0.2651607 0.8487117 0.2693399 0.8456572 0.244022 0.7739005 0.2517859 0.8177219 0.2565432 0.8162063 0.2419532 0.730515 0.244022 0.7739005 0.2489416 0.7731862 0.2442901 0.5368101 0.2554748 0.5513004 0.255514 0.5002649 0.2442505 0.4883549 0.2443175 0.4493678 0.2393055 0.4493678 0.9087224 0.2346964 0.9087224 0.2495079 0.882921 0.2495079 0.9087223 0.0421468 0.9087224 0.05695837 0.882921 0.05695837 0.882921 0.05695837 0.9087224 0.05695837 0.9087224 0.07176983 0.9087224 0.07176983 0.9087224 0.0865814 0.882921 0.0865814 0.9087224 0.0865814 0.9087223 0.1013929 0.8829209 0.1013929 0.8829209 0.1013929 0.9087223 0.1013929 0.9087223 0.1162044 0.9087223 0.1162044 0.9087223 0.1310158 0.882921 0.1310158 0.882921 0.1310158 0.9087223 0.1310158 0.9087223 0.1458273 0.8829209 0.1458273 0.9087223 0.1458273 0.9087223 0.1606389 0.8829209 0.1606389 0.9087223 0.1606389 0.9087223 0.1754504 0.9087223 0.1754504 0.9087223 0.1902619 0.882921 0.1902619 0.9087223 0.1902619 0.9087223 0.2050734 0.8829209 0.2050734 0.9087223 0.2050734 0.9087224 0.2198849 0.882921 0.2198849 0.9087224 0.2198849 0.9087224 0.2346964 0.882921 0.2346964 0.9087223 0.02733534 0.9087223 0.0421468 0.8829209 0.04214686 0.8174563 0.8050798 0.8252997 0.7973386 0.8564424 0.7975099 0.8252997 0.7973386 0.8354578 0.7932081 0.8564424 0.7975099 0.8354578 0.7932081 0.8463759 0.79327 0.8564424 0.7975099 0.8564424 0.7975099 0.8641779 0.8053073 0.8683552 0.8155086 0.8683552 0.8155086 0.8683069 0.8265829 0.8640287 0.8367934 0.8640287 0.8367934 0.8562271 0.8445357 0.8461155 0.8486792 0.8461155 0.8486792 0.8351973 0.8486441 0.8640287 0.8367934 0.8351973 0.8486441 0.8250781 0.8444233 0.8640287 0.8367934 0.8250781 0.8444233 0.8173147 0.8366099 0.8131221 0.8263892 0.8131221 0.8263892 0.8131712 0.8153006 0.8174563 0.8050798 0.8564424 0.7975099 0.8683552 0.8155086 0.8174563 0.8050798 0.8683552 0.8155086 0.8640287 0.8367934 0.8174563 0.8050798 0.8250781 0.8444233 0.8131221 0.8263892 0.8640287 0.8367934 0.8829209 0.01252382 0.9087223 0.01252371 0.9087223 0.02733534 0.8803002 0.9091979 0.8783438 0.9088178 0.8783783 0.8938172 0.8783783 0.8938172 0.8783438 0.9088178 0.8761962 0.9083799 0.8762258 0.8942385 0.8761962 0.9083799 0.8737644 0.9078891 0.8737899 0.8947081 0.8737644 0.9078891 0.8710691 0.9073552 0.8710691 0.9073552 0.8682251 0.9067866 0.8682461 0.8957996 0.8185358 0.7870405 0.8331561 0.7811778 0.8335169 0.7831273 0.8335169 0.7831273 0.8339345 0.7852677 0.8208284 0.7905468 0.8339345 0.7852677 0.8343966 0.7876893 0.8221942 0.7926196 0.8343966 0.7876893 0.8349135 0.7903715 0.8237051 0.7949157 0.8237051 0.7949157 0.8349135 0.7903715 0.8354578 0.7932081 0.874273 0.923816 0.8726044 0.922714 0.8783438 0.9088178 0.8783438 0.9088178 0.8726044 0.922714 0.8707817 0.9214854 0.8761962 0.9083799 0.8707817 0.9214854 0.8687106 0.9201027 0.8737644 0.9078891 0.8687106 0.9201027 0.8664183 0.9185742 0.8710691 0.9073552 0.8664183 0.9185742 0.8640012 0.9169553 0.8071931 0.7981163 0.8185358 0.7870405 0.8196194 0.7887164 0.8196194 0.7887164 0.8208284 0.7905468 0.8106806 0.8004888 0.8106806 0.8004888 0.8208284 0.7905468 0.8221942 0.7926196 0.8221942 0.7926196 0.8237051 0.7949157 0.8150379 0.8034464 0.8150379 0.8034464 0.8237051 0.7949157 0.8252997 0.7973386 0.863074 0.9350405 0.8619536 0.933378 0.8726044 0.922714 0.8726044 0.922714 0.8619536 0.933378 0.860729 0.9315425 0.860729 0.9315425 0.8593395 0.9294701 0.8687106 0.9201027 0.8593395 0.9294701 0.8578063 0.9271739 0.8664183 0.9185742 0.8664183 0.9185742 0.8578063 0.9271739 0.8561902 0.9247453 0.8009522 0.8128245 0.8071931 0.7981163 0.808849 0.7992558 0.808849 0.7992558 0.8106806 0.8004888 0.8051402 0.8136667 0.8051402 0.8136667 0.8106806 0.8004888 0.8127478 0.8018935 0.8075929 0.8141662 0.8127478 0.8018935 0.8150379 0.8034464 0.8150379 0.8034464 0.8174563 0.8050798 0.8131712 0.8153006 0.8483831 0.9411076 0.8479868 0.9391358 0.8619536 0.933378 0.8619536 0.933378 0.8479868 0.9391358 0.8475528 0.9369689 0.8475528 0.9369689 0.8470668 0.9345175 0.8593395 0.9294701 0.8470668 0.9345175 0.8465338 0.9318038 0.8578063 0.9271739 0.8465338 0.9318038 0.8459768 0.9289405 0.8561902 0.9247453 0.800944 0.8288108 0.8009522 0.8128245 0.802967 0.8132347 0.802967 0.8132347 0.8051402 0.8136667 0.8050845 0.8279733 0.8051402 0.8136667 0.8075929 0.8141662 0.8075375 0.8274842 0.8075375 0.8274842 0.8075929 0.8141662 0.8103056 0.8147184 0.8103056 0.8147184 0.8131712 0.8153006 0.8131221 0.8263892 0.8483831 0.9411076 0.8324232 0.9410683 0.8328381 0.9390586 0.8328381 0.9390586 0.8332749 0.9368916 0.8475528 0.9369689 0.8475528 0.9369689 0.8332749 0.9368916 0.8337729 0.9344426 0.8470668 0.9345175 0.8337729 0.9344426 0.8343307 0.9317371 0.8465338 0.9318038 0.8343307 0.9317371 0.8349195 0.9288784 0.800944 0.8288108 0.8029165 0.8284108 0.8086979 0.8423685 0.8086979 0.8423685 0.8029165 0.8284108 0.8050845 0.8279733 0.8105236 0.8411381 0.8050845 0.8279733 0.8075375 0.8274842 0.8075375 0.8274842 0.8102535 0.8269491 0.8148871 0.838222 0.8148871 0.838222 0.8102535 0.8269491 0.8131221 0.8263892 0.8324232 0.9410683 0.8177774 0.9347872 0.8189185 0.9331391 0.8189185 0.9331391 0.8201539 0.9313157 0.8332749 0.9368916 0.8332749 0.9368916 0.8201539 0.9313157 0.821554 0.9292554 0.8337729 0.9344426 0.821554 0.9292554 0.8231111 0.926981 0.8231111 0.926981 0.8247487 0.9245753 0.8349195 0.9288784 0.807038 0.8434884 0.8086979 0.8423685 0.8193351 0.8530057 0.8193351 0.8530057 0.8086979 0.8423685 0.8105236 0.8411381 0.8105236 0.8411381 0.8125929 0.8397517 0.821928 0.8491145 0.8125929 0.8397517 0.8148871 0.838222 0.8234591 0.8468307 0.8234591 0.8468307 0.8148871 0.838222 0.8173147 0.8366099 0.8177774 0.9347872 0.8067541 0.923452 0.8084257 0.922375 0.8084257 0.922375 0.8102521 0.9211725 0.8201539 0.9313157 0.8102521 0.9211725 0.8123208 0.9198146 0.821554 0.9292554 0.8123208 0.9198146 0.8146178 0.918314 0.8231111 0.926981 0.8146178 0.918314 0.8170402 0.9167261 0.8247487 0.9245753 0.8182364 0.854669 0.8193351 0.8530057 0.8331745 0.8587125 0.8331745 0.8587125 0.8193351 0.8530057 0.8205536 0.8511807 0.8205536 0.8511807 0.821928 0.8491145 0.8340916 0.8541523 0.8340916 0.8541523 0.821928 0.8491145 0.8234591 0.8468307 0.8234591 0.8468307 0.8250781 0.8444233 0.8351973 0.8486441 0.8067541 0.923452 0.800944 0.9088839 0.8028523 0.9085189 0.8028523 0.9085189 0.804991 0.9081087 0.8102521 0.9211725 0.804991 0.9081087 0.8074107 0.9076378 0.8123208 0.9198146 0.8074107 0.9076378 0.8100929 0.90712 0.8146178 0.918314 0.8146178 0.918314 0.8100929 0.90712 0.8129285 0.9065747 0.8327977 0.8606587 0.8331745 0.8587125 0.8480787 0.8587369 0.8480787 0.8587369 0.8331745 0.8587125 0.8336094 0.8565762 0.8476624 0.8566007 0.8336094 0.8565762 0.8340916 0.8541523 0.8471915 0.8541859 0.8340916 0.8541523 0.8346282 0.851473 0.8346282 0.851473 0.8351973 0.8486441 0.8461155 0.8486792 0.8009703 0.8932304 0.8029134 0.8936125 0.8028523 0.9085189 0.8028523 0.9085189 0.8029134 0.8936125 0.8050519 0.8940435 0.8050519 0.8940435 0.8074719 0.8945249 0.8074107 0.9076378 0.8074107 0.9076378 0.8074719 0.8945249 0.8101513 0.8950634 0.8101513 0.8950634 0.812982 0.8956363 0.8129285 0.9065747 0.862985 0.8547837 0.8484495 0.8606433 0.8480787 0.8587369 0.8480787 0.8587369 0.8476624 0.8566007 0.8606943 0.8512961 0.8476624 0.8566007 0.8471915 0.8541859 0.8593293 0.8492338 0.8593293 0.8492338 0.8471915 0.8541859 0.8466686 0.8515071 0.8578225 0.8469501 0.8466686 0.8515071 0.8461155 0.8486792 0.8070002 0.8787204 0.8086565 0.8798168 0.8029134 0.8936125 0.8029134 0.8936125 0.8086565 0.8798168 0.810478 0.8810232 0.810478 0.8810232 0.8125306 0.8823976 0.8074719 0.8945249 0.8074719 0.8945249 0.8125306 0.8823976 0.8148021 0.8839197 0.8148021 0.8839197 0.8172034 0.8855291 0.812982 0.8956363 0.8742764 0.8437259 0.862985 0.8547837 0.8619027 0.853117 0.8619027 0.853117 0.8606943 0.8512961 0.870796 0.8413625 0.8606943 0.8512961 0.8593293 0.8492338 0.8687314 0.8399626 0.8687314 0.8399626 0.8593293 0.8492338 0.8578225 0.8469501 0.8664434 0.8384199 0.8578225 0.8469501 0.8562271 0.8445357 0.8181138 0.8675588 0.819229 0.8692083 0.8086565 0.8798168 0.819229 0.8692083 0.8204542 0.8710219 0.810478 0.8810232 0.810478 0.8810232 0.8204542 0.8710219 0.8218321 0.8730829 0.8125306 0.8823976 0.8218321 0.8730829 0.8233572 0.8753661 0.8233572 0.8753661 0.8249664 0.8777759 0.8172034 0.8855291 0.8805071 0.82905 0.8742764 0.8437259 0.8726241 0.8425908 0.8784959 0.8286409 0.8726241 0.8425908 0.870796 0.8413625 0.8763273 0.8282102 0.870796 0.8413625 0.8687314 0.8399626 0.8687314 0.8399626 0.8664434 0.8384199 0.8711699 0.8271651 0.8711699 0.8271651 0.8664434 0.8384199 0.8640287 0.8367934 0.8181138 0.8675588 0.832693 0.8615082 0.8330922 0.8634625 0.8330922 0.8634625 0.8335306 0.8656112 0.8204542 0.8710219 0.8335306 0.8656112 0.8340141 0.8680426 0.8218321 0.8730829 0.8218321 0.8730829 0.8340141 0.8680426 0.8345527 0.8707351 0.8233572 0.8753661 0.8345527 0.8707351 0.8351178 0.8735794 0.8805071 0.82905 0.8784959 0.8286409 0.8785388 0.8134931 0.8785388 0.8134931 0.8784959 0.8286409 0.8763273 0.8282102 0.8763273 0.8282102 0.8738795 0.8277124 0.8739277 0.8144183 0.8738795 0.8277124 0.8711699 0.8271651 0.8712167 0.8149523 0.8712167 0.8149523 0.8711699 0.8271651 0.8683069 0.8265829 0.8485013 0.861482 0.8481227 0.8634443 0.8330922 0.8634625 0.8330922 0.8634625 0.8481227 0.8634443 0.8476969 0.8655973 0.8335306 0.8656112 0.8476969 0.8655973 0.8472138 0.8680362 0.8472138 0.8680362 0.8466812 0.8707351 0.8345527 0.8707351 0.8466812 0.8707351 0.8461143 0.8735817 0.8351178 0.8735794 0.874425 0.7984537 0.8805071 0.8130933 0.8785388 0.8134931 0.8785388 0.8134931 0.8763756 0.8139302 0.8709511 0.8007972 0.8763756 0.8139302 0.8739277 0.8144183 0.8688883 0.8021789 0.8688883 0.8021789 0.8739277 0.8144183 0.8712167 0.8149523 0.8712167 0.8149523 0.8683552 0.8155086 0.8641779 0.8053073 0.8485013 0.861482 0.8631512 0.8675144 0.8620446 0.8691854 0.8481227 0.8634443 0.8620446 0.8691854 0.8608186 0.8710175 0.8608186 0.8710175 0.8594381 0.8730923 0.8472138 0.8680362 0.8594381 0.8730923 0.8579065 0.8753854 0.8466812 0.8707351 0.8466812 0.8707351 0.8579065 0.8753854 0.856285 0.8778024 0.874425 0.7984537 0.8727706 0.7995707 0.8621671 0.7889769 0.8727706 0.7995707 0.8709511 0.8007972 0.8609597 0.790794 0.8709511 0.8007972 0.8688883 0.8021789 0.8595871 0.7928476 0.8595871 0.7928476 0.8688883 0.8021789 0.8665972 0.803702 0.8665972 0.803702 0.8641779 0.8053073 0.8564424 0.7975099 0.8631512 0.8675144 0.8743752 0.8787701 0.8726736 0.8798962 0.8726736 0.8798962 0.8708454 0.881119 0.8608186 0.8710175 0.8608186 0.8710175 0.8708454 0.881119 0.8687741 0.8824913 0.8687741 0.8824913 0.8664829 0.8840145 0.8579065 0.8753854 0.8579065 0.8753854 0.8664829 0.8840145 0.8640592 0.8856221 0.8632635 0.787324 0.8621671 0.7889769 0.8484184 0.7832172 0.8484184 0.7832172 0.8621671 0.7889769 0.8609597 0.790794 0.8479924 0.7853525 0.8609597 0.790794 0.8595871 0.7928476 0.8595871 0.7928476 0.8580594 0.7951144 0.846954 0.7904447 0.8580594 0.7951144 0.8564424 0.7975099 0.8463759 0.79327 0.8743752 0.8787701 0.8803002 0.8934432 0.8783783 0.8938172 0.8783783 0.8938172 0.8762258 0.8942385 0.8708454 0.881119 0.8708454 0.881119 0.8762258 0.8942385 0.8737899 0.8947081 0.8737899 0.8947081 0.8710941 0.89524 0.8664829 0.8840145 0.8664829 0.8840145 0.8710941 0.89524 0.8682461 0.8957996 0.8331561 0.7811778 0.8488066 0.7813153 0.8484184 0.7832172 0.8484184 0.7832172 0.8479924 0.7853525 0.8339345 0.7852677 0.8339345 0.7852677 0.8479924 0.7853525 0.8474982 0.7877694 0.8474982 0.7877694 0.846954 0.7904447 0.8349135 0.7903715 0.846954 0.7904447 0.8463759 0.79327 0.8354578 0.7932081 0.8010509 0.9568784 0.8064594 0.9579276 0.806299 0.963255 0.8580002 0.9047381 0.8549302 0.9041205 0.8549431 0.8984071 0.8553307 0.9111428 0.85273 0.9093951 0.8549302 0.9041205 0.8504047 0.9160392 0.8486714 0.9134249 0.85273 0.9093951 0.8439709 0.9186763 0.843371 0.9155941 0.8486714 0.9134249 0.8439709 0.9186763 0.8370149 0.9186438 0.837642 0.9155691 0.8370149 0.9186438 0.8306098 0.9159485 0.8323651 0.9133548 0.8306098 0.9159485 0.8257388 0.9110173 0.8283479 0.9092953 0.8257388 0.9110173 0.8231263 0.9046089 0.8261924 0.9040156 0.8231596 0.897695 0.8262187 0.8983164 0.8261924 0.9040156 0.8258281 0.8913142 0.8284195 0.8930566 0.8262187 0.8983164 0.8258281 0.8913142 0.830733 0.8864304 0.8324645 0.889033 0.830733 0.8864304 0.8371388 0.8837901 0.8377434 0.8868593 0.8440721 0.8838016 0.8434558 0.8868712 0.8377434 0.8868593 0.8504784 0.8864682 0.8487324 0.8890696 0.8434558 0.8868712 0.8504784 0.8864682 0.8553757 0.8913879 0.8527675 0.8931217 0.8553757 0.8913879 0.8580151 0.8978038 0.8549431 0.8984071 0.81833 0.9523162 0.8217592 0.9524322 0.8283832 0.9594972 0.8217592 0.9524322 0.8248744 0.953848 0.8283832 0.9594972 0.8248744 0.953848 0.8272062 0.9563356 0.8283832 0.9594972 0.8283832 0.9594972 0.8283071 0.9628844 0.8269365 0.9659914 0.8269365 0.9659914 0.824494 0.9683209 0.8213242 0.9695684 0.8213242 0.9695684 0.8178996 0.9694922 0.8147618 0.9681239 0.8147618 0.9681239 0.8123691 0.9656303 0.8111189 0.9624258 0.8111189 0.9624258 0.8112173 0.9590044 0.8126242 0.9558734 0.8126242 0.9558734 0.8151216 0.9535279 0.8111189 0.9624258 0.8151216 0.9535279 0.81833 0.9523162 0.8111189 0.9624258 0.8283832 0.9594972 0.8269365 0.9659914 0.81833 0.9523162 0.8269365 0.9659914 0.8213242 0.9695684 0.81833 0.9523162 0.8213242 0.9695684 0.8147618 0.9681239 0.81833 0.9523162 0.8355661 0.971686 0.8308702 0.9686729 0.8329881 0.9639126 0.8039339 0.950066 0.8086405 0.9531298 0.8064594 0.9579276 0.8303129 0.9769211 0.8270656 0.9723089 0.8308702 0.9686729 0.8092511 0.9448011 0.8124798 0.9494721 0.8086405 0.9531298 0.823444 0.9798474 0.8221889 0.9743312 0.8270656 0.9723089 0.8311095 0.9450498 0.8275774 0.9499636 0.8227874 0.9476985 0.8162419 0.9419309 0.8174453 0.9475466 0.8124798 0.9494721 0.8158779 0.9798728 0.8168703 0.9741881 0.8221889 0.9743312 0.8238988 0.9419611 0.8227874 0.9476985 0.8174453 0.9475466 0.8087645 0.9770203 0.8119333 0.972079 0.8168703 0.9741881 0.8311095 0.9450498 0.8358647 0.9509658 0.831294 0.9537238 0.8031497 0.971455 0.8082934 0.9681981 0.8119333 0.972079 0.8358647 0.9509658 0.8384026 0.9576297 0.8330445 0.9586991 0.8031497 0.971455 0.800944 0.9641147 0.806299 0.963255 0.8384026 0.9576297 0.8384028 0.9648854 0.8329881 0.9639126 0.8227874 0.9476985 0.8275774 0.9499636 0.8248744 0.953848 0.831294 0.9537238 0.8272062 0.9563356 0.8248744 0.953848 0.8330445 0.9586991 0.8283832 0.9594972 0.8272062 0.9563356 0.8330445 0.9586991 0.8329881 0.9639126 0.8283071 0.9628844 0.8308702 0.9686729 0.8269365 0.9659914 0.8283071 0.9628844 0.8308702 0.9686729 0.8270656 0.9723089 0.824494 0.9683209 0.8270656 0.9723089 0.8221889 0.9743312 0.8213242 0.9695684 0.8168703 0.9741881 0.8178996 0.9694922 0.8213242 0.9695684 0.8168703 0.9741881 0.8119333 0.972079 0.8147618 0.9681239 0.8119333 0.972079 0.8082934 0.9681981 0.8123691 0.9656303 0.8082934 0.9681981 0.806299 0.963255 0.8111189 0.9624258 0.806299 0.963255 0.8064594 0.9579276 0.8112173 0.9590044 0.8064594 0.9579276 0.8086405 0.9531298 0.8126242 0.9558734 0.8124798 0.9494721 0.8151216 0.9535279 0.8126242 0.9558734 0.8174453 0.9475466 0.81833 0.9523162 0.8151216 0.9535279 0.8227874 0.9476985 0.8217592 0.9524322 0.81833 0.9523162 0.8682461 0.8957996 0.8580151 0.8978038 0.8553757 0.8913879 0.8640592 0.8856221 0.8553757 0.8913879 0.8504784 0.8864682 0.8461143 0.8735817 0.856285 0.8778024 0.8504784 0.8864682 0.8461143 0.8735817 0.8440721 0.8838016 0.8371388 0.8837901 0.8249664 0.8777759 0.8351178 0.8735794 0.8371388 0.8837901 0.8249664 0.8777759 0.830733 0.8864304 0.8258281 0.8913142 0.812982 0.8956363 0.8172034 0.8855291 0.8258281 0.8913142 0.8129285 0.9065747 0.812982 0.8956363 0.8231596 0.897695 0.8170402 0.9167261 0.8129285 0.9065747 0.8231263 0.9046089 0.8247487 0.9245753 0.8170402 0.9167261 0.8257388 0.9110173 0.8247487 0.9245753 0.8306098 0.9159485 0.8370149 0.9186438 0.8349195 0.9288784 0.8370149 0.9186438 0.8439709 0.9186763 0.8561902 0.9247453 0.8459768 0.9289405 0.8439709 0.9186763 0.8640012 0.9169553 0.8561902 0.9247453 0.8504047 0.9160392 0.8640012 0.9169553 0.8553307 0.9111428 0.8580002 0.9047381 0.8682251 0.9067866 0.8580002 0.9047381 0.8580151 0.8978038 0.7570703 0.9081158 0.7645669 0.9081158 0.7645669 0.9189168 0.7570703 0.9189168 0.7645669 0.9189168 0.7645669 0.9297177 0.7645669 0.9297177 0.764567 0.9405187 0.7570703 0.9405187 0.7570703 0.9405187 0.764567 0.9405187 0.7645671 0.9513198 0.7645671 0.9513198 0.7645671 0.9621207 0.7570705 0.9621207 0.7645671 0.9621207 0.7645671 0.9729216 0.7570705 0.9729217 0.7570705 0.9621207 0.7570705 0.9729217 0.7383626 0.9621207 0.7570705 0.9729217 0.7477164 0.9783221 0.7383626 0.9621207 0.7477164 0.9783221 0.7383626 0.9729217 0.7383626 0.9621207 0.7383281 0.2396379 0.7400402 0.2980167 0.7316794 0.2982619 0.7390725 0.1873288 0.7387854 0.2062466 0.7304456 0.2061215 0.7416543 0.01641333 0.741371 0.03518384 0.7330289 0.0350579 0.7404427 0.09664463 0.7399863 0.1268633 0.7316444 0.1267373 0.7400402 0.2980167 0.7401347 0.3012369 0.7317737 0.3014822 0.7329804 0.03827083 0.7330289 0.0350579 0.741371 0.03518384 0.7315958 0.1299503 0.7316444 0.1267373 0.7399863 0.1268633 0.7303988 0.2093346 0.7304456 0.2061215 0.7387854 0.2062466 0.7278186 0.2389356 0.7283043 0.2093464 0.7303988 0.2093346 0.7316444 0.1267373 0.7295492 0.1266168 0.7299926 0.09725838 0.7299926 0.09725838 0.7295492 0.1266168 0.7107906 0.1255382 0.7082769 0.2388463 0.7045443 0.2388592 0.7059079 0.2092177 0.7074586 0.09691798 0.7070295 0.125322 0.6906769 0.118664 0.7406907 0.3202 0.7407969 0.3238219 0.7324361 0.3240671 0.7324361 0.3240671 0.7407969 0.3238219 0.7417112 0.3549964 0.7396543 0.1488469 0.7395974 0.1526104 0.7312555 0.1524844 0.7395974 0.1526104 0.7391277 0.1837149 0.7307857 0.1835889 0.6953702 0.2388054 0.6619604 0.2389175 0.6602693 0.2184102 0.7312555 0.1524844 0.7307857 0.1835889 0.7119964 0.1833051 0.7333505 0.3552416 0.7046294 0.3560839 0.7037152 0.3249095 0.7045443 0.2388592 0.7071107 0.298745 0.6806809 0.2942296 0.7059079 0.2092177 0.6889373 0.2132202 0.6884856 0.2109237 0.6527714 0.2901275 0.653304 0.2877484 0.6806809 0.2942296 0.7083521 0.03776729 0.6814657 0.04509538 0.6806129 0.04253417 0.7072818 0.3015892 0.7071107 0.298745 0.7107304 0.2986342 0.7309208 0.03580451 0.7308841 0.03822791 0.7121154 0.0378443 0.7321007 0.09651863 0.7299926 0.09725838 0.7308841 0.03822791 0.7413225 0.03839677 0.7404427 0.09664463 0.7321007 0.09651863 0.7387362 0.2094573 0.7383281 0.2396379 0.729939 0.2396959 0.6653965 0.8126296 0.6660712 0.8040117 0.6854555 0.8040145 0.8330354 0.1740406 0.8439322 0.1740406 0.8439322 0.1870003 0.6842169 0.8209077 0.6854555 0.8040145 0.6972745 0.8040158 0.8330354 0.1870004 0.8439322 0.1870003 0.8439322 0.1975319 0.8330354 0.1975319 0.8439322 0.1975319 0.8439322 0.2104564 0.7692365 0.8152555 0.7641334 0.8198229 0.7639 0.8040209 0.8330354 0.2104564 0.8439322 0.2104564 0.8439324 0.2229579 0.7884565 0.8110826 0.7692365 0.8152555 0.7691186 0.8040209 0.7884565 0.8110826 0.7881883 0.804021 0.7968374 0.804021 0.65769 0.8108619 0.6536578 0.8118584 0.6527714 0.8040095 0.8356579 0.1529102 0.8439324 0.1529102 0.8439322 0.1615239 0.65769 0.8108619 0.6577247 0.8040104 0.6660712 0.8040117 0.8356579 0.1615239 0.8439322 0.1615239 0.8439322 0.1740406 0.7924724 0.8212732 0.7994029 0.8181858 0.8001207 0.8204554 0.7836784 0.8298484 0.7924724 0.8212732 0.7939541 0.823905 0.7246068 0.9045838 0.7264115 0.857326 0.7325608 0.8574799 0.7325608 0.8574799 0.7387451 0.8577347 0.7359332 0.905103 0.7359332 0.905103 0.7387451 0.8577347 0.7449681 0.8580718 0.7449681 0.8580718 0.7510825 0.8586511 0.7471985 0.9058205 0.7471985 0.9058205 0.7510825 0.8586511 0.7570951 0.859629 0.7570951 0.859629 0.7628333 0.8609989 0.7582554 0.9067538 0.7582554 0.9067538 0.7628333 0.8609989 0.7682959 0.8625537 0.6971349 0.8585794 0.7026466 0.8578836 0.7020563 0.9040029 0.7126287 0.8259647 0.7142556 0.8573413 0.7083403 0.8571708 0.7132771 0.9042394 0.7142556 0.8573413 0.7202997 0.8573001 0.7202997 0.8573001 0.7264115 0.857326 0.7246068 0.9045838 0.7395924 0.8247455 0.7458597 0.8241125 0.7449681 0.8580718 0.7395924 0.8247455 0.7387451 0.8577347 0.7325608 0.8574799 0.7328516 0.8247055 0.7325608 0.8574799 0.7264115 0.857326 0.7191246 0.8040177 0.7260054 0.8040179 0.7261284 0.8247281 0.7193663 0.8257349 0.7202997 0.8573001 0.7142556 0.8573413 0.7026466 0.8578836 0.7083403 0.8571708 0.7076221 0.9041083 0.6576305 0.813409 0.65769 0.8108619 0.6653965 0.8126296 0.6978161 0.8235219 0.6972745 0.8040158 0.7051842 0.8040167 0.7718297 0.8226512 0.7663382 0.829303 0.7639495 0.8252378 0.7718297 0.8226512 0.7693583 0.8189406 0.7887994 0.8135502 0.772372 0.8324763 0.7663382 0.829303 0.7718297 0.8226512 0.7787014 0.8269031 0.7718297 0.8226512 0.7905278 0.8177165 0.7767717 0.836609 0.772372 0.8324763 0.7787014 0.8269031 0.7836784 0.8298484 0.7787014 0.8269031 0.7914271 0.8194064 0.7836784 0.8298484 0.7893058 0.8329009 0.7790724 0.8400095 0.7893058 0.8329009 0.7794256 0.8411001 0.7790724 0.8400095 0.6710537 0.8320367 0.6858384 0.8326546 0.6809654 0.8409867 0.7526699 0.841242 0.7580099 0.8422169 0.7510825 0.8586511 0.6971218 0.843091 0.7026466 0.8578836 0.6971349 0.8585794 0.7634424 0.8440178 0.7676234 0.8461099 0.7628333 0.8609989 0.7076221 0.9041083 0.7083403 0.8571708 0.7142556 0.8573413 0.7580099 0.8422169 0.7634424 0.8440178 0.7570951 0.859629 0.7727046 0.8496467 0.7682959 0.8625537 0.7628333 0.8609989 0.7526699 0.841242 0.7449681 0.8580718 0.7458597 0.8241125 0.6834039 0.8270798 0.6842169 0.8209077 0.6978161 0.8235219 0.6858384 0.8326546 0.6834039 0.8270798 0.7005031 0.8389946 0.7005031 0.8389946 0.6978161 0.8235219 0.70586 0.8262026 0.6858384 0.8326546 0.6971218 0.843091 0.691185 0.8461274 0.7639495 0.8252378 0.7526699 0.841242 0.7553144 0.823225 0.772372 0.8324763 0.7767717 0.836609 0.7676234 0.8461099 0.7676234 0.8461099 0.7767717 0.836609 0.7790724 0.8400095 0.7790724 0.8400095 0.7794256 0.8411001 0.7676234 0.8461099 0.7663382 0.829303 0.772372 0.8324763 0.7634424 0.8440178 0.7639495 0.8252378 0.7663382 0.829303 0.7580099 0.8422169 0.7641334 0.8198229 0.7553144 0.823225 0.7572969 0.804021 0.7553144 0.823225 0.7458597 0.8241125 0.7465459 0.804022 0.6971218 0.843091 0.7005031 0.8389946 0.7083403 0.8571708 0.7121811 0.8040173 0.7126287 0.8259647 0.70586 0.8262026 0.7121811 0.8040173 0.7191246 0.8040177 0.7193663 0.8257349 0.7193663 0.8257349 0.7261284 0.8247281 0.7264115 0.857326 0.7260054 0.8040179 0.7328441 0.8040179 0.7328516 0.8247055 0.7328441 0.8040179 0.739686 0.8040228 0.7395924 0.8247455 0.739686 0.8040228 0.7465459 0.804022 0.7458597 0.8241125 0.8322719 0.1615239 0.8356579 0.1615239 0.8330354 0.1740406 0.6643142 0.816582 0.6653965 0.8126296 0.6842169 0.8209077 0.8322719 0.1529102 0.8356579 0.1529102 0.8356579 0.1615239 0.6576305 0.813409 0.6643142 0.816582 0.6613004 0.820635 0.7887994 0.8135502 0.7884565 0.8110826 0.7974709 0.8103432 0.7887994 0.8135502 0.7693583 0.8189406 0.7692365 0.8152555 0.8285763 0.2229579 0.8285763 0.2104564 0.8330354 0.2104564 0.7693583 0.8189406 0.7639495 0.8252378 0.7641334 0.8198229 0.8285763 0.2104564 0.8285763 0.1975319 0.8330354 0.1975319 0.8285765 0.1870003 0.8330354 0.1870004 0.8330354 0.1975319 0.6834039 0.8270798 0.6858384 0.8326546 0.6710537 0.8320367 0.8285763 0.1740406 0.8330354 0.1740406 0.8330354 0.1870004 0.6643142 0.816582 0.6834039 0.8270798 0.6691539 0.825408 0.6576305 0.813409 0.6549165 0.8150107 0.6536578 0.8118584 0.7924724 0.8212732 0.7914271 0.8194064 0.7989789 0.8168303 0.7979983 0.8130249 0.7989789 0.8168303 0.7905278 0.8177165 0.7989789 0.8168303 0.7914271 0.8194064 0.7905278 0.8177165 0.6854555 0.8040145 0.6660712 0.8040117 0.6653991 0.7953937 0.8548292 0.1870003 0.8439322 0.1870003 0.8439322 0.1740406 0.6972745 0.8040158 0.6854555 0.8040145 0.6842216 0.7871212 0.8548292 0.1975319 0.8439322 0.1975319 0.8439322 0.1870003 0.8439322 0.2104564 0.8439322 0.1975319 0.8548292 0.1975319 0.7692368 0.7927861 0.7691186 0.8040209 0.7639 0.8040209 0.8439324 0.2229579 0.8439322 0.2104564 0.8548292 0.2104564 0.7884567 0.7969596 0.7881883 0.804021 0.7691186 0.8040209 0.7968374 0.804021 0.7881883 0.804021 0.7884567 0.7969596 0.6576923 0.797159 0.6577247 0.8040104 0.6527714 0.8040095 0.8439322 0.1615239 0.8439324 0.1529102 0.8522068 0.1529102 0.6660712 0.8040117 0.6577247 0.8040104 0.6576923 0.797159 0.8439322 0.1740406 0.8439322 0.1615239 0.8522068 0.1615239 0.8001207 0.7875869 0.7994029 0.7898564 0.7924726 0.7867692 0.7939542 0.7841373 0.7924726 0.7867692 0.7836788 0.7781941 0.7246229 0.7034616 0.730288 0.7032266 0.7325688 0.7505612 0.730288 0.7032266 0.735948 0.7029454 0.7387523 0.7503071 0.735948 0.7029454 0.7415985 0.7026141 0.7449745 0.7499708 0.7472111 0.7022309 0.7510879 0.7493923 0.7449745 0.7499708 0.7527586 0.7017926 0.7570999 0.7484151 0.7510879 0.7493923 0.7582661 0.7012991 0.7628372 0.747046 0.7570999 0.7484151 0.7582661 0.7012991 0.7637469 0.7007612 0.7682991 0.7454921 0.702075 0.7040389 0.7026581 0.750153 0.6971472 0.7494563 0.708351 0.7508668 0.7142657 0.7506973 0.7126342 0.7820716 0.7189567 0.7036529 0.720309 0.7507393 0.7142657 0.7506973 0.7246229 0.7034616 0.7264203 0.7507144 0.720309 0.7507393 0.7395931 0.7832902 0.7387523 0.7503071 0.7449745 0.7499708 0.7325688 0.7505612 0.7387523 0.7503071 0.7395931 0.7832902 0.7264203 0.7507144 0.7325688 0.7505612 0.7328578 0.7833369 0.726134 0.7833116 0.7260054 0.8040179 0.7191246 0.8040177 0.7142657 0.7506973 0.720309 0.7507393 0.7193717 0.782303 0.70764 0.7039345 0.708351 0.7508668 0.7026581 0.750153 0.6653991 0.7953937 0.6576923 0.797159 0.6576334 0.7946118 0.7051842 0.8040167 0.6972745 0.8040158 0.6978213 0.7845107 0.7718303 0.7853906 0.7693588 0.789101 0.7639504 0.7828035 0.7887995 0.7944918 0.7693588 0.789101 0.7718303 0.7853906 0.7718303 0.7853906 0.7663393 0.7787386 0.7723729 0.775566 0.7905279 0.7903257 0.7718303 0.7853906 0.7787019 0.7811391 0.7787019 0.7811391 0.7723729 0.775566 0.7767724 0.7714337 0.7914273 0.7886359 0.7787019 0.7811391 0.7836788 0.7781941 0.7794263 0.7669429 0.7893059 0.7751417 0.7790732 0.7680335 0.7893059 0.7751417 0.7836788 0.7781941 0.7790732 0.7680335 0.6710622 0.7759891 0.6666674 0.7640594 0.6809759 0.7670426 0.752673 0.7667992 0.7449745 0.7499708 0.7510879 0.7493923 0.6971472 0.7494563 0.7026581 0.750153 0.6971312 0.7649428 0.7634447 0.7640249 0.7570999 0.7484151 0.7628372 0.747046 0.70764 0.7039345 0.7132943 0.7038041 0.7142657 0.7506973 0.7580127 0.765825 0.7510879 0.7493923 0.7570999 0.7484151 0.7628372 0.747046 0.7682991 0.7454921 0.772706 0.7583971 0.7458606 0.7839253 0.7449745 0.7499708 0.752673 0.7667992 0.6978213 0.7845107 0.6842216 0.7871212 0.6834104 0.7809493 0.6858463 0.7753755 0.6971312 0.7649428 0.7005113 0.7690394 0.7058657 0.7818322 0.6978213 0.7845107 0.7005113 0.7690394 0.6911957 0.7619053 0.6971312 0.7649428 0.6858463 0.7753755 0.7553151 0.7848151 0.752673 0.7667992 0.7639504 0.7828035 0.7723729 0.775566 0.7634447 0.7640249 0.7676255 0.7619333 0.7790732 0.7680335 0.7767724 0.7714337 0.7676255 0.7619333 0.7676255 0.7619333 0.772706 0.7583971 0.7794263 0.7669429 0.7663393 0.7787386 0.7580127 0.765825 0.7634447 0.7640249 0.7580127 0.765825 0.7663393 0.7787386 0.7639504 0.7828035 0.7572969 0.804021 0.7553151 0.7848151 0.7641339 0.7882184 0.7465459 0.804022 0.7458606 0.7839253 0.7553151 0.7848151 0.6971312 0.7649428 0.7026581 0.750153 0.708351 0.7508668 0.7058657 0.7818322 0.7126342 0.7820716 0.7121811 0.8040173 0.7121811 0.8040173 0.7126342 0.7820716 0.7193717 0.782303 0.7264203 0.7507144 0.726134 0.7833116 0.7193717 0.782303 0.7260054 0.8040179 0.726134 0.7833116 0.7328578 0.7833369 0.7328441 0.8040179 0.7328578 0.7833369 0.7395931 0.7832902 0.739686 0.8040228 0.7395931 0.7832902 0.7458606 0.7839253 0.8548292 0.1740406 0.8522068 0.1615239 0.8555927 0.1615239 0.6842216 0.7871212 0.6653991 0.7953937 0.6643182 0.7914409 0.8555927 0.1615239 0.8522068 0.1615239 0.8522068 0.1529102 0.6613056 0.7873871 0.6643182 0.7914409 0.6576334 0.7946118 0.7974709 0.7976989 0.7884567 0.7969596 0.7887995 0.7944918 0.7887995 0.7944918 0.7884567 0.7969596 0.7692368 0.7927861 0.8548292 0.2229579 0.8548292 0.2104564 0.8592883 0.2104564 0.7693588 0.789101 0.7692368 0.7927861 0.7641339 0.7882184 0.8592883 0.2104564 0.8548292 0.2104564 0.8548292 0.1975319 0.8548292 0.1975319 0.8548292 0.1870003 0.8592883 0.1870003 0.6710622 0.7759891 0.6858463 0.7753755 0.6834104 0.7809493 0.8592883 0.1870003 0.8548292 0.1870003 0.8548292 0.1740406 0.6691604 0.7826167 0.6834104 0.7809493 0.6643182 0.7914409 0.6576334 0.7946118 0.6576923 0.797159 0.6536604 0.7961611 0.7989789 0.791212 0.7914273 0.7886359 0.7924726 0.7867692 0.7914273 0.7886359 0.7989789 0.791212 0.7905279 0.7903257 0.7989789 0.791212 0.7979983 0.7950173 0.7905279 0.7903257 0.8600251 0.5899959 0.8370335 0.5892028 0.8373284 0.5813319 0.8604226 0.5828154 0.8373284 0.5813319 0.8381697 0.5740113 0.8604993 0.5760934 0.8381697 0.5740113 0.8403535 0.566991 0.8397852 0.6406391 0.8379414 0.6339896 0.8595422 0.6324609 0.8379414 0.6339896 0.837179 0.6267864 0.8593304 0.6257438 0.837179 0.6267864 0.8368203 0.6194403 0.8596078 0.6189324 0.8368203 0.6194403 0.8366732 0.6119935 0.8596943 0.6121749 0.8366732 0.6119935 0.8365797 0.6046324 0.8598416 0.6049681 0.837179 0.6267864 0.8379414 0.6339896 0.836439 0.6342402 0.8598416 0.6049681 0.8365797 0.6046324 0.8366135 0.5971263 0.8600198 0.5975717 0.8366135 0.5971263 0.8370335 0.5892028 0.8604993 0.5760934 0.8615908 0.5761086 0.8613508 0.5828405 0.8357836 0.5811654 0.8287599 0.5807688 0.829749 0.5726152 0.8397852 0.6406391 0.8384408 0.6415305 0.836439 0.6342402 0.8373284 0.5813319 0.8370335 0.5892028 0.835267 0.5891236 0.8403535 0.566991 0.8381697 0.5740113 0.8367852 0.5737057 0.8381697 0.5740113 0.8373284 0.5813319 0.8357836 0.5811654 0.8370335 0.5892028 0.8366135 0.5971263 0.8350462 0.5971363 0.8366135 0.5971263 0.8365797 0.6046324 0.8352523 0.6046396 0.8366732 0.6119935 0.8351826 0.6119788 0.8352523 0.6046396 0.8368203 0.6194403 0.8353271 0.619462 0.8351826 0.6119788 0.837179 0.6267864 0.8357008 0.6268694 0.8353271 0.619462 0.8350462 0.5971363 0.8352523 0.6046396 0.8284089 0.6047065 0.8353271 0.619462 0.8357008 0.6268694 0.8291247 0.6276363 0.8367852 0.5737057 0.829749 0.5726152 0.8315586 0.5642419 0.835267 0.5891236 0.8350462 0.5971363 0.8282857 0.597079 0.8353271 0.619462 0.8286775 0.6199356 0.8285026 0.6122961 0.836439 0.6342402 0.8384408 0.6415305 0.8316234 0.6430713 0.835267 0.5891236 0.8283044 0.5890393 0.8287599 0.5807688 0.8351826 0.6119788 0.8285026 0.6122961 0.8284089 0.6047065 0.836439 0.6342402 0.830035 0.6353198 0.8291247 0.6276363 0.8614815 0.5688024 0.8649806 0.5693095 0.8648778 0.576049 0.8600251 0.5899959 0.8612934 0.590016 0.861168 0.5976012 0.8600198 0.5975717 0.861168 0.5976012 0.860954 0.6050079 0.8598416 0.6049681 0.860954 0.6050079 0.8607636 0.6122149 0.8596943 0.6121749 0.8607636 0.6122149 0.8605124 0.6189557 0.8593304 0.6257438 0.8596078 0.6189324 0.8605124 0.6189557 0.8593304 0.6257438 0.8604945 0.6257509 0.8605071 0.632496 0.8595422 0.6324609 0.8605071 0.632496 0.8599906 0.6395164 0.8600251 0.5899959 0.8604226 0.5828154 0.8613508 0.5828405 0.8603017 0.5692085 0.8614815 0.5688024 0.8615908 0.5761086 0.7833763 0.3375091 0.7833763 0.3305072 0.787492 0.3248426 0.787492 0.3248426 0.7941512 0.3226789 0.8008102 0.3248426 0.8008102 0.3248426 0.8049258 0.3305073 0.7941512 0.3453375 0.8049258 0.3305073 0.8049258 0.3375091 0.7941512 0.3453375 0.8049258 0.3375091 0.8008102 0.3431738 0.7941512 0.3453375 0.7941512 0.3453375 0.7874919 0.3431736 0.7833763 0.3375091 0.7833763 0.3375091 0.787492 0.3248426 0.7941512 0.3453375 0.8612934 0.590016 0.8650549 0.5899392 0.8650549 0.5975146 0.8605124 0.6189557 0.8607636 0.6122149 0.8643957 0.6124804 0.8605071 0.632496 0.8636988 0.6325344 0.8637251 0.6391613 0.8613508 0.5828405 0.8649213 0.5827714 0.8650549 0.5899392 0.8607636 0.6122149 0.860954 0.6050079 0.8650398 0.6051377 0.8605071 0.632496 0.8604945 0.6257509 0.8638881 0.6259013 0.8613508 0.5828405 0.8615908 0.5761086 0.8648778 0.576049 0.861168 0.5976012 0.8650549 0.5975146 0.8650398 0.6051377 0.8604945 0.6257509 0.8605124 0.6189557 0.8639858 0.6191713 0.8001207 0.9557693 0.8001207 0.947105 0.7943598 0.947105 0.8001205 0.9384409 0.7943597 0.9384408 0.7943598 0.947105 0.8001205 0.9297766 0.7943597 0.9297764 0.7943597 0.9384408 0.8001205 0.9297766 0.8001207 0.9211124 0.7943598 0.9211124 0.7868564 0.9081158 0.7793529 0.9124481 0.7943598 0.9211124 0.7793529 0.9124481 0.7793529 0.9211123 0.7943598 0.9211124 0.7793529 0.9211123 0.7868564 0.9254444 0.7943598 0.9211124 0.8001207 0.9124482 0.7943599 0.9124482 0.7943598 0.9211124 0.8001207 0.9557693 0.7943599 0.9557693 0.7943599 0.9644336 0.8903388 0.460588 0.9161402 0.460588 0.9161402 0.4753995 0.8903388 0.5050225 0.9161402 0.5050225 0.9161402 0.519834 0.8903388 0.519834 0.9161402 0.519834 0.9161402 0.5346455 0.8903388 0.5346455 0.9161402 0.5346455 0.9161402 0.549457 0.9161402 0.549457 0.9161402 0.5642685 0.8903388 0.5642685 0.9161402 0.5642685 0.9161402 0.5790801 0.8903388 0.5790801 0.9161402 0.5790801 0.9161402 0.5938915 0.8903388 0.5938915 0.9161402 0.3569073 0.9161402 0.3717189 0.8903388 0.3717188 0.9161402 0.3717189 0.9161402 0.3865304 0.8903388 0.3865304 0.9161402 0.3865304 0.9161402 0.4013419 0.8903388 0.4013419 0.9161402 0.4013419 0.9161402 0.4161534 0.890339 0.4161534 0.9161402 0.4161534 0.9161402 0.430965 0.890339 0.430965 0.890339 0.430965 0.9161402 0.430965 0.9161402 0.4457765 0.890339 0.4457765 0.9161402 0.4457765 0.9161402 0.460588 0.8903388 0.490211 0.9161402 0.490211 0.9161402 0.5050225 0.846621 0.7129448 0.8567631 0.7172106 0.8644655 0.7249897 0.8644655 0.7249897 0.868598 0.7350887 0.8685707 0.7460204 0.8685707 0.7460204 0.864395 0.7561362 0.8566591 0.7638952 0.8566591 0.7638952 0.8465779 0.7681879 0.8356187 0.7683094 0.8356187 0.7683094 0.825347 0.7642175 0.8171676 0.756219 0.8171676 0.756219 0.8130369 0.7454671 0.8132741 0.7344664 0.8132741 0.7344664 0.8176305 0.7244465 0.8254806 0.7168551 0.8254806 0.7168551 0.8356437 0.7128034 0.846621 0.7129448 0.846621 0.7129448 0.8644655 0.7249897 0.8685707 0.7460204 0.8685707 0.7460204 0.8566591 0.7638952 0.8356187 0.7683094 0.8356187 0.7683094 0.8171676 0.756219 0.8132741 0.7344664 0.8132741 0.7344664 0.8254806 0.7168551 0.846621 0.7129448 0.846621 0.7129448 0.8685707 0.7460204 0.8356187 0.7683094 0.8903388 0.4753994 0.9161402 0.4753995 0.9161402 0.490211 0.7449997 0.5927964 0.7467381 0.5934576 0.7440358 0.6073807 0.7440358 0.6073807 0.7467381 0.5934576 0.7486752 0.5941841 0.7486752 0.5941841 0.750886 0.5950077 0.7484831 0.6074847 0.7484831 0.6074847 0.750886 0.5950077 0.7533625 0.595934 0.7533625 0.595934 0.7560145 0.5969274 0.7539824 0.6076091 0.863663 0.7070125 0.874648 0.7182638 0.8730235 0.7193323 0.8730235 0.7193323 0.8712053 0.7205316 0.8613034 0.7105032 0.8712053 0.7205316 0.8691524 0.721894 0.8599197 0.7125528 0.8599197 0.7125528 0.8691524 0.721894 0.8668729 0.7233985 0.8583846 0.7148172 0.8668729 0.7233985 0.8644655 0.7249897 0.7449997 0.5927964 0.7524091 0.5801045 0.7538121 0.5812641 0.7538121 0.5812641 0.7554025 0.5825678 0.7486752 0.5941841 0.7486752 0.5941841 0.7554025 0.5825678 0.75721 0.5840592 0.75721 0.5840592 0.7592415 0.5857365 0.7533625 0.595934 0.7592415 0.5857365 0.7614168 0.587535 0.7560145 0.5969274 0.849103 0.7008888 0.863663 0.7070125 0.8625232 0.7086893 0.8625232 0.7086893 0.8613034 0.7105032 0.8482739 0.7049848 0.8613034 0.7105032 0.8599197 0.7125528 0.84777 0.7074142 0.84777 0.7074142 0.8599197 0.7125528 0.8583846 0.7148172 0.8472135 0.7101043 0.8583846 0.7148172 0.8567631 0.7172106 0.7524091 0.5801045 0.7634537 0.5704635 0.7644273 0.5720378 0.7644273 0.5720378 0.7655057 0.5737843 0.7554025 0.5825678 0.7554025 0.5825678 0.7655057 0.5737843 0.7667354 0.5757916 0.7667354 0.5757916 0.7681083 0.5780355 0.7592415 0.5857365 0.7681083 0.5780355 0.7695762 0.5804411 0.7614168 0.587535 0.849103 0.7008888 0.8487086 0.70284 0.8337437 0.7027093 0.8487086 0.70284 0.8482739 0.7049848 0.8341566 0.7048519 0.8341566 0.7048519 0.8482739 0.7049848 0.84777 0.7074142 0.84777 0.7074142 0.8472135 0.7101043 0.8351151 0.7099627 0.8472135 0.7101043 0.846621 0.7129448 0.8356437 0.7128034 0.7770867 0.5649664 0.7774913 0.5667769 0.7644273 0.5720378 0.7774913 0.5667769 0.7779383 0.5687848 0.7655057 0.5737843 0.7779383 0.5687848 0.7784429 0.5710809 0.7667354 0.5757916 0.7667354 0.5757916 0.7784429 0.5710809 0.7790028 0.5736545 0.7681083 0.5780355 0.7790028 0.5736545 0.7795978 0.5764116 0.818806 0.7066078 0.8333678 0.7007612 0.8337437 0.7027093 0.8337437 0.7027093 0.8341566 0.7048519 0.8210845 0.7100825 0.8210845 0.7100825 0.8341566 0.7048519 0.8346104 0.7072768 0.8346104 0.7072768 0.8351151 0.7099627 0.8239158 0.7144355 0.8239158 0.7144355 0.8351151 0.7099627 0.8356437 0.7128034 0.7770867 0.5649664 0.7917956 0.5642419 0.7915864 0.566092 0.7774913 0.5667769 0.7915864 0.566092 0.7913442 0.5681376 0.7779383 0.5687848 0.7913442 0.5681376 0.791068 0.5704808 0.791068 0.5704808 0.7907521 0.5730974 0.7790028 0.5736545 0.7907521 0.5730974 0.7904096 0.5758986 0.7795978 0.5764116 0.818806 0.7066078 0.8198913 0.7082624 0.8092154 0.7186375 0.8092154 0.7186375 0.8198913 0.7082624 0.8210845 0.7100825 0.8210845 0.7100825 0.82243 0.7121461 0.8130285 0.7212576 0.8130285 0.7212576 0.82243 0.7121461 0.8239158 0.7144355 0.8239158 0.7144355 0.8254806 0.7168551 0.8176305 0.7244465 0.8060235 0.568346 0.8052175 0.5700392 0.7915864 0.566092 0.7915864 0.566092 0.8052175 0.5700392 0.8043113 0.571918 0.8043113 0.571918 0.8032758 0.57406 0.791068 0.5704808 0.791068 0.5704808 0.8032758 0.57406 0.802104 0.5764641 0.802104 0.5764641 0.8008493 0.5790276 0.7904096 0.5758986 0.8013768 0.731831 0.8075876 0.7175227 0.8092154 0.7186375 0.8032956 0.73225 0.8092154 0.7186375 0.8110055 0.7198644 0.8110055 0.7198644 0.8130285 0.7212576 0.8078067 0.7332507 0.8078067 0.7332507 0.8130285 0.7212576 0.815267 0.7228094 0.8104627 0.7338456 0.815267 0.7228094 0.8176305 0.7244465 0.8182345 0.5769457 0.8169178 0.5783165 0.8052175 0.5700392 0.8052175 0.5700392 0.8169178 0.5783165 0.8154637 0.5798219 0.8154637 0.5798219 0.8137723 0.5815353 0.8032758 0.57406 0.8032758 0.57406 0.8137723 0.5815353 0.811856 0.5834532 0.802104 0.5764641 0.811856 0.5834532 0.8097851 0.5854988 0.8013768 0.731831 0.8032956 0.73225 0.8028669 0.7470548 0.8028669 0.7470548 0.8032956 0.73225 0.8054099 0.7327222 0.8054099 0.7327222 0.8078067 0.7332507 0.8074406 0.7463837 0.8074406 0.7463837 0.8078067 0.7332507 0.8104627 0.7338456 0.8104627 0.7338456 0.8132741 0.7344664 0.8130369 0.7454671 0.8182345 0.5769457 0.8274623 0.5890623 0.825858 0.5901588 0.825858 0.5901588 0.8239594 0.5912384 0.8154637 0.5798219 0.8154637 0.5798219 0.8239594 0.5912384 0.8216809 0.5923944 0.8216809 0.5923944 0.8190882 0.5936046 0.811856 0.5834532 0.811856 0.5834532 0.8190882 0.5936046 0.8163058 0.5948575 0.800944 0.7473369 0.8028669 0.7470548 0.8075627 0.761526 0.8075627 0.761526 0.8028669 0.7470548 0.804998 0.7467563 0.804998 0.7467563 0.8074406 0.7463837 0.8119093 0.7593331 0.8119093 0.7593331 0.8074406 0.7463837 0.8101553 0.7459521 0.8101553 0.7459521 0.8130369 0.7454671 0.8171676 0.756219 0.8178696 0.6406918 0.8166036 0.6393054 0.8259371 0.627821 0.8166036 0.6393054 0.8152011 0.6377537 0.8240883 0.6266721 0.8152011 0.6377537 0.8135615 0.6359774 0.8218628 0.6254295 0.8218628 0.6254295 0.8135615 0.6359774 0.8117076 0.6339874 0.8117076 0.6339874 0.8097057 0.6318766 0.8165891 0.6227465 0.8069904 0.7643158 0.808391 0.7628714 0.8198907 0.7730014 0.8198907 0.7730014 0.808391 0.7628714 0.8100953 0.7613854 0.8210105 0.7711457 0.8100953 0.7613854 0.812172 0.7597461 0.812172 0.7597461 0.8145702 0.7580026 0.8237793 0.7666918 0.8237793 0.7666918 0.8145702 0.7580026 0.8171676 0.756219 0.8054161 0.6489581 0.8046371 0.6472404 0.8166036 0.6393054 0.8166036 0.6393054 0.8046371 0.6472404 0.8037773 0.6453247 0.8152011 0.6377537 0.8037773 0.6453247 0.8027977 0.6431462 0.8027977 0.6431462 0.8016953 0.6406959 0.8117076 0.6339874 0.8117076 0.6339874 0.8016953 0.6406959 0.8005038 0.6380751 0.8188697 0.7746983 0.8198907 0.7730014 0.8337816 0.7784094 0.8337816 0.7784094 0.8198907 0.7730014 0.8210105 0.7711457 0.8341682 0.7762661 0.8210105 0.7711457 0.8223202 0.7690343 0.8223202 0.7690343 0.8237793 0.7666918 0.8350974 0.7711496 0.8350974 0.7711496 0.8237793 0.7666918 0.825347 0.7642175 0.8054161 0.6489581 0.7909457 0.6527786 0.7907663 0.6508984 0.7907663 0.6508984 0.7905685 0.648813 0.8037773 0.6453247 0.8037773 0.6453247 0.7905685 0.648813 0.790355 0.6464286 0.790355 0.6464286 0.7901137 0.6437574 0.8016953 0.6406959 0.8016953 0.6406959 0.7901137 0.6437574 0.7898529 0.6408872 0.8334392 0.7803543 0.8337816 0.7784094 0.8486857 0.778209 0.8486857 0.778209 0.8337816 0.7784094 0.8341682 0.7762661 0.8482389 0.776081 0.8341682 0.7762661 0.834613 0.7738401 0.8477335 0.7736747 0.834613 0.7738401 0.8350974 0.7711496 0.8350974 0.7711496 0.8356187 0.7683094 0.8465779 0.7681879 0.7759951 0.6516527 0.7764436 0.649815 0.7907663 0.6508984 0.7907663 0.6508984 0.7764436 0.649815 0.7769421 0.647778 0.7905685 0.648813 0.7769421 0.647778 0.7775222 0.6454452 0.7775222 0.6454452 0.7781683 0.6428477 0.7901137 0.6437574 0.7781683 0.6428477 0.7788597 0.640066 0.7898529 0.6408872 0.8635406 0.7740306 0.8491003 0.7801435 0.8486857 0.778209 0.8486857 0.778209 0.8482389 0.776081 0.8611968 0.770595 0.8611968 0.770595 0.8482389 0.776081 0.8477335 0.7736747 0.8598104 0.7685545 0.8477335 0.7736747 0.84717 0.7710087 0.858277 0.7662896 0.84717 0.7710087 0.8465779 0.7681879 0.7759951 0.6516527 0.7622333 0.6456568 0.7632645 0.6440652 0.7632645 0.6440652 0.764413 0.6423112 0.7769421 0.647778 0.764413 0.6423112 0.765724 0.6403024 0.7775222 0.6454452 0.7775222 0.6454452 0.765724 0.6403024 0.7671946 0.6380546 0.7781683 0.6428477 0.7671946 0.6380546 0.7687749 0.6356425 0.8635406 0.7740306 0.8624247 0.7723945 0.8729467 0.7618096 0.8729467 0.7618096 0.8624247 0.7723945 0.8611968 0.770595 0.8611968 0.770595 0.8598104 0.7685545 0.8690717 0.7592501 0.8598104 0.7685545 0.858277 0.7662896 0.8667966 0.757735 0.858277 0.7662896 0.8566591 0.7638952 0.864395 0.7561362 0.751164 0.6354318 0.7527002 0.634261 0.7632645 0.6440652 0.7632645 0.6440652 0.7527002 0.634261 0.7543751 0.632984 0.7543751 0.632984 0.7562802 0.6315256 0.765724 0.6403024 0.765724 0.6403024 0.7562802 0.6315256 0.7584211 0.6298909 0.7584211 0.6298909 0.7607071 0.6281504 0.7687749 0.6356425 0.8805845 0.7483986 0.8746009 0.7628998 0.8729467 0.7618096 0.8729467 0.7618096 0.8711277 0.7606109 0.8765024 0.7475966 0.8711277 0.7606109 0.8690717 0.7592501 0.8740817 0.7471218 0.8690717 0.7592501 0.8667966 0.757735 0.8714026 0.7465848 0.8714026 0.7465848 0.8667966 0.757735 0.864395 0.7561362 0.751164 0.6354318 0.744264 0.6220749 0.7460634 0.621506 0.7460634 0.621506 0.7480517 0.6208575 0.7543751 0.632984 0.7480517 0.6208575 0.7503181 0.6201246 0.7562802 0.6315256 0.7562802 0.6315256 0.7503181 0.6201246 0.7528622 0.6193007 0.7528622 0.6193007 0.7555846 0.6184186 0.7607071 0.6281504 0.8805845 0.7483986 0.8786409 0.7480216 0.8786469 0.733119 0.8786409 0.7480216 0.8765024 0.7475966 0.8765115 0.7335287 0.8765024 0.7475966 0.8740817 0.7471218 0.8740979 0.7340099 0.8740979 0.7340099 0.8740817 0.7471218 0.8714026 0.7465848 0.8714026 0.7465848 0.8685707 0.7460204 0.868598 0.7350887 0.744264 0.6220749 0.742164 0.6073269 0.7440358 0.6073807 0.7460634 0.621506 0.7440358 0.6073807 0.7461061 0.6074295 0.7480517 0.6208575 0.7461061 0.6074295 0.7484831 0.6074847 0.7484831 0.6074847 0.7511386 0.6075445 0.7528622 0.6193007 0.7528622 0.6193007 0.7511386 0.6075445 0.7539824 0.6076091 0.8805845 0.7327294 0.8786469 0.733119 0.8730235 0.7193323 0.8786469 0.733119 0.8765115 0.7335287 0.8712053 0.7205316 0.8765115 0.7335287 0.8740979 0.7340099 0.8691524 0.721894 0.8691524 0.721894 0.8740979 0.7340099 0.8714246 0.7345344 0.8714246 0.7345344 0.868598 0.7350887 0.8644655 0.7249897 0.7906665 0.6558937 0.7933799 0.6604592 0.7894834 0.663733 0.7660555 0.6005882 0.7691727 0.601752 0.7680383 0.6078377 0.769679 0.5943175 0.7722223 0.5964005 0.7691727 0.601752 0.769679 0.5943175 0.7751095 0.5895294 0.7768639 0.5923586 0.7818382 0.5867699 0.782541 0.5900074 0.7768639 0.5923586 0.7818382 0.5867699 0.7890952 0.5864967 0.7886834 0.5897928 0.7960582 0.5885537 0.7945886 0.5915132 0.7886834 0.5897928 0.7960582 0.5885537 0.8019392 0.5928801 0.7995132 0.5951618 0.8019392 0.5928801 0.8059451 0.599084 0.8028208 0.600319 0.8063063 0.6179793 0.8020932 0.6240824 0.7997195 0.6217234 0.7960417 0.6282845 0.7946398 0.6252325 0.7997195 0.6217234 0.7960417 0.6282845 0.7889125 0.630106 0.7886113 0.6267621 0.7889125 0.630106 0.7815465 0.6295551 0.7823569 0.6262564 0.7747449 0.6266249 0.7765775 0.6237999 0.7823569 0.6262564 0.7747449 0.6266249 0.7692781 0.621601 0.77198 0.6195279 0.7692781 0.621601 0.7658514 0.615038 0.7690402 0.6139862 0.7646805 0.6077815 0.7680383 0.6078377 0.7690402 0.6139862 0.805158 0.6653235 0.8074225 0.6677712 0.8085798 0.670892 0.8085798 0.670892 0.8084728 0.6742799 0.8070677 0.677393 0.8070677 0.677393 0.8046209 0.679863 0.8013981 0.6812176 0.8013981 0.6812176 0.7977772 0.6812854 0.7943112 0.6799306 0.7943112 0.6799306 0.79185 0.676883 0.7908332 0.6732484 0.7908332 0.6732484 0.7913147 0.6697543 0.7943112 0.6799306 0.7913147 0.6697543 0.7930439 0.6667784 0.7943112 0.6799306 0.7930439 0.6667784 0.7956312 0.6645987 0.7988388 0.6635757 0.7988388 0.6635757 0.8021701 0.6638216 0.7930439 0.6667784 0.8021701 0.6638216 0.805158 0.6653235 0.7930439 0.6667784 0.805158 0.6653235 0.8085798 0.670892 0.8070677 0.677393 0.8070677 0.677393 0.8013981 0.6812176 0.7943112 0.6799306 0.805158 0.6653235 0.8070677 0.677393 0.7930439 0.6667784 0.8107551 0.6883612 0.8040431 0.6914862 0.8024845 0.6860139 0.7973969 0.6536077 0.7982317 0.6589335 0.7933799 0.6604592 0.7966173 0.6921144 0.7970569 0.6863545 0.8024845 0.6860139 0.7973969 0.6536077 0.804542 0.6540195 0.8033278 0.6592999 0.7892644 0.6901435 0.7916496 0.6845394 0.7970569 0.6863545 0.815911 0.6623308 0.8185794 0.6690084 0.8132299 0.6701577 0.8110266 0.6570854 0.8079295 0.6615481 0.8033278 0.6592999 0.7825309 0.6861124 0.7863413 0.6804348 0.7916496 0.6845394 0.8110266 0.6570854 0.815911 0.6623308 0.8113639 0.665355 0.7808001 0.6728048 0.7858481 0.673159 0.7863708 0.6790932 0.8185794 0.6762669 0.8131629 0.6753197 0.8132299 0.6701577 0.782036 0.6663531 0.7868479 0.6680604 0.7858481 0.673159 0.8185794 0.6762669 0.8157944 0.6830312 0.8110476 0.6800978 0.7853828 0.6604356 0.7894834 0.663733 0.7868479 0.6680604 0.8157944 0.6830312 0.8107551 0.6883612 0.8073926 0.683903 0.8113639 0.665355 0.8132299 0.6701577 0.8085798 0.670892 0.8132299 0.6701577 0.8131629 0.6753197 0.8084728 0.6742799 0.8110476 0.6800978 0.8070677 0.677393 0.8084728 0.6742799 0.8110476 0.6800978 0.8073926 0.683903 0.8046209 0.679863 0.8024845 0.6860139 0.8013981 0.6812176 0.8046209 0.679863 0.8024845 0.6860139 0.7970569 0.6863545 0.7977772 0.6812854 0.7916496 0.6845394 0.7943112 0.6799306 0.7977772 0.6812854 0.7863413 0.6804348 0.79185 0.676883 0.7943112 0.6799306 0.7863708 0.6790932 0.7858481 0.673159 0.7908332 0.6732484 0.7858481 0.673159 0.7868479 0.6680604 0.7913147 0.6697543 0.7894834 0.663733 0.7930439 0.6667784 0.7913147 0.6697543 0.7894834 0.663733 0.7933799 0.6604592 0.7956312 0.6645987 0.7982317 0.6589335 0.7988388 0.6635757 0.7956312 0.6645987 0.7982317 0.6589335 0.8033278 0.6592999 0.8021701 0.6638216 0.8079295 0.6615481 0.805158 0.6653235 0.8021701 0.6638216 0.8113639 0.665355 0.8074225 0.6677712 0.805158 0.6653235 0.7539824 0.6076091 0.7646805 0.6077815 0.7658514 0.615038 0.7607071 0.6281504 0.7555846 0.6184186 0.7658514 0.615038 0.7687749 0.6356425 0.7607071 0.6281504 0.7692781 0.621601 0.7687749 0.6356425 0.7747449 0.6266249 0.7815465 0.6295551 0.7788597 0.640066 0.7815465 0.6295551 0.7889125 0.630106 0.8005038 0.6380751 0.7898529 0.6408872 0.7889125 0.630106 0.8005038 0.6380751 0.7960417 0.6282845 0.8020932 0.6240824 0.8165891 0.6227465 0.8097057 0.6318766 0.8020932 0.6240824 0.8163058 0.5948575 0.8059451 0.599084 0.8019392 0.5928801 0.8097851 0.5854988 0.8019392 0.5928801 0.7960582 0.5885537 0.8008493 0.5790276 0.7960582 0.5885537 0.7890952 0.5864967 0.7795978 0.5764116 0.7904096 0.5758986 0.7890952 0.5864967 0.7795978 0.5764116 0.7818382 0.5867699 0.7751095 0.5895294 0.7614168 0.587535 0.7695762 0.5804411 0.7751095 0.5895294 0.7560145 0.5969274 0.7614168 0.587535 0.769679 0.5943175 0.7539824 0.6076091 0.7560145 0.5969274 0.7660555 0.6005882 0.8810442 0.2884134 0.8885408 0.2884134 0.8885409 0.2992143 0.8810442 0.2992143 0.8885409 0.2992143 0.8885409 0.3100153 0.8885409 0.3100153 0.8885409 0.3208163 0.8810442 0.3208163 0.8885409 0.2560102 0.8885409 0.2668112 0.8810442 0.2668112 0.8885409 0.2668112 0.8885409 0.2776123 0.8810442 0.2776122 0.8810442 0.2776122 0.8885409 0.2776123 0.8885408 0.2884134 0.8716903 0.2722117 0.8623363 0.2668112 0.8810441 0.2560102 0.8623363 0.2668112 0.8623363 0.2560102 0.8810441 0.2560102 0.8623363 0.2560102 0.8716902 0.2506096 0.8810441 0.2560102 0.8729165 0.6689994 0.8729165 0.675156 0.8686433 0.6751561 0.8686433 0.6751561 0.8729165 0.675156 0.8729165 0.6813127 0.8686433 0.6813127 0.8729165 0.6813127 0.8729165 0.6874694 0.8729165 0.6874694 0.8729165 0.6936262 0.8686434 0.6936262 0.8729165 0.6566861 0.8729165 0.6628428 0.8686433 0.6628427 0.8729165 0.6628428 0.8729165 0.6689994 0.8686433 0.6689994 0.8686433 0.6628427 0.8633114 0.6659211 0.8579796 0.6628426 0.8579796 0.6628426 0.8579797 0.656686 0.8633116 0.6536077 0.8633116 0.6536077 0.8686434 0.6566861 0.8686433 0.6628427 0.8808152 0.5888686 0.8808152 0.5950253 0.8765419 0.5950253 0.8765419 0.5950253 0.8808152 0.5950253 0.8808152 0.6011819 0.8808152 0.5642419 0.8808152 0.5703986 0.8765419 0.5703986 0.8765419 0.5703986 0.8808152 0.5703986 0.8808152 0.5765552 0.8808152 0.5765552 0.8808152 0.5827119 0.876542 0.5827119 0.8808152 0.5827119 0.8808152 0.5888686 0.8765419 0.5888686 0.8658783 0.5950253 0.8712101 0.591947 0.8765419 0.5950253 0.8765419 0.5950253 0.876542 0.6011819 0.8658783 0.5950253 0.876542 0.6011819 0.8712102 0.6042603 0.8658783 0.5950253 0.7825531 0.3333424 0.7825531 0.3376157 0.7763964 0.3376157 0.7763963 0.3333425 0.7763964 0.3376157 0.7702397 0.3376157 0.7702397 0.3376157 0.7640832 0.3376158 0.7640832 0.3333426 0.7640832 0.3333426 0.7640832 0.3376158 0.7579264 0.3376157 0.7579264 0.3376157 0.7517697 0.3376157 0.7517697 0.3333425 0.7517697 0.3376157 0.745613 0.3376158 0.745613 0.3333426 0.7517697 0.3333425 0.745613 0.3333426 0.7425346 0.3280107 0.7425346 0.3280107 0.745613 0.3226789 0.7517696 0.3226789 0.7517696 0.3226789 0.7548481 0.3280107 0.7517697 0.3333425 0.8765419 0.608162 0.8808151 0.6081619 0.8808152 0.6143185 0.8765419 0.6143186 0.8808152 0.6143185 0.8808152 0.6204753 0.8808152 0.6204753 0.8808152 0.6266319 0.8765419 0.6266319 0.8765419 0.6266319 0.8808152 0.6266319 0.8808152 0.6327887 0.8808152 0.6327887 0.8808152 0.6389454 0.8765419 0.6389454 0.8808152 0.6389454 0.8808151 0.6451021 0.8765419 0.6451021 0.87121 0.6050836 0.8765419 0.608162 0.8765419 0.6143186 0.8765419 0.6143186 0.8712101 0.6173969 0.8658784 0.6143187 0.8658784 0.6143187 0.8658783 0.608162 0.8765419 0.6143186 0.6814657 0.04509538 0.7083521 0.03776729 0.7074586 0.09691798 0.7308841 0.03822791 0.7299926 0.09725838 0.7112222 0.09697484 0.653304 0.2877484 0.6619604 0.2389175 0.6953702 0.2388054 0.7071107 0.298745 0.7072818 0.3015892 0.680191 0.2962354 0.7295784 0.2982883 0.7278186 0.2389356 0.729939 0.2396959 0.7071107 0.298745 0.7045443 0.2388592 0.7082769 0.2388463 0.7070295 0.125322 0.706977 0.1288002 0.6894149 0.122115 0.7295492 0.1266168 0.7295111 0.1291404 0.7107405 0.1288569 0.6889373 0.2132202 0.6602693 0.2184102 0.6597818 0.2150238 0.6889373 0.2132202 0.7059079 0.2092177 0.7045443 0.2388592 0.7095356 0.2093355 0.7059079 0.2092177 0.706123 0.2061759 0.7283043 0.2093464 0.7095356 0.2093355 0.7096638 0.2063596 0.7107304 0.2986342 0.7082769 0.2388463 0.7278186 0.2389356 0.7108451 0.3014459 0.7107304 0.2986342 0.7295784 0.2982883 0.7401347 0.3012369 0.7406907 0.3202 0.7323299 0.3204452 0.7278186 0.2389356 0.7082769 0.2388463 0.7095356 0.2093355 0.7391277 0.1837149 0.7390725 0.1873288 0.7307311 0.1872026 0.7107906 0.1255382 0.7107405 0.1288569 0.706977 0.1288002 0.7121154 0.0378443 0.7112222 0.09697484 0.7074586 0.09691798 0.7121505 0.03552097 0.7121154 0.0378443 0.7083521 0.03776729 0.7399378 0.1300762 0.7396543 0.1488469 0.7313123 0.1487209 0.7112222 0.09697484 0.7107906 0.1255382 0.7070295 0.125322 0.7417112 0.01264977 0.7416543 0.01641333 0.7333124 0.01628732 0.7092478 0.4695574 0.7091867 0.4729571 0.7063313 0.4729058 0.7108088 0.3828402 0.7304573 0.382631 0.7293983 0.4414851 0.6533557 0.6321758 0.6606108 0.5846222 0.6942303 0.5828111 0.6812777 0.389792 0.707952 0.3828706 0.7069042 0.4410802 0.7065375 0.642821 0.7067313 0.6455923 0.6798282 0.6405673 0.7289248 0.6421615 0.7268303 0.5829285 0.7289497 0.5836837 0.7065375 0.642821 0.70348 0.5828608 0.7076917 0.5828415 0.7091022 0.5538316 0.7050233 0.553784 0.705304 0.5501003 0.7063947 0.4693787 0.7063313 0.4729058 0.6888189 0.4661815 0.7288708 0.4707869 0.7288254 0.4733106 0.7091867 0.4729571 0.6577307 0.5617169 0.6573445 0.5589253 0.6875886 0.5547425 0.6882873 0.5583316 0.7050233 0.553784 0.70348 0.5828608 0.707952 0.3828706 0.7108088 0.3828402 0.7097595 0.4411317 0.7080084 0.3797358 0.7108638 0.3797872 0.7108088 0.3828402 0.7309041 0.474125 0.7392313 0.474275 0.7388778 0.4939137 0.7097595 0.4411317 0.7092478 0.4695574 0.7063947 0.4693787 0.7413406 0.3570572 0.7412893 0.3599125 0.7329621 0.3597627 0.7273913 0.553427 0.7091022 0.5538316 0.7092717 0.5503345 0.7105867 0.6426568 0.7076917 0.5828415 0.7268303 0.5829285 0.7107168 0.6454052 0.7105867 0.6426568 0.7289248 0.6421615 0.7394692 0.6450387 0.7401137 0.6635029 0.7317765 0.663794 0.7268303 0.5829285 0.7076917 0.5828415 0.7091022 0.5538316 0.7382677 0.5278184 0.7381936 0.5318707 0.7298675 0.5317207 0.5580238 0.3009217 0.5453862 0.2998624 0.5459337 0.3167177 0.5459337 0.3167177 0.5466865 0.3398914 0.5593242 0.3409507</float_array>
          <technique_common>
            <accessor source="#Cylinder_001-mesh-map-0-array" count="14052" stride="2">
              <param name="S" type="float"/>
              <param name="T" type="float"/>
            </accessor>
          </technique_common>
        </source>
        <vertices id="Cylinder_001-mesh-vertices">
          <input semantic="POSITION" source="#Cylinder_001-mesh-positions"/>
        </vertices>
        <triangles count="4684">
          <input semantic="VERTEX" source="#Cylinder_001-mesh-vertices" offset="0"/>
          <input semantic="NORMAL" source="#Cylinder_001-mesh-normals" offset="1"/>
          <input semantic="TEXCOORD" source="#Cylinder_001-mesh-map-0" offset="2" set="0"/>
          <p>181 0 0 7 1 1 1 2 2 31 3 3 37 4 4 25 5 5 37 4 6 55 6 7 49 7 8 55 6 9 61 8 10 49 7 11 67 9 12 73 10 13 61 8 14 73 10 15 91 11 16 85 12 17 85 12 18 103 13 19 97 14 20 103 13 21 109 15 22 97 14 23 109 15 24 127 16 25 121 17 26 121 17 27 139 18 28 133 19 29 139 18 30 145 20 31 133 19 32 145 20 33 163 21 34 157 22 35 163 21 36 169 23 37 157 22 38 175 24 39 181 0 40 169 23 41 13 25 42 31 3 43 25 5 44 78 26 45 54 27 46 30 28 47 1 2 48 19 29 49 13 25 50 13 25 51 5 30 52 1 2 53 5 30 54 16 31 55 4 32 56 16 31 57 3 33 58 4 32 59 3 33 60 14 34 61 2 35 62 14 34 63 0 36 64 2 35 65 19 29 66 11 37 67 23 38 68 11 37 69 22 39 70 23 38 71 22 39 72 9 40 73 21 41 74 21 41 75 8 42 76 20 43 77 20 43 78 6 44 79 18 45 80 13 25 81 29 46 82 17 47 83 29 46 84 16 31 85 17 47 86 16 31 87 27 48 88 15 49 89 27 48 90 14 34 91 15 49 92 14 34 93 24 50 94 12 51 95 31 3 96 23 38 97 35 52 98 23 38 99 34 53 100 35 52 101 22 39 102 33 54 103 34 53 104 33 54 105 20 43 106 32 55 107 20 43 108 30 28 109 32 55 110 25 5 111 41 56 112 29 46 113 41 56 114 28 57 115 29 46 116 40 58 117 27 48 118 28 57 119 27 48 120 38 59 121 26 60 122 38 59 123 24 50 124 26 60 125 31 3 126 47 61 127 43 62 128 47 61 129 34 53 130 46 63 131 34 53 132 45 64 133 46 63 134 45 64 135 32 55 136 44 65 137 44 65 138 30 28 139 42 66 140 37 4 141 53 67 142 41 56 143 41 56 144 52 68 145 40 58 146 52 68 147 39 69 148 40 58 149 39 69 150 50 70 151 38 59 152 38 59 153 48 71 154 36 72 155 43 62 156 59 73 157 55 6 158 47 61 159 58 74 160 59 73 161 58 74 162 45 64 163 57 75 164 57 75 165 44 65 166 56 76 167 44 65 168 54 27 169 56 76 170 61 8 171 53 67 172 49 7 173 65 77 174 52 68 175 53 67 176 52 68 177 63 78 178 51 79 179 63 78 180 50 70 181 51 79 182 62 80 183 48 71 184 50 70 185 67 9 186 59 73 187 71 81 188 71 81 189 58 74 190 70 82 191 70 82 192 57 75 193 69 83 194 57 75 195 68 84 196 69 83 197 68 84 198 54 27 199 66 85 200 73 10 201 65 77 202 61 8 203 65 77 204 76 86 205 64 87 206 76 86 207 63 78 208 64 87 209 75 88 210 62 80 211 63 78 212 74 89 213 60 90 214 62 80 215 79 91 216 71 81 217 83 92 218 71 81 219 82 93 220 83 92 221 82 93 222 69 83 223 81 94 224 69 83 225 80 95 226 81 94 227 68 84 228 78 26 229 80 95 230 85 12 231 77 96 232 73 10 233 77 96 234 88 97 235 76 86 236 88 97 237 75 88 238 76 86 239 75 88 240 86 98 241 74 89 242 86 98 243 72 99 244 74 89 245 79 91 246 95 100 247 91 11 248 95 100 249 82 93 250 94 101 251 94 101 252 81 94 253 93 102 254 81 94 255 92 103 256 93 102 257 92 103 258 78 26 259 90 104 260 85 12 261 101 105 262 89 106 263 89 106 264 100 107 265 88 97 266 88 97 267 99 108 268 87 109 269 99 108 270 86 98 271 87 109 272 98 110 273 84 111 274 86 98 275 91 11 276 107 112 277 103 13 278 107 112 279 94 101 280 106 113 281 94 101 282 105 114 283 106 113 284 93 102 285 104 115 286 105 114 287 92 103 288 102 116 289 104 115 290 109 15 291 101 105 292 97 14 293 101 105 294 112 117 295 100 107 296 112 117 297 99 108 298 100 107 299 99 108 300 110 118 301 98 110 302 110 118 303 96 119 304 98 110 305 115 120 306 107 112 307 119 121 308 119 121 309 106 113 310 118 122 311 118 122 312 105 114 313 117 123 314 105 114 315 116 124 316 117 123 317 116 124 318 102 116 319 114 125 320 121 17 321 113 126 322 109 15 323 113 126 324 124 127 325 112 117 326 124 127 327 111 128 328 112 117 329 111 128 330 122 129 331 110 118 332 122 129 333 108 130 334 110 118 335 127 16 336 119 121 337 131 131 338 119 121 339 130 132 340 131 131 341 130 132 342 117 123 343 129 133 344 117 123 345 128 134 346 129 133 347 116 124 348 126 135 349 128 134 350 133 19 351 125 136 352 121 17 353 125 136 354 136 137 355 124 127 356 136 137 357 123 138 358 124 127 359 123 138 360 134 139 361 122 129 362 122 129 363 132 140 364 120 141 365 139 18 366 131 131 367 143 142 368 131 131 369 142 143 370 143 142 371 142 143 372 129 133 373 141 144 374 129 133 375 140 145 376 141 144 377 128 134 378 138 146 379 140 145 380 145 20 381 137 147 382 133 19 383 149 148 384 136 137 385 137 147 386 148 149 387 135 150 388 136 137 389 147 151 390 134 139 391 135 150 392 134 139 393 144 152 394 132 140 395 151 153 396 143 142 397 155 154 398 155 154 399 142 143 400 154 155 401 142 143 402 153 156 403 154 155 404 141 144 405 152 157 406 153 156 407 152 157 408 138 146 409 150 158 410 157 22 411 149 148 412 145 20 413 149 148 414 160 159 415 148 149 416 148 149 417 159 160 418 147 151 419 147 151 420 158 161 421 146 162 422 158 161 423 144 152 424 146 162 425 163 21 426 155 154 427 167 163 428 155 154 429 166 164 430 167 163 431 154 155 432 165 165 433 166 164 434 153 156 435 164 166 436 165 165 437 164 166 438 150 158 439 162 167 440 157 22 441 173 168 442 161 169 443 161 169 444 172 170 445 160 159 446 172 170 447 159 160 448 160 159 449 159 160 450 170 171 451 158 161 452 170 171 453 156 172 454 158 161 455 163 21 456 179 173 457 175 24 458 167 163 459 178 174 460 179 173 461 178 174 462 165 165 463 177 175 464 165 165 465 176 176 466 177 175 467 176 176 468 162 167 469 174 177 470 181 0 471 173 168 472 169 23 473 173 168 474 184 178 475 172 170 476 184 178 477 171 179 478 172 170 479 171 179 480 182 180 481 170 171 482 170 171 483 180 181 484 168 182 485 187 183 486 179 173 487 191 184 488 179 173 489 190 185 490 191 184 491 190 185 492 177 175 493 189 186 494 177 175 495 188 187 496 189 186 497 176 176 498 186 188 499 188 187 500 1 2 501 185 189 502 181 0 503 185 189 504 4 32 505 184 178 506 184 178 507 3 33 508 183 190 509 3 33 510 182 180 511 183 190 512 182 180 513 0 36 514 180 181 515 7 1 516 191 184 517 11 37 518 191 184 519 10 191 520 11 37 521 10 191 522 189 186 523 9 40 524 9 40 525 188 187 526 8 42 527 188 187 528 6 44 529 8 42 530 204 192 531 220 193 532 203 194 533 241 195 534 192 196 535 240 197 536 242 198 537 193 199 538 241 195 539 242 198 540 195 200 541 194 201 542 243 202 543 196 203 544 195 200 545 245 204 546 196 203 547 244 205 548 246 206 549 197 207 550 245 204 551 246 206 552 199 208 553 198 209 554 247 210 555 200 211 556 199 208 557 249 212 558 200 211 559 248 213 560 250 214 561 201 215 562 249 212 563 251 216 564 202 217 565 250 214 566 252 218 567 203 194 568 251 216 569 252 218 570 205 219 571 204 192 572 253 220 573 206 221 574 205 219 575 254 222 576 207 223 577 206 221 578 255 224 579 192 196 580 207 223 581 239 225 582 227 226 583 231 227 584 197 207 585 213 228 586 196 203 587 205 219 588 221 229 589 204 192 590 198 209 591 214 230 592 197 207 593 206 221 594 222 231 595 205 219 596 198 209 597 216 232 598 215 233 599 192 196 600 208 234 601 209 235 602 207 223 603 223 236 604 206 221 605 199 208 606 217 237 607 216 232 608 192 196 609 210 238 610 207 223 611 201 215 612 217 237 613 200 211 614 193 199 615 211 239 616 208 234 617 201 215 618 219 240 619 218 241 620 195 200 621 211 239 622 194 201 623 202 217 624 220 193 625 219 240 626 195 200 627 213 228 628 212 242 629 208 234 630 224 243 631 209 235 632 211 239 633 225 244 634 208 234 635 211 239 636 227 226 637 226 245 638 213 228 639 227 226 640 212 242 641 213 228 642 229 246 643 228 247 644 215 233 645 229 246 646 214 230 647 216 232 648 230 248 649 215 233 650 217 237 651 231 227 652 216 232 653 217 237 654 233 249 655 232 250 656 218 241 657 234 251 658 233 249 659 219 240 660 235 252 661 234 251 662 221 229 663 235 252 664 220 193 665 222 231 666 236 253 667 221 229 668 222 231 669 238 254 670 237 255 671 223 236 672 239 225 673 238 254 674 209 235 675 239 225 676 210 238 677 0 36 678 255 224 679 180 181 680 180 181 681 254 222 682 168 182 683 168 182 684 253 220 685 156 172 686 156 172 687 252 218 688 144 152 689 132 140 690 252 218 691 251 216 692 120 141 693 251 216 694 250 214 695 120 141 696 249 212 697 108 130 698 96 119 699 249 212 700 248 213 701 96 119 702 247 210 703 84 111 704 72 99 705 247 210 706 246 206 707 72 99 708 245 204 709 60 90 710 48 71 711 245 204 712 244 205 713 48 71 714 243 202 715 36 72 716 24 50 717 243 202 718 242 198 719 24 50 720 241 195 721 12 51 722 0 36 723 241 195 724 240 197 725 256 256 726 259 257 727 258 258 728 258 258 729 261 259 730 260 260 731 261 259 732 262 261 733 260 260 734 262 261 735 265 262 736 264 263 737 265 262 738 266 264 739 264 263 740 267 265 741 256 256 742 266 264 743 262 261 744 264 263 745 266 264 746 298 266 747 268 267 748 297 268 749 2472 269 750 276 270 751 2469 271 752 2463 272 753 272 273 754 2462 274 755 299 275 756 280 276 757 296 277 758 271 278 759 269 279 760 268 267 761 273 280 762 275 281 763 274 282 764 282 283 765 280 276 766 283 284 767 277 285 768 279 286 769 278 287 770 300 288 771 277 285 772 297 268 773 280 276 774 301 289 775 296 277 776 301 289 777 2468 290 778 2466 291 779 2473 292 780 2461 293 781 2475 294 782 303 295 783 2456 296 784 305 297 785 2471 298 786 284 299 787 2470 300 788 288 301 789 285 302 790 284 299 791 2464 269 792 286 303 793 2465 304 794 291 305 795 287 306 796 286 303 797 305 297 798 2459 307 799 304 308 800 286 303 801 295 309 802 294 310 803 285 302 804 292 311 805 284 299 806 302 312 807 2453 313 808 304 308 809 2461 293 810 295 309 811 287 306 812 293 314 813 2453 313 814 292 311 815 2455 315 816 293 314 817 285 302 818 284 299 819 2474 316 820 2470 300 821 2462 274 822 2452 317 823 2467 318 824 296 277 825 2452 317 826 273 280 827 269 279 828 2454 319 829 268 267 830 274 282 831 296 277 832 273 280 833 278 287 834 297 268 835 277 285 836 358 320 837 405 321 838 359 322 839 361 323 840 411 324 841 412 325 842 359 322 843 406 326 844 362 327 845 361 323 846 413 328 847 363 329 848 363 329 849 414 330 850 365 331 851 366 332 852 459 333 853 408 334 854 367 335 855 414 330 856 400 336 857 368 337 858 408 334 859 402 338 860 368 337 861 401 339 862 369 340 863 371 341 864 400 336 865 403 342 866 370 343 867 410 344 868 372 345 869 371 341 870 404 346 871 358 320 872 372 345 873 411 324 874 360 347 875 344 348 876 312 349 877 313 350 878 343 351 879 313 350 880 314 352 881 319 353 882 320 354 883 318 355 884 320 354 885 323 356 886 322 357 887 323 356 888 324 358 889 322 357 890 324 358 891 309 359 892 325 360 893 309 359 894 326 361 895 325 360 896 326 361 897 329 362 898 328 363 899 328 363 900 331 364 901 330 365 902 331 364 903 332 366 904 330 365 905 377 367 906 385 368 907 373 369 908 335 370 909 338 371 910 337 372 911 338 371 912 318 355 913 337 372 914 376 373 915 310 374 916 323 356 917 376 373 918 321 375 919 375 376 920 374 377 921 321 375 922 319 353 923 441 378 924 374 377 925 378 379 926 378 379 927 336 380 928 377 367 929 333 381 930 334 382 931 332 366 932 381 383 933 358 320 934 382 384 935 362 327 936 436 385 937 373 369 938 339 386 939 355 387 940 311 388 941 339 386 942 308 389 943 340 390 944 352 391 945 339 386 946 341 392 947 341 392 948 340 390 949 342 393 950 356 394 951 341 392 952 343 351 953 343 351 954 342 393 955 344 348 956 357 395 957 356 394 958 343 351 959 315 396 960 354 397 961 314 352 962 349 398 963 309 359 964 310 374 965 345 399 966 331 364 967 348 400 968 346 401 969 329 362 970 327 402 971 334 382 972 336 380 973 335 370 974 347 403 975 327 402 976 309 359 977 348 400 978 329 362 979 350 404 980 349 398 981 364 405 982 379 406 983 383 407 984 362 327 985 384 408 986 351 409 987 384 408 988 345 399 989 384 408 990 373 369 991 385 368 992 351 409 993 348 400 994 354 397 995 355 387 996 379 406 997 380 410 998 352 391 999 350 404 1000 346 401 1001 354 397 1002 348 400 1003 350 404 1004 353 411 1005 346 401 1006 347 403 1007 355 387 1008 347 403 1009 349 398 1010 380 410 1011 454 412 1012 459 333 1013 379 406 1014 407 413 1015 454 412 1016 345 399 1017 385 368 1018 333 381 1019 440 414 1020 373 369 1021 436 385 1022 440 414 1023 378 379 1024 377 367 1025 378 379 1026 319 353 1027 338 371 1028 437 415 1029 375 376 1030 374 377 1031 439 416 1032 375 376 1033 438 417 1034 439 416 1035 364 405 1036 376 373 1037 313 350 1038 360 347 1039 314 352 1040 382 384 1041 359 322 1042 383 407 1043 313 350 1044 370 343 1045 372 345 1046 381 383 1047 317 418 1048 306 419 1049 308 389 1050 369 340 1051 307 420 1052 308 389 1053 366 332 1054 368 337 1055 306 419 1056 365 331 1057 367 335 1058 311 388 1059 380 410 1060 366 332 1061 317 418 1062 363 329 1063 365 331 1064 315 396 1065 363 329 1066 316 421 1067 383 407 1068 315 396 1069 316 421 1070 314 352 1071 361 323 1072 315 396 1073 382 384 1074 316 421 1075 317 418 1076 381 383 1077 367 335 1078 371 341 1079 344 348 1080 387 422 1081 386 423 1082 340 390 1083 308 389 1084 307 420 1085 405 321 1086 463 424 1087 464 425 1088 412 325 1089 465 426 1090 466 427 1091 406 326 1092 464 425 1093 467 428 1094 413 328 1095 466 427 1096 468 429 1097 414 330 1098 468 429 1099 470 430 1100 471 431 1101 459 333 1102 485 432 1103 400 336 1104 470 430 1105 472 433 1106 473 434 1107 408 334 1108 471 431 1109 401 339 1110 473 434 1111 474 435 1112 476 436 1113 400 336 1114 472 433 1115 410 344 1116 475 437 1117 477 344 1118 404 346 1119 476 436 1120 463 424 1121 411 324 1122 477 344 1123 465 426 1124 394 438 1125 447 439 1126 395 440 1127 395 440 1128 446 441 1129 396 442 1130 417 443 1131 416 444 1132 415 445 1133 417 443 1134 420 446 1135 418 447 1136 419 448 1137 392 449 1138 420 446 1139 422 450 1140 392 449 1141 421 451 1142 422 450 1143 424 452 1144 391 453 1145 425 454 1146 424 452 1147 423 455 1148 427 456 1149 426 457 1150 425 454 1151 427 456 1152 430 458 1153 428 459 1154 490 460 1155 482 461 1156 478 462 1157 434 463 1158 433 464 1159 432 465 1160 434 463 1161 416 444 1162 435 466 1163 481 467 1164 392 449 1165 469 468 1166 418 447 1167 481 467 1168 480 469 1169 416 444 1170 480 469 1171 479 470 1172 479 470 1173 441 378 1174 483 471 1175 433 464 1176 483 471 1177 482 461 1178 431 472 1179 430 458 1180 429 473 1181 463 424 1182 486 474 1183 487 475 1184 436 385 1185 467 428 1186 478 462 1187 442 476 1188 460 477 1189 457 478 1190 390 479 1191 442 476 1192 443 480 1193 442 476 1194 456 481 1195 444 482 1196 443 480 1197 444 482 1198 445 483 1199 444 482 1200 461 484 1201 446 441 1202 445 483 1203 446 441 1204 447 439 1205 446 441 1206 461 484 1207 462 485 1208 397 486 1209 458 487 1210 455 488 1211 452 489 1212 391 453 1213 450 490 1214 428 459 1215 448 491 1216 451 492 1217 449 493 1218 426 457 1219 453 494 1220 431 472 1221 433 464 1222 490 460 1223 450 490 1224 424 452 1225 449 493 1226 426 457 1227 451 492 1228 453 494 1229 469 468 1230 452 489 1231 484 495 1232 467 428 1233 488 496 1234 489 497 1235 455 488 1236 489 497 1237 488 496 1238 478 462 1239 489 497 1240 490 460 1241 451 492 1242 455 488 1243 458 487 1244 484 495 1245 460 477 1246 485 432 1247 456 481 1248 453 494 1249 461 484 1250 453 494 1251 458 487 1252 462 485 1253 457 478 1254 449 493 1255 456 481 1256 450 490 1257 460 477 1258 452 489 1259 454 412 1260 485 432 1261 459 333 1262 407 413 1263 484 495 1264 454 412 1265 448 491 1266 490 460 1267 489 497 1268 478 462 1269 440 414 1270 436 385 1271 440 414 1272 483 471 1273 441 378 1274 416 444 1275 483 471 1276 435 466 1277 479 470 1278 438 417 1279 437 415 1280 438 417 1281 481 467 1282 439 416 1283 439 416 1284 469 468 1285 407 413 1286 465 426 1287 395 440 1288 396 442 1289 464 425 1290 487 475 1291 488 496 1292 477 344 1293 394 438 1294 395 440 1295 399 498 1296 486 474 1297 388 499 1298 474 435 1299 390 479 1300 389 500 1301 390 479 1302 471 431 1303 393 501 1304 472 433 1305 399 498 1306 388 499 1307 393 501 1308 485 432 1309 460 477 1310 470 430 1311 398 502 1312 399 498 1313 468 429 1314 397 486 1315 398 502 1316 397 486 1317 488 496 1318 398 502 1319 466 427 1320 396 442 1321 397 486 1322 398 502 1323 487 475 1324 399 498 1325 486 474 1326 472 433 1327 388 499 1328 492 503 1329 447 439 1330 491 504 1331 389 500 1332 390 479 1333 443 480 1334 493 505 1335 496 506 1336 495 507 1337 495 507 1338 498 508 1339 497 509 1340 497 509 1341 500 510 1342 499 511 1343 500 510 1344 501 512 1345 499 511 1346 502 513 1347 503 514 1348 501 512 1349 504 515 1350 505 516 1351 503 514 1352 506 517 1353 507 518 1354 505 516 1355 508 519 1356 509 520 1357 507 518 1358 502 513 1359 518 521 1360 504 515 1361 509 520 1362 512 522 1363 511 523 1364 511 523 1365 494 524 1366 493 505 1367 497 509 1368 534 525 1369 495 507 1370 515 526 1371 523 527 1372 525 528 1373 500 510 1374 517 529 1375 502 513 1376 496 506 1377 514 530 1378 513 531 1379 498 508 1380 516 532 1381 500 510 1382 498 508 1383 513 531 1384 515 526 1385 494 524 1386 522 533 1387 514 530 1388 512 522 1389 521 534 1390 522 533 1391 510 535 1392 520 536 1393 521 534 1394 506 517 1395 520 536 1396 508 519 1397 504 515 1398 519 537 1399 506 517 1400 521 534 1401 532 538 1402 522 533 1403 518 521 1404 529 539 1405 519 537 1406 516 532 1407 525 528 1408 526 540 1409 522 533 1410 524 541 1411 514 530 1412 519 537 1413 530 542 1414 520 536 1415 517 529 1416 526 540 1417 527 543 1418 513 531 1419 524 541 1420 523 527 1421 520 536 1422 531 544 1423 521 534 1424 518 521 1425 527 543 1426 528 545 1427 536 546 1428 545 547 1429 535 548 1430 493 505 1431 542 549 1432 511 523 1433 511 523 1434 541 550 1435 509 520 1436 509 520 1437 540 551 1438 507 518 1439 505 516 1440 540 551 1441 539 552 1442 503 514 1443 539 552 1444 538 553 1445 503 514 1446 537 554 1447 501 512 1448 499 511 1449 537 554 1450 536 546 1451 495 507 1452 533 555 1453 493 505 1454 499 511 1455 535 548 1456 497 509 1457 551 556 1458 552 557 1459 546 558 1460 542 549 1461 543 559 1462 552 557 1463 539 552 1464 550 560 1465 549 561 1466 537 554 1467 546 558 1468 536 546 1469 533 555 1470 544 562 1471 543 559 1472 540 551 1473 551 556 1474 550 560 1475 538 553 1476 547 563 1477 537 554 1478 534 525 1479 545 547 1480 544 562 1481 542 549 1482 551 556 1483 541 550 1484 538 553 1485 549 561 1486 548 564 1487 553 565 1488 556 566 1489 554 567 1490 557 568 1491 556 566 1492 555 569 1493 557 568 1494 560 570 1495 558 571 1496 561 572 1497 560 570 1498 559 573 1499 564 574 1500 554 567 1501 558 571 1502 563 575 1503 562 576 1504 561 572 1505 563 575 1506 554 567 1507 564 574 1508 752 577 1509 566 578 1510 746 579 1511 596 580 1512 602 581 1513 590 582 1514 608 583 1515 614 584 1516 602 581 1517 614 584 1518 632 585 1519 626 586 1520 626 586 1521 644 587 1522 638 588 1523 644 587 1524 650 589 1525 638 588 1526 650 589 1527 668 590 1528 662 591 1529 662 591 1530 680 592 1531 674 593 1532 680 592 1533 686 594 1534 674 593 1535 686 594 1536 704 595 1537 698 596 1538 698 596 1539 716 597 1540 710 598 1541 716 597 1542 722 599 1543 710 598 1544 728 600 1545 734 601 1546 722 599 1547 734 601 1548 752 577 1549 746 579 1550 578 602 1551 596 580 1552 590 582 1553 595 603 1554 739 604 1555 691 605 1556 572 606 1557 578 602 1558 566 578 1559 578 602 1560 570 607 1561 566 578 1562 570 607 1563 581 608 1564 569 609 1565 581 608 1566 568 610 1567 569 609 1568 568 610 1569 579 611 1570 567 612 1571 567 612 1572 577 613 1573 565 614 1574 584 615 1575 576 616 1576 588 617 1577 576 616 1578 587 618 1579 588 617 1580 587 618 1581 574 619 1582 586 620 1583 574 619 1584 585 621 1585 586 620 1586 585 621 1587 571 622 1588 583 623 1589 590 582 1590 582 624 1591 578 602 1592 582 624 1593 593 625 1594 581 608 1595 593 625 1596 580 626 1597 581 608 1598 592 627 1599 579 611 1600 580 626 1601 579 611 1602 589 628 1603 577 613 1604 584 615 1605 600 629 1606 596 580 1607 588 617 1608 599 630 1609 600 629 1610 587 618 1611 598 631 1612 599 630 1613 598 631 1614 585 621 1615 597 632 1616 585 621 1617 595 603 1618 597 632 1619 590 582 1620 606 633 1621 594 634 1622 594 634 1623 605 635 1624 593 625 1625 605 635 1626 592 627 1627 593 625 1628 604 636 1629 591 637 1630 592 627 1631 603 638 1632 589 628 1633 591 637 1634 596 580 1635 612 639 1636 608 583 1637 612 639 1638 599 630 1639 611 640 1640 599 630 1641 610 641 1642 611 640 1643 610 641 1644 597 632 1645 609 642 1646 609 642 1647 595 603 1648 607 643 1649 614 584 1650 606 633 1651 602 581 1652 606 633 1653 617 644 1654 605 635 1655 617 644 1656 604 636 1657 605 635 1658 616 645 1659 603 638 1660 604 636 1661 615 646 1662 601 647 1663 603 638 1664 608 583 1665 624 648 1666 620 649 1667 612 639 1668 623 650 1669 624 648 1670 611 640 1671 622 651 1672 623 650 1673 610 641 1674 621 652 1675 622 651 1676 609 642 1677 619 653 1678 621 652 1679 614 584 1680 630 654 1681 618 655 1682 630 654 1683 617 644 1684 618 655 1685 629 656 1686 616 645 1687 617 644 1688 616 645 1689 627 657 1690 615 646 1691 615 646 1692 625 658 1693 613 659 1694 620 649 1695 636 660 1696 632 585 1697 636 660 1698 623 650 1699 635 661 1700 635 661 1701 622 651 1702 634 662 1703 622 651 1704 633 663 1705 634 662 1706 633 663 1707 619 653 1708 631 664 1709 638 588 1710 630 654 1711 626 586 1712 630 654 1713 641 665 1714 629 656 1715 641 665 1716 628 666 1717 629 656 1718 628 666 1719 639 667 1720 627 657 1721 627 657 1722 637 668 1723 625 658 1724 644 587 1725 636 660 1726 648 669 1727 636 660 1728 647 670 1729 648 669 1730 647 670 1731 634 662 1732 646 671 1733 634 662 1734 645 672 1735 646 671 1736 633 663 1737 643 673 1738 645 672 1739 650 589 1740 642 674 1741 638 588 1742 642 674 1743 653 675 1744 641 665 1745 653 675 1746 640 676 1747 641 665 1748 640 676 1749 651 677 1750 639 667 1751 651 677 1752 637 668 1753 639 667 1754 656 678 1755 648 669 1756 660 679 1757 660 679 1758 647 670 1759 659 680 1760 659 680 1761 646 671 1762 658 681 1763 646 671 1764 657 682 1765 658 681 1766 657 682 1767 643 673 1768 655 683 1769 650 589 1770 666 684 1771 654 685 1772 666 684 1773 653 675 1774 654 685 1775 653 675 1776 664 686 1777 652 687 1778 652 687 1779 663 688 1780 651 677 1781 651 677 1782 661 689 1783 649 690 1784 656 678 1785 672 691 1786 668 590 1787 672 691 1788 659 680 1789 671 692 1790 659 680 1791 670 693 1792 671 692 1793 658 681 1794 669 694 1795 670 693 1796 657 682 1797 667 695 1798 669 694 1799 674 593 1800 666 684 1801 662 591 1802 666 684 1803 677 696 1804 665 697 1805 677 696 1806 664 686 1807 665 697 1808 676 698 1809 663 688 1810 664 686 1811 663 688 1812 673 699 1813 661 689 1814 680 592 1815 672 691 1816 684 700 1817 672 691 1818 683 701 1819 684 700 1820 683 701 1821 670 693 1822 682 702 1823 670 693 1824 681 703 1825 682 702 1826 681 703 1827 667 695 1828 679 704 1829 686 594 1830 678 705 1831 674 593 1832 678 705 1833 689 706 1834 677 696 1835 689 706 1836 676 698 1837 677 696 1838 688 707 1839 675 708 1840 676 698 1841 675 708 1842 685 709 1843 673 699 1844 692 710 1845 684 700 1846 696 711 1847 684 700 1848 695 712 1849 696 711 1850 695 712 1851 682 702 1852 694 713 1853 682 702 1854 693 714 1855 694 713 1856 681 703 1857 691 605 1858 693 714 1859 698 596 1860 690 715 1861 686 594 1862 690 715 1863 701 716 1864 689 706 1865 701 716 1866 688 707 1867 689 706 1868 688 707 1869 699 717 1870 687 718 1871 687 718 1872 697 719 1873 685 709 1874 704 595 1875 696 711 1876 708 720 1877 696 711 1878 707 721 1879 708 720 1880 707 721 1881 694 713 1882 706 722 1883 694 713 1884 705 723 1885 706 722 1886 693 714 1887 703 724 1888 705 723 1889 710 598 1890 702 725 1891 698 596 1892 714 726 1893 701 716 1894 702 725 1895 701 716 1896 712 727 1897 700 728 1898 712 727 1899 699 717 1900 700 728 1901 711 729 1902 697 719 1903 699 717 1904 716 597 1905 708 720 1906 720 730 1907 720 730 1908 707 721 1909 719 731 1910 707 721 1911 718 732 1912 719 731 1913 718 732 1914 705 723 1915 717 733 1916 705 723 1917 715 734 1918 717 733 1919 710 598 1920 726 735 1921 714 726 1922 714 726 1923 725 736 1924 713 737 1925 713 737 1926 724 738 1927 712 727 1928 712 727 1929 723 739 1930 711 729 1931 711 729 1932 721 740 1933 709 741 1934 728 600 1935 720 730 1936 732 742 1937 720 730 1938 731 743 1939 732 742 1940 719 731 1941 730 744 1942 731 743 1943 718 732 1944 729 745 1945 730 744 1946 729 745 1947 715 734 1948 727 746 1949 722 599 1950 738 747 1951 726 735 1952 738 747 1953 725 736 1954 726 735 1955 725 736 1956 736 748 1957 724 738 1958 736 748 1959 723 739 1960 724 738 1961 735 749 1962 721 740 1963 723 739 1964 728 600 1965 744 750 1966 740 751 1967 732 742 1968 743 752 1969 744 750 1970 743 752 1971 730 744 1972 742 753 1973 730 744 1974 741 754 1975 742 753 1976 741 754 1977 727 746 1978 739 604 1979 746 579 1980 738 747 1981 734 601 1982 750 755 1983 737 756 1984 738 747 1985 737 756 1986 748 757 1987 736 748 1988 748 757 1989 735 749 1990 736 748 1991 735 749 1992 745 758 1993 733 759 1994 740 751 1995 756 760 1996 752 577 1997 756 760 1998 743 752 1999 755 761 2000 755 761 2001 742 753 2002 754 762 2003 742 753 2004 753 763 2005 754 762 2006 741 754 2007 751 764 2008 753 763 2009 566 578 2010 750 755 2011 746 579 2012 750 755 2013 569 609 2014 749 765 2015 749 765 2016 568 610 2017 748 757 2018 568 610 2019 747 766 2020 748 757 2021 747 766 2022 565 614 2023 745 758 2024 752 577 2025 576 616 2026 572 606 2027 576 616 2028 755 761 2029 575 767 2030 755 761 2031 574 619 2032 575 767 2033 574 619 2034 753 763 2035 573 768 2036 753 763 2037 571 622 2038 573 768 2039 769 769 2040 785 770 2041 768 771 2042 805 772 2043 758 773 2044 757 774 2045 806 775 2046 759 776 2047 758 773 2048 808 777 2049 759 776 2050 807 778 2051 808 777 2052 761 779 2053 760 780 2054 810 781 2055 761 779 2056 809 782 2057 811 783 2058 762 784 2059 810 781 2060 811 783 2061 764 785 2062 763 786 2063 812 787 2064 765 788 2065 764 785 2066 814 789 2067 765 788 2068 813 790 2069 814 789 2070 767 791 2071 766 792 2072 816 793 2073 767 791 2074 815 794 2075 816 793 2076 769 769 2077 768 771 2078 818 795 2079 769 769 2080 817 796 2081 818 795 2082 771 797 2083 770 798 2084 820 799 2085 771 797 2086 819 800 2087 820 799 2088 757 774 2089 772 801 2090 804 802 2091 792 803 2092 796 804 2093 761 779 2094 779 805 2095 778 806 2096 770 798 2097 786 807 2098 769 769 2099 762 784 2100 780 808 2101 779 805 2102 771 797 2103 787 809 2104 770 798 2105 763 786 2106 781 810 2107 780 808 2108 758 773 2109 774 811 2110 757 774 2111 772 801 2112 788 812 2113 771 797 2114 765 788 2115 781 810 2116 764 785 2117 757 774 2118 775 813 2119 772 801 2120 766 792 2121 782 814 2122 765 788 2123 759 776 2124 773 815 2125 758 773 2126 767 791 2127 783 816 2128 766 792 2129 760 780 2130 776 817 2131 759 776 2132 768 771 2133 784 818 2134 767 791 2135 760 780 2136 778 806 2137 777 819 2138 773 815 2139 789 820 2140 774 811 2141 773 815 2142 791 821 2143 790 822 2144 776 817 2145 792 803 2146 791 821 2147 778 806 2148 792 803 2149 777 819 2150 778 806 2151 794 823 2152 793 824 2153 780 808 2154 794 823 2155 779 805 2156 781 810 2157 795 825 2158 780 808 2159 782 814 2160 796 804 2161 781 810 2162 782 814 2163 798 826 2164 797 827 2165 783 816 2166 799 828 2167 798 826 2168 784 818 2169 800 829 2170 799 828 2171 786 807 2172 800 829 2173 785 770 2174 787 809 2175 801 830 2176 786 807 2177 787 809 2178 803 831 2179 802 832 2180 788 812 2181 804 802 2182 803 831 2183 774 811 2184 804 802 2185 775 813 2186 565 614 2187 820 799 2188 745 758 2189 733 759 2190 820 799 2191 819 800 2192 733 759 2193 818 795 2194 721 740 2195 721 740 2196 817 796 2197 709 741 2198 697 719 2199 817 796 2200 816 793 2201 685 709 2202 816 793 2203 815 794 2204 685 709 2205 814 789 2206 673 699 2207 661 689 2208 814 789 2209 813 790 2210 661 689 2211 812 787 2212 649 690 2213 637 668 2214 812 787 2215 811 783 2216 637 668 2217 810 781 2218 625 658 2219 625 658 2220 809 782 2221 613 659 2222 601 647 2223 809 782 2224 808 777 2225 589 628 2226 808 777 2227 807 778 2228 589 628 2229 806 775 2230 577 613 2231 577 613 2232 805 772 2233 565 614 2234 821 833 2235 824 834 2236 823 835 2237 823 835 2238 826 836 2239 825 837 2240 826 836 2241 827 838 2242 825 837 2243 827 838 2244 830 839 2245 829 840 2246 830 839 2247 831 841 2248 829 840 2249 832 842 2250 821 833 2251 831 841 2252 827 838 2253 829 840 2254 831 841 2255 833 843 2256 836 844 2257 835 845 2258 835 845 2259 838 846 2260 837 847 2261 838 846 2262 839 848 2263 837 847 2264 839 848 2265 842 849 2266 841 850 2267 842 849 2268 843 851 2269 841 850 2270 844 852 2271 833 843 2272 843 851 2273 839 848 2274 841 850 2275 843 851 2276 845 853 2277 848 854 2278 847 855 2279 847 855 2280 850 856 2281 849 857 2282 850 856 2283 851 858 2284 849 857 2285 851 858 2286 854 859 2287 853 860 2288 854 859 2289 855 861 2290 853 860 2291 856 862 2292 845 853 2293 855 861 2294 847 855 2295 851 858 2296 855 861 2297 857 863 2298 860 864 2299 859 865 2300 859 865 2301 862 866 2302 861 867 2303 862 866 2304 863 868 2305 861 867 2306 863 868 2307 866 869 2308 865 870 2309 866 869 2310 867 871 2311 865 870 2312 867 871 2313 858 872 2314 857 863 2315 865 870 2316 867 871 2317 859 865 2318 869 873 2319 872 874 2320 871 875 2321 871 875 2322 874 876 2323 873 877 2324 874 876 2325 875 878 2326 873 877 2327 875 878 2328 878 879 2329 877 880 2330 878 879 2331 879 881 2332 877 880 2333 880 882 2334 869 873 2335 879 881 2336 875 878 2337 877 880 2338 879 881 2339 1028 883 2340 895 884 2341 901 885 2342 896 886 2343 935 887 2344 934 888 2345 881 889 2346 889 890 2347 882 891 2348 882 891 2349 890 892 2350 883 893 2351 883 893 2352 891 894 2353 884 895 2354 884 895 2355 892 896 2356 885 897 2357 892 896 2358 886 898 2359 885 897 2360 886 898 2361 894 899 2362 887 900 2363 1205 901 2364 887 900 2365 894 899 2366 1206 902 2367 894 899 2368 907 903 2369 907 903 2370 893 904 2371 913 905 2372 913 905 2373 892 896 2374 919 906 2375 919 906 2376 891 894 2377 925 907 2378 925 907 2379 890 892 2380 931 908 2381 899 909 2382 933 910 2383 932 911 2384 950 912 2385 955 913 2386 926 914 2387 956 915 2388 888 916 2389 900 917 2390 1047 918 2391 935 887 2392 1048 919 2393 930 920 2394 934 888 2395 935 887 2396 960 921 2397 933 910 2398 961 922 2399 928 923 2400 932 911 2401 933 910 2402 1046 924 2403 930 920 2404 1047 918 2405 924 925 2406 929 926 2407 930 920 2408 959 927 2409 928 923 2410 960 921 2411 922 928 2412 927 929 2413 928 923 2414 954 930 2415 926 914 2416 955 913 2417 920 931 2418 925 907 2419 926 914 2420 1045 932 2421 924 925 2422 1046 924 2423 918 933 2424 923 934 2425 924 925 2426 958 935 2427 922 928 2428 959 927 2429 916 936 2430 921 937 2431 922 928 2432 953 938 2433 920 931 2434 954 930 2435 914 939 2436 919 906 2437 920 931 2438 1044 940 2439 918 933 2440 1045 932 2441 912 941 2442 917 942 2443 918 933 2444 957 943 2445 916 936 2446 958 935 2447 910 944 2448 915 945 2449 916 936 2450 952 946 2451 914 939 2452 953 938 2453 908 947 2454 913 905 2455 914 939 2456 1359 948 2457 912 941 2458 1044 940 2459 912 941 2460 1210 949 2461 911 950 2462 1276 951 2463 910 944 2464 957 943 2465 1209 952 2466 909 953 2467 910 944 2468 1269 954 2469 908 947 2470 952 946 2471 1207 955 2472 907 903 2473 908 947 2474 900 917 2475 932 911 2476 956 915 2477 1048 919 2478 895 884 2479 1036 956 2480 906 957 2481 888 916 2482 881 889 2483 905 958 2484 900 917 2485 906 957 2486 904 959 2487 897 960 2488 898 961 2489 903 962 2490 896 886 2491 897 960 2492 902 963 2493 895 884 2494 896 886 2495 944 964 2496 884 895 2497 885 897 2498 883 965 2499 945 966 2500 884 967 2501 887 966 2502 1259 965 2503 1190 968 2504 946 969 2505 882 891 2506 883 893 2507 949 970 2508 905 958 2509 906 957 2510 947 971 2511 881 889 2512 882 891 2513 936 972 2514 951 973 2515 905 958 2516 938 974 2517 903 962 2518 904 959 2519 948 975 2520 906 957 2521 881 889 2522 939 976 2523 902 963 2524 903 962 2525 940 977 2526 901 885 2527 902 963 2528 942 978 2529 886 898 2530 887 900 2531 941 979 2532 1028 883 2533 901 885 2534 937 980 2535 904 959 2536 951 973 2537 943 981 2538 885 897 2539 886 898 2540 1259 982 2541 988 983 2542 942 978 2543 942 978 2544 1022 984 2545 943 981 2546 944 964 2547 1024 985 2548 945 986 2549 991 987 2550 1104 988 2551 941 979 2552 889 890 2553 950 912 2554 931 908 2555 926 914 2556 931 908 2557 950 912 2558 1254 989 2559 1308 990 2560 1321 991 2561 993 992 2562 941 979 2563 940 977 2564 889 890 2565 931 908 2566 890 892 2567 995 993 2568 940 977 2569 939 976 2570 985 994 2571 939 976 2572 938 974 2573 1027 995 2574 949 970 2575 948 975 2576 998 996 2577 936 972 2578 949 970 2579 947 971 2580 1027 995 2581 948 975 2582 946 969 2583 1026 997 2584 947 971 2585 943 981 2586 1023 998 2587 944 964 2588 945 986 2589 1025 999 2590 946 969 2591 1208 1000 2592 952 946 2593 909 953 2594 909 953 2595 953 938 2596 915 945 2597 915 945 2598 954 930 2599 921 937 2600 921 937 2601 955 913 2602 927 929 2603 927 929 2604 956 915 2605 932 911 2606 899 909 2607 905 958 2608 951 973 2609 911 950 2610 1276 951 2611 957 943 2612 911 950 2613 958 935 2614 917 942 2615 917 942 2616 959 927 2617 923 934 2618 923 934 2619 960 921 2620 929 926 2621 929 926 2622 961 922 2623 934 888 2624 961 922 2625 898 961 2626 897 960 2627 934 888 2628 897 960 2629 896 886 2630 1000 1001 2631 994 1002 2632 963 1003 2633 979 1004 2634 963 1003 2635 994 1002 2636 963 1003 2637 1015 1005 2638 1000 1001 2639 962 1006 2640 1011 1007 2641 1015 1005 2642 964 1008 2643 1007 1009 2644 1011 1007 2645 965 1010 2646 1003 1011 2647 1007 1009 2648 1003 1011 2649 1287 1012 2650 1331 1013 2651 985 994 2652 973 1014 2653 979 1004 2654 975 1015 2655 1014 1016 2656 972 1017 2657 974 1018 2658 1010 1019 2659 1014 1016 2660 976 1020 2661 1006 1021 2662 1010 1019 2663 977 1022 2664 1002 1023 2665 1006 1021 2666 978 1024 2667 1329 1025 2668 1002 1023 2669 987 1026 2670 1017 1027 2671 986 1028 2672 986 1028 2673 981 1029 2674 980 1030 2675 980 1030 2676 987 1026 2677 986 1028 2678 993 992 2679 990 1031 2680 991 987 2681 995 993 2682 992 1032 2683 993 992 2684 985 994 2685 994 1002 2686 995 993 2687 997 1033 2688 996 1034 2689 998 996 2690 989 1035 2691 998 996 2692 1027 995 2693 990 1031 2694 1179 1036 2695 1178 1037 2696 997 1033 2697 972 1017 2698 973 1014 2699 1001 1038 2700 1309 1039 2701 984 1040 2702 984 1040 2703 1301 1041 2704 978 1024 2705 1002 1023 2706 1293 1042 2707 971 1043 2708 971 1043 2709 1287 1012 2710 966 1044 2711 1004 1045 2712 1331 1013 2713 1333 1046 2714 1004 1045 2715 1536 1047 2716 1183 1048 2717 1005 1049 2718 984 1040 2719 983 1050 2720 983 1050 2721 978 1024 2722 977 1022 2723 1006 1021 2724 971 1043 2725 970 1051 2726 970 1051 2727 966 1044 2728 965 1010 2729 1007 1009 2730 1004 1045 2731 1008 1052 2732 1008 1052 2733 1183 1048 2734 1182 1053 2735 1009 1054 2736 983 1050 2737 982 1055 2738 982 1055 2739 977 1022 2740 976 1020 2741 1010 1019 2742 970 1051 2743 969 1056 2744 969 1056 2745 965 1010 2746 964 1008 2747 1011 1007 2748 1008 1052 2749 1012 1057 2750 1012 1057 2751 1182 1053 2752 1181 1058 2753 1013 1059 2754 982 1055 2755 981 1029 2756 981 1029 2757 976 1020 2758 974 1018 2759 1014 1016 2760 969 1056 2761 968 1060 2762 968 1060 2763 964 1008 2764 962 1006 2765 1015 1005 2766 1012 1057 2767 1016 1061 2768 1016 1061 2769 1181 1058 2770 1180 1062 2771 972 1017 2772 968 1060 2773 967 1063 2774 967 1063 2775 962 1006 2776 963 1003 2777 1000 1001 2778 1016 1061 2779 999 1064 2780 999 1064 2781 1180 1062 2782 1179 1036 2783 975 1015 2784 989 1035 2785 980 1030 2786 974 1018 2787 980 1030 2788 981 1029 2789 967 1063 2790 973 1014 2791 972 1017 2792 1017 1027 2793 1013 1059 2794 986 1028 2795 1018 1065 2796 1009 1054 2797 1013 1059 2798 1019 1066 2799 1005 1049 2800 1009 1054 2801 1020 1067 2802 1001 1038 2803 1005 1049 2804 1021 1068 2805 1327 1069 2806 1001 1038 2807 1351 1070 2808 988 983 2809 1313 1071 2810 1022 984 2811 1021 1068 2812 1020 1067 2813 1022 984 2814 1019 1066 2815 1023 998 2816 1024 985 2817 1019 1066 2818 1018 1065 2819 1025 999 2820 1018 1065 2821 1017 1027 2822 1026 997 2823 1017 1027 2824 987 1026 2825 1027 995 2826 987 1026 2827 989 1035 2828 992 1032 2829 999 1064 2830 990 1031 2831 990 1031 2832 1177 1072 2833 991 987 2834 1049 1073 2835 1028 883 2836 1055 1074 2837 1050 1075 2838 1089 1076 2839 1049 1073 2840 1029 1077 2841 1038 1078 2842 1037 1079 2843 1030 1080 2844 1039 1081 2845 1038 1078 2846 1031 1082 2847 1040 1083 2848 1039 1081 2849 1032 1084 2850 1041 1085 2851 1040 1083 2852 1034 1086 2853 1041 1085 2854 1033 1087 2855 1034 1086 2856 1043 1088 2857 1042 1089 2858 1376 1090 2859 1035 1091 2860 1358 1092 2861 1043 1088 2862 1382 1093 2863 1061 1094 2864 1042 1089 2865 1061 1094 2866 1067 1095 2867 1041 1085 2868 1067 1095 2869 1073 1096 2870 1040 1083 2871 1073 1096 2872 1079 1097 2873 1039 1081 2874 1079 1097 2875 1085 1098 2876 1087 1099 2877 1053 1100 2878 1086 1101 2879 1110 1102 2880 1105 1103 2881 1080 1104 2882 1111 1105 2883 1037 1079 2884 1105 1103 2885 1089 1076 2886 1047 918 2887 1048 919 2888 1088 1106 2889 1084 1107 2890 1089 1076 2891 1087 1099 2892 1115 1108 2893 1116 1109 2894 1086 1101 2895 1082 1110 2896 1087 1099 2897 1084 1107 2898 1046 924 2899 1047 918 2900 1083 1111 2901 1078 1112 2902 1084 1107 2903 1082 1110 2904 1114 1113 2905 1115 1108 2906 1081 1114 2907 1076 1115 2908 1082 1110 2909 1080 1104 2910 1109 1116 2911 1110 1102 2912 1079 1097 2913 1074 1117 2914 1080 1104 2915 1078 1112 2916 1045 932 2917 1046 924 2918 1077 1118 2919 1072 1119 2920 1078 1112 2921 1076 1115 2922 1113 1120 2923 1114 1113 2924 1075 1121 2925 1070 1122 2926 1076 1115 2927 1074 1117 2928 1108 1123 2929 1109 1116 2930 1073 1096 2931 1068 1124 2932 1074 1117 2933 1072 1119 2934 1044 940 2935 1045 932 2936 1071 1125 2937 1066 1126 2938 1072 1119 2939 1070 1122 2940 1112 1127 2941 1113 1120 2942 1069 1128 2943 1064 1129 2944 1070 1122 2945 1068 1124 2946 1107 1130 2947 1108 1123 2948 1067 1095 2949 1062 1131 2950 1068 1124 2951 1066 1126 2952 1359 948 2953 1044 940 2954 1066 1126 2955 1386 1132 2956 1387 1133 2957 1064 1129 2958 1453 1134 2959 1112 1127 2960 1063 1135 2961 1385 1136 2962 1064 1129 2963 1062 1131 2964 1446 1137 2965 1107 1130 2966 1061 1094 2967 1383 1138 2968 1062 1131 2969 1054 1139 2970 1086 1101 2971 1053 1100 2972 1049 1073 2973 1048 919 2974 1036 956 2975 1037 1079 2976 1060 1140 2977 1029 1077 2978 1054 1139 2979 1059 1141 2980 1060 1140 2981 1058 1142 2982 1051 1143 2983 1057 1144 2984 1057 1144 2985 1050 1075 2986 1056 1145 2987 1056 1145 2988 1049 1073 2989 1055 1074 2990 1032 1084 2991 1098 1146 2992 1033 1087 2993 1031 1082 2994 1099 1147 2995 1032 1084 2996 1035 1091 2997 1435 1148 2998 1358 1092 2999 1100 1149 3000 1030 1150 3001 1031 966 3002 1059 1141 3003 1103 1151 3004 1060 1140 3005 1029 1077 3006 1101 1152 3007 1030 1080 3008 1106 1153 3009 1090 1154 3010 1059 1141 3011 1057 1144 3012 1092 1155 3013 1058 1142 3014 1060 1140 3015 1102 1156 3016 1029 1077 3017 1056 1145 3018 1093 1157 3019 1057 1144 3020 1055 1074 3021 1094 1158 3022 1056 1145 3023 1034 1086 3024 1096 1159 3025 1035 1091 3026 1028 883 3027 1095 1160 3028 1055 1074 3029 1058 1142 3030 1091 1161 3031 1106 1153 3032 1033 1087 3033 1097 1162 3034 1034 1086 3035 1435 1148 3036 1143 1163 3037 1490 1164 3038 1096 1159 3039 1184 1165 3040 1143 1163 3041 1098 1146 3042 1186 1166 3043 1185 1167 3044 1104 988 3045 1146 1168 3046 1095 1160 3047 1105 1103 3048 1038 1078 3049 1085 1098 3050 1085 1098 3051 1080 1104 3052 1105 1103 3053 1485 1169 3054 1431 1170 3055 1430 1171 3056 1095 1160 3057 1148 1172 3058 1094 1158 3059 1038 1078 3060 1039 1081 3061 1085 1098 3062 1094 1158 3063 1150 1173 3064 1093 1157 3065 1093 1157 3066 1140 1174 3067 1092 1155 3068 1103 1151 3069 1189 1175 3070 1102 1156 3071 1090 1154 3072 1153 1176 3073 1103 1151 3074 1101 1152 3075 1189 1175 3076 1188 1177 3077 1100 1178 3078 1188 1177 3079 1187 1179 3080 1097 1162 3081 1185 1167 3082 1184 1165 3083 1099 1147 3084 1187 1179 3085 1186 1166 3086 1107 1130 3087 1384 1180 3088 1063 1135 3089 1108 1123 3090 1063 1135 3091 1069 1128 3092 1109 1116 3093 1069 1128 3094 1075 1121 3095 1110 1102 3096 1075 1121 3097 1081 1114 3098 1111 1105 3099 1081 1114 3100 1086 1101 3101 1106 1153 3102 1059 1141 3103 1053 1100 3104 1065 1181 3105 1453 1134 3106 1386 1132 3107 1113 1120 3108 1065 1181 3109 1071 1125 3110 1114 1113 3111 1071 1125 3112 1077 1118 3113 1115 1108 3114 1077 1118 3115 1083 1111 3116 1116 1109 3117 1083 1111 3118 1088 1106 3119 1052 1182 3120 1116 1109 3121 1051 1143 3122 1088 1106 3123 1051 1143 3124 1116 1109 3125 1155 1183 3126 1149 1184 3127 1147 1185 3128 1118 1186 3129 1134 1187 3130 1149 1184 3131 1170 1188 3132 1118 1186 3133 1155 1183 3134 1166 1189 3135 1117 1190 3136 1170 1188 3137 1162 1191 3138 1119 1192 3139 1166 1189 3140 1158 1193 3141 1120 1194 3142 1162 1191 3143 1158 1193 3144 1464 1195 3145 1121 1196 3146 1128 1197 3147 1140 1174 3148 1134 1187 3149 1169 1198 3150 1130 1199 3151 1127 1200 3152 1165 1201 3153 1129 1202 3154 1169 1198 3155 1161 1203 3156 1131 1204 3157 1165 1201 3158 1157 1205 3159 1132 1206 3160 1161 1203 3161 1506 1207 3162 1133 1208 3163 1157 1205 3164 1142 1209 3165 1141 1210 3166 1172 1211 3167 1136 1212 3168 1141 1210 3169 1135 1213 3170 1142 1209 3171 1135 1213 3172 1141 1210 3173 1148 1172 3174 1145 1214 3175 1147 1185 3176 1150 1173 3177 1147 1185 3178 1149 1184 3179 1140 1174 3180 1149 1184 3181 1134 1187 3182 1151 1215 3183 1152 1216 3184 1153 1176 3185 1153 1176 3186 1144 1217 3187 1189 1175 3188 1179 1036 3189 1145 1214 3190 1178 1037 3191 1152 1216 3192 1127 1200 3193 1130 1199 3194 1486 1218 3195 1156 1219 3196 1139 1220 3197 1478 1221 3198 1139 1220 3199 1133 1208 3200 1470 1222 3201 1157 1205 3202 1126 1223 3203 1464 1195 3204 1126 1223 3205 1121 1196 3206 1159 1224 3207 1508 1225 3208 1158 1193 3209 1536 1047 3210 1159 1224 3211 1183 1048 3212 1139 1220 3213 1160 1226 3214 1138 1227 3215 1133 1208 3216 1138 1227 3217 1132 1206 3218 1126 1223 3219 1161 1203 3220 1125 1228 3221 1121 1196 3222 1125 1228 3223 1120 1194 3224 1159 1224 3225 1162 1191 3226 1163 1229 3227 1183 1048 3228 1163 1229 3229 1182 1053 3230 1138 1227 3231 1164 1230 3232 1137 1231 3233 1132 1206 3234 1137 1231 3235 1131 1204 3236 1125 1228 3237 1165 1201 3238 1124 1232 3239 1120 1194 3240 1124 1232 3241 1119 1192 3242 1163 1229 3243 1166 1189 3244 1167 1233 3245 1182 1053 3246 1167 1233 3247 1181 1058 3248 1137 1231 3249 1168 1234 3250 1136 1212 3251 1131 1204 3252 1136 1212 3253 1129 1202 3254 1124 1232 3255 1169 1198 3256 1123 1235 3257 1119 1192 3258 1123 1235 3259 1117 1190 3260 1167 1233 3261 1170 1188 3262 1171 1236 3263 1181 1058 3264 1171 1236 3265 1180 1062 3266 1123 1235 3267 1127 1200 3268 1122 1237 3269 1117 1190 3270 1122 1237 3271 1118 1186 3272 1171 1236 3273 1155 1183 3274 1154 1238 3275 1180 1062 3276 1154 1238 3277 1179 1036 3278 1130 1199 3279 1144 1217 3280 1152 1216 3281 1135 1213 3282 1129 1202 3283 1136 1212 3284 1128 1197 3285 1122 1237 3286 1127 1200 3287 1168 1234 3288 1172 1211 3289 1141 1210 3290 1164 1230 3291 1173 1239 3292 1168 1234 3293 1160 1226 3294 1174 1240 3295 1164 1230 3296 1156 1219 3297 1175 1241 3298 1160 1226 3299 1504 1242 3300 1176 1243 3301 1156 1219 3302 1530 1244 3303 1143 1163 3304 1176 1243 3305 1184 1165 3306 1176 1243 3307 1143 1163 3308 1174 1240 3309 1184 1165 3310 1185 1167 3311 1186 1166 3312 1174 1240 3313 1185 1167 3314 1187 1179 3315 1173 1239 3316 1186 1166 3317 1188 1177 3318 1172 1211 3319 1187 1179 3320 1189 1175 3321 1142 1209 3322 1188 1177 3323 1147 1185 3324 1154 1238 3325 1155 1183 3326 1177 1072 3327 1145 1214 3328 1146 1168 3329 1212 1245 3330 1360 1246 3331 1218 1247 3332 1213 1248 3333 1252 1249 3334 1212 1245 3335 1191 1250 3336 1199 1251 3337 1198 1252 3338 1192 1253 3339 1200 1254 3340 1199 1251 3341 1193 1255 3342 1201 1256 3343 1200 1254 3344 1194 1257 3345 1202 1258 3346 1201 1256 3347 1196 1259 3348 1202 1258 3349 1195 1260 3350 1196 1259 3351 1204 1261 3352 1203 1262 3353 1205 901 3354 1197 1263 3355 1190 1264 3356 1204 1261 3357 1206 902 3358 1224 1265 3359 1203 1262 3360 1224 1265 3361 1230 1266 3362 1202 1258 3363 1230 1266 3364 1236 1267 3365 1201 1256 3366 1236 1267 3367 1242 1268 3368 1200 1254 3369 1242 1268 3370 1248 1269 3371 1250 1270 3372 1216 1271 3373 1249 1272 3374 1274 1273 3375 1268 1274 3376 1243 1275 3377 1275 1276 3378 1198 1252 3379 1268 1274 3380 1252 1249 3381 1380 1277 3382 1381 1278 3383 1251 1279 3384 1247 1280 3385 1252 1249 3386 1250 1270 3387 1280 1281 3388 1281 1282 3389 1249 1272 3390 1245 1283 3391 1250 1270 3392 1247 1280 3393 1379 1284 3394 1380 1277 3395 1246 1285 3396 1241 1286 3397 1247 1280 3398 1245 1283 3399 1279 1287 3400 1280 1281 3401 1244 1288 3402 1239 1289 3403 1245 1283 3404 1243 1275 3405 1273 1290 3406 1274 1273 3407 1242 1268 3408 1237 1291 3409 1243 1275 3410 1241 1286 3411 1378 1292 3412 1379 1284 3413 1240 1293 3414 1235 1294 3415 1241 1286 3416 1239 1289 3417 1278 1295 3418 1279 1287 3419 1238 1296 3420 1233 1297 3421 1239 1289 3422 1237 1291 3423 1272 1298 3424 1273 1290 3425 1236 1267 3426 1231 1299 3427 1237 1291 3428 1235 1294 3429 1377 1300 3430 1378 1292 3431 1234 1301 3432 1229 1302 3433 1235 1294 3434 1233 1297 3435 1277 1303 3436 1278 1295 3437 1232 1304 3438 1227 1305 3439 1233 1297 3440 1231 1299 3441 1271 1306 3442 1272 1298 3443 1230 1266 3444 1225 1307 3445 1231 1299 3446 1229 1302 3447 1359 948 3448 1377 1300 3449 1229 1302 3450 1210 949 3451 1211 1308 3452 1227 1305 3453 1276 951 3454 1277 1303 3455 1226 1309 3456 1209 952 3457 1227 1305 3458 1225 1307 3459 1269 954 3460 1271 1306 3461 1224 1265 3462 1207 955 3463 1225 1307 3464 1217 1310 3465 1249 1272 3466 1216 1271 3467 1212 1245 3468 1381 1278 3469 1368 1311 3470 1198 1252 3471 1223 1312 3472 1191 1250 3473 1217 1310 3474 1222 1313 3475 1223 1312 3476 1221 1314 3477 1214 1315 3478 1220 1316 3479 1220 1316 3480 1213 1248 3481 1219 1317 3482 1219 1317 3483 1212 1245 3484 1218 1247 3485 1194 1257 3486 1262 1318 3487 1195 1260 3488 1263 1319 3489 1193 1320 3490 1194 966 3491 1197 1263 3492 1259 982 3493 1190 1264 3494 1264 1321 3495 1192 1322 3496 1193 1320 3497 1222 1313 3498 1267 1323 3499 1223 1312 3500 1191 1250 3501 1265 1324 3502 1192 1253 3503 1270 1325 3504 1253 1326 3505 1222 1313 3506 1220 1316 3507 1255 1327 3508 1221 1314 3509 1223 1312 3510 1266 1328 3511 1191 1250 3512 1219 1317 3513 1256 1329 3514 1220 1316 3515 1218 1247 3516 1257 1330 3517 1219 1317 3518 1196 1259 3519 1260 1331 3520 1197 1263 3521 1360 1246 3522 1258 1332 3523 1218 1247 3524 1221 1314 3525 1254 989 3526 1270 1325 3527 1195 1260 3528 1261 1333 3529 1196 1259 3530 1259 982 3531 1312 1334 3532 1313 1071 3533 1260 1331 3534 1352 1335 3535 1312 1334 3536 1262 1318 3537 1354 1336 3538 1353 1337 3539 1444 1338 3540 1316 1339 3541 1258 1332 3542 1268 1274 3543 1199 1251 3544 1248 1269 3545 1248 1269 3546 1243 1275 3547 1268 1274 3548 1258 1332 3549 1318 1340 3550 1257 1330 3551 1199 1251 3552 1200 1254 3553 1248 1269 3554 1257 1330 3555 1320 1341 3556 1256 1329 3557 1256 1329 3558 1308 990 3559 1255 1327 3560 1267 1323 3561 1357 1342 3562 1266 1328 3563 1253 1326 3564 1323 1343 3565 1267 1323 3566 1265 1324 3567 1357 1342 3568 1356 1344 3569 1264 1345 3570 1356 1344 3571 1355 1346 3572 1261 1333 3573 1353 1337 3574 1352 1335 3575 1263 1347 3576 1355 1346 3577 1354 1336 3578 1271 1306 3579 1208 1000 3580 1226 1309 3581 1272 1298 3582 1226 1309 3583 1232 1304 3584 1273 1290 3585 1232 1304 3586 1238 1296 3587 1274 1273 3588 1238 1296 3589 1244 1288 3590 1275 1276 3591 1244 1288 3592 1249 1272 3593 1270 1325 3594 1222 1313 3595 1216 1271 3596 1228 1348 3597 1276 951 3598 1210 949 3599 1278 1295 3600 1228 1348 3601 1234 1301 3602 1279 1287 3603 1234 1301 3604 1240 1293 3605 1280 1281 3606 1240 1293 3607 1246 1285 3608 1281 1282 3609 1246 1285 3610 1251 1279 3611 1215 1349 3612 1281 1282 3613 1214 1315 3614 1251 1279 3615 1214 1315 3616 1281 1282 3617 1325 1350 3618 1319 1351 3619 1317 1352 3620 1283 1353 3621 1302 1354 3622 1319 1351 3623 1344 1355 3624 1283 1353 3625 1325 1350 3626 1340 1356 3627 1282 1357 3628 1344 1355 3629 1336 1358 3630 1284 1359 3631 1340 1356 3632 1330 1360 3633 1285 1361 3634 1336 1358 3635 1330 1360 3636 1287 1012 3637 1286 1362 3638 1295 1363 3639 1308 990 3640 1302 1354 3641 1343 1364 3642 1297 1365 3643 1294 1366 3644 1339 1367 3645 1296 1368 3646 1343 1364 3647 1335 1369 3648 1298 1370 3649 1339 1367 3650 1328 1371 3651 1299 1372 3652 1335 1369 3653 1329 1025 3654 1300 1373 3655 1328 1371 3656 1311 1374 3657 1310 1375 3658 1346 1376 3659 1304 1377 3660 1310 1375 3661 1303 1378 3662 1311 1374 3663 1303 1378 3664 1310 1375 3665 1318 1340 3666 1315 1379 3667 1317 1352 3668 1320 1341 3669 1317 1352 3670 1319 1351 3671 1308 990 3672 1319 1351 3673 1302 1354 3674 1321 991 3675 1322 1380 3676 1323 1343 3677 1323 1343 3678 1314 1381 3679 1357 1342 3680 1531 1382 3681 1315 1379 3682 1529 1383 3683 1322 1380 3684 1294 1366 3685 1297 1365 3686 1309 1039 3687 1326 1384 3688 1307 1385 3689 1301 1041 3690 1307 1385 3691 1300 1373 3692 1293 1042 3693 1328 1371 3694 1292 1386 3695 1287 1012 3696 1292 1386 3697 1286 1362 3698 1332 1387 3699 1331 1013 3700 1330 1360 3701 1536 1047 3702 1332 1387 3703 1535 1388 3704 1307 1385 3705 1334 1389 3706 1306 1390 3707 1300 1373 3708 1306 1390 3709 1299 1372 3710 1292 1386 3711 1335 1369 3712 1291 1391 3713 1286 1362 3714 1291 1391 3715 1285 1361 3716 1332 1387 3717 1336 1358 3718 1337 1392 3719 1535 1388 3720 1337 1392 3721 1534 1393 3722 1306 1390 3723 1338 1394 3724 1305 1395 3725 1299 1372 3726 1305 1395 3727 1298 1370 3728 1291 1391 3729 1339 1367 3730 1290 1396 3731 1285 1361 3732 1290 1396 3733 1284 1359 3734 1337 1392 3735 1340 1356 3736 1341 1397 3737 1534 1393 3738 1341 1397 3739 1533 1398 3740 1305 1395 3741 1342 1399 3742 1304 1377 3743 1298 1370 3744 1304 1377 3745 1296 1368 3746 1290 1396 3747 1343 1364 3748 1289 1400 3749 1284 1359 3750 1289 1400 3751 1282 1357 3752 1341 1397 3753 1344 1355 3754 1345 1401 3755 1533 1398 3756 1345 1401 3757 1532 1402 3758 1289 1400 3759 1294 1366 3760 1288 1403 3761 1282 1357 3762 1288 1403 3763 1283 1353 3764 1345 1401 3765 1325 1350 3766 1324 1404 3767 1532 1402 3768 1324 1404 3769 1531 1382 3770 1297 1365 3771 1314 1381 3772 1322 1380 3773 1303 1378 3774 1296 1368 3775 1304 1377 3776 1295 1363 3777 1288 1403 3778 1294 1366 3779 1342 1399 3780 1346 1376 3781 1310 1375 3782 1338 1394 3783 1347 1405 3784 1342 1399 3785 1334 1389 3786 1348 1406 3787 1338 1394 3788 1326 1384 3789 1349 1407 3790 1334 1389 3791 1327 1069 3792 1350 1408 3793 1326 1384 3794 1351 1070 3795 1312 1334 3796 1350 1408 3797 1352 1335 3798 1350 1408 3799 1312 1334 3800 1348 1406 3801 1352 1335 3802 1353 1337 3803 1354 1336 3804 1348 1406 3805 1353 1337 3806 1355 1346 3807 1347 1405 3808 1354 1336 3809 1356 1344 3810 1346 1376 3811 1355 1346 3812 1357 1342 3813 1311 1374 3814 1356 1344 3815 1317 1352 3816 1324 1404 3817 1325 1350 3818 1528 1409 3819 1315 1379 3820 1316 1339 3821 1360 1246 3822 1388 1410 3823 1394 1411 3824 1389 1412 3825 1428 1413 3826 1427 1414 3827 1361 1415 3828 1370 1416 3829 1362 1417 3830 1362 1417 3831 1371 1418 3832 1363 1419 3833 1363 1419 3834 1372 1420 3835 1364 1421 3836 1364 1421 3837 1373 1422 3838 1365 1423 3839 1373 1422 3840 1366 1424 3841 1365 1423 3842 1366 1424 3843 1375 1425 3844 1367 1426 3845 1376 1090 3846 1367 1426 3847 1375 1425 3848 1382 1093 3849 1375 1425 3850 1400 1427 3851 1400 1427 3852 1374 1428 3853 1406 1429 3854 1406 1429 3855 1373 1422 3856 1412 1430 3857 1412 1430 3858 1372 1420 3859 1418 1431 3860 1418 1431 3861 1371 1418 3862 1424 1432 3863 1392 1433 3864 1426 1434 3865 1425 1435 3866 1445 1436 3867 1451 1437 3868 1419 1438 3869 1452 1439 3870 1369 1440 3871 1393 1441 3872 1380 1277 3873 1428 1413 3874 1381 1278 3875 1423 1442 3876 1427 1414 3877 1428 1413 3878 1457 1443 3879 1426 1434 3880 1458 1444 3881 1421 1445 3882 1425 1435 3883 1426 1434 3884 1379 1284 3885 1423 1442 3886 1380 1277 3887 1417 1446 3888 1422 1447 3889 1423 1442 3890 1456 1448 3891 1421 1445 3892 1457 1443 3893 1415 1449 3894 1420 1450 3895 1421 1445 3896 1450 1451 3897 1419 1438 3898 1451 1437 3899 1413 1452 3900 1418 1431 3901 1419 1438 3902 1378 1292 3903 1417 1446 3904 1379 1284 3905 1411 1453 3906 1416 1454 3907 1417 1446 3908 1455 1455 3909 1415 1449 3910 1456 1448 3911 1409 1456 3912 1414 1457 3913 1415 1449 3914 1449 1458 3915 1413 1452 3916 1450 1451 3917 1407 1459 3918 1412 1430 3919 1413 1452 3920 1377 1300 3921 1411 1453 3922 1378 1292 3923 1405 1460 3924 1410 1461 3925 1411 1453 3926 1454 1462 3927 1409 1456 3928 1455 1455 3929 1403 1463 3930 1408 1464 3931 1409 1456 3932 1448 1465 3933 1407 1459 3934 1449 1458 3935 1401 1466 3936 1406 1429 3937 1407 1459 3938 1359 948 3939 1405 1460 3940 1377 1300 3941 1405 1460 3942 1386 1132 3943 1404 1467 3944 1453 1134 3945 1403 1463 3946 1454 1462 3947 1385 1136 3948 1402 1468 3949 1403 1463 3950 1446 1137 3951 1401 1466 3952 1448 1465 3953 1383 1138 3954 1400 1427 3955 1401 1466 3956 1393 1441 3957 1425 1435 3958 1452 1439 3959 1381 1278 3960 1388 1410 3961 1368 1311 3962 1399 1469 3963 1369 1440 3964 1361 1415 3965 1398 1470 3966 1393 1441 3967 1399 1469 3968 1397 1471 3969 1390 1472 3970 1391 1473 3971 1396 1474 3972 1389 1412 3973 1390 1472 3974 1395 1475 3975 1388 1410 3976 1389 1412 3977 1438 1476 3978 1364 1421 3979 1365 1423 3980 1439 1477 3981 1363 1419 3982 1364 1421 3983 1435 1148 3984 1367 1426 3985 1358 1092 3986 1362 966 3987 1440 966 3988 1363 1478 3989 1443 1479 3990 1398 1470 3991 1399 1469 3992 1441 1480 3993 1361 1415 3994 1362 1417 3995 1429 1481 3996 1447 1482 3997 1398 1470 3998 1431 1170 3999 1396 1474 4000 1397 1471 4001 1442 1483 4002 1399 1469 4003 1361 1415 4004 1432 1484 4005 1395 1475 4006 1396 1474 4007 1433 1485 4008 1394 1411 4009 1395 1475 4010 1436 1486 4011 1366 1424 4012 1367 1426 4013 1434 1487 4014 1360 1246 4015 1394 1411 4016 1430 1171 4017 1397 1471 4018 1447 1482 4019 1437 1488 4020 1365 1423 4021 1366 1424 4022 1435 1148 4023 1489 1489 4024 1436 1486 4025 1436 1486 4026 1537 1490 4027 1437 1488 4028 1438 1476 4029 1539 1491 4030 1439 1477 4031 1493 1492 4032 1444 1338 4033 1434 1487 4034 1370 1416 4035 1445 1436 4036 1424 1432 4037 1419 1438 4038 1424 1432 4039 1445 1436 4040 985 994 4041 938 974 4042 937 980 4043 1495 1493 4044 1434 1487 4045 1433 1485 4046 1370 1416 4047 1424 1432 4048 1371 1418 4049 1497 1494 4050 1433 1485 4051 1432 1484 4052 1485 1169 4053 1432 1484 4054 1431 1170 4055 1542 1495 4056 1443 1479 4057 1442 1483 4058 1500 1496 4059 1429 1481 4060 1443 1479 4061 1441 1480 4062 1542 1495 4063 1442 1483 4064 1440 1497 4065 1541 1498 4066 1441 1480 4067 1437 1488 4068 1538 1499 4069 1438 1476 4070 1439 1477 4071 1540 1500 4072 1440 1497 4073 1384 1180 4074 1448 1465 4075 1402 1468 4076 1402 1468 4077 1449 1458 4078 1408 1464 4079 1408 1464 4080 1450 1451 4081 1414 1457 4082 1414 1457 4083 1451 1437 4084 1420 1450 4085 1420 1450 4086 1452 1439 4087 1425 1435 4088 1392 1433 4089 1398 1470 4090 1447 1482 4091 1404 1467 4092 1453 1134 4093 1454 1462 4094 1404 1467 4095 1455 1455 4096 1410 1461 4097 1410 1461 4098 1456 1448 4099 1416 1454 4100 1416 1454 4101 1457 1443 4102 1422 1447 4103 1422 1447 4104 1458 1444 4105 1427 1414 4106 1458 1444 4107 1391 1473 4108 1390 1472 4109 1427 1414 4110 1390 1472 4111 1389 1412 4112 1502 1501 4113 1496 1502 4114 1460 1503 4115 1479 1504 4116 1460 1503 4117 1496 1502 4118 1460 1503 4119 1521 1505 4120 1502 1501 4121 1459 1506 4122 1517 1507 4123 1521 1505 4124 1461 1508 4125 1513 1509 4126 1517 1507 4127 1462 1510 4128 1507 1511 4129 1513 1509 4130 1507 1511 4131 1464 1195 4132 1508 1225 4133 1485 1169 4134 1472 1512 4135 1479 1504 4136 1474 1513 4137 1520 1514 4138 1471 1515 4139 1473 1516 4140 1516 1517 4141 1520 1514 4142 1475 1518 4143 1512 1519 4144 1516 1517 4145 1476 1520 4146 1505 1521 4147 1512 1519 4148 1477 1522 4149 1506 1207 4150 1505 1521 4151 1488 1523 4152 1523 1524 4153 1487 1525 4154 1487 1525 4155 1481 1526 4156 1480 1527 4157 1480 1527 4158 1488 1523 4159 1487 1525 4160 1495 1493 4161 1492 1528 4162 1493 1492 4163 1497 1494 4164 1494 1529 4165 1495 1493 4166 1485 1169 4167 1496 1502 4168 1497 1494 4169 1499 1530 4170 1498 1531 4171 1500 1496 4172 1491 1532 4173 1500 1496 4174 1542 1495 4175 1492 1528 4176 1531 1382 4177 1529 1383 4178 1499 1530 4179 1471 1515 4180 1472 1512 4181 1503 1533 4182 1486 1218 4183 1484 1534 4184 1484 1534 4185 1478 1221 4186 1477 1522 4187 1505 1521 4188 1470 1222 4189 1469 1535 4190 1469 1535 4191 1464 1195 4192 1463 1536 4193 1509 1537 4194 1508 1225 4195 1510 966 4196 1509 1537 4197 1536 1047 4198 1535 1388 4199 1511 1538 4200 1484 1534 4201 1483 1539 4202 1483 1539 4203 1477 1522 4204 1476 1520 4205 1512 1519 4206 1469 1535 4207 1468 1540 4208 1468 1540 4209 1463 1536 4210 1462 1510 4211 1513 1509 4212 1509 1537 4213 1514 1541 4214 1514 1541 4215 1535 1388 4216 1534 1393 4217 1515 1542 4218 1483 1539 4219 1482 1543 4220 1482 1543 4221 1476 1520 4222 1475 1518 4223 1516 1517 4224 1468 1540 4225 1467 1544 4226 1467 1544 4227 1462 1510 4228 1461 1508 4229 1517 1507 4230 1514 1541 4231 1518 1545 4232 1518 1545 4233 1534 1393 4234 1533 1398 4235 1519 1546 4236 1482 1543 4237 1481 1526 4238 1481 1526 4239 1475 1518 4240 1473 1516 4241 1520 1514 4242 1467 1544 4243 1466 1547 4244 1466 1547 4245 1461 1508 4246 1459 1506 4247 1521 1505 4248 1518 1545 4249 1522 1548 4250 1522 1548 4251 1533 1398 4252 1532 1402 4253 1471 1515 4254 1466 1547 4255 1465 1549 4256 1465 1549 4257 1459 1506 4258 1460 1503 4259 1502 1501 4260 1522 1548 4261 1501 1550 4262 1501 1550 4263 1532 1402 4264 1531 1382 4265 1474 1513 4266 1491 1532 4267 1480 1527 4268 1473 1516 4269 1480 1527 4270 1481 1526 4271 1465 1549 4272 1472 1512 4273 1471 1515 4274 1523 1524 4275 1519 1546 4276 1487 1525 4277 1524 1551 4278 1515 1542 4279 1519 1546 4280 1525 1552 4281 1511 1538 4282 1515 1542 4283 1526 1553 4284 1503 1533 4285 1511 1538 4286 1527 1554 4287 1504 1242 4288 1503 1533 4289 1530 1244 4290 1489 1489 4291 1490 1164 4292 1537 1490 4293 1527 1554 4294 1526 1553 4295 1537 1490 4296 1525 1552 4297 1538 1499 4298 1539 1491 4299 1525 1552 4300 1524 1551 4301 1540 1500 4302 1524 1551 4303 1523 1524 4304 1541 1498 4305 1523 1524 4306 1488 1523 4307 1542 1495 4308 1488 1523 4309 1491 1532 4310 1494 1529 4311 1501 1550 4312 1492 1528 4313 1492 1528 4314 1528 1409 4315 1493 1492 4316 1730 1555 4317 1544 1556 4318 1724 1557 4319 1574 1558 4320 1580 1559 4321 1568 1560 4322 1580 1559 4323 1598 1561 4324 1592 1562 4325 1598 1561 4326 1604 1563 4327 1592 1562 4328 1610 1564 4329 1616 1565 4330 1604 1563 4331 1616 1565 4332 1634 1566 4333 1628 1567 4334 1634 1566 4335 1640 1568 4336 1628 1567 4337 1640 1568 4338 1658 1569 4339 1652 1570 4340 1652 1570 4341 1670 1571 4342 1664 1572 4343 1664 1572 4344 1682 1573 4345 1676 1574 4346 1682 1573 4347 1688 1575 4348 1676 1574 4349 1694 1576 4350 1700 1577 4351 1688 1575 4352 1706 1578 4353 1712 1579 4354 1700 1577 4355 1718 1580 4356 1724 1557 4357 1712 1579 4358 1562 1581 4359 1568 1560 4360 1556 1582 4361 1597 1583 4362 1573 1584 4363 1669 1585 4364 1544 1556 4365 1562 1581 4366 1556 1582 4367 1556 1582 4368 1548 1586 4369 1544 1556 4370 1548 1586 4371 1559 1587 4372 1547 1588 4373 1547 1588 4374 1558 1589 4375 1546 1590 4376 1546 1590 4377 1557 1591 4378 1545 1592 4379 1557 1591 4380 1543 1593 4381 1545 1592 4382 1562 1581 4383 1554 1594 4384 1566 1595 4385 1554 1594 4386 1565 1596 4387 1566 1595 4388 1553 1597 4389 1564 1598 4390 1565 1596 4391 1552 1599 4392 1563 1600 4393 1564 1598 4394 1563 1600 4395 1549 1601 4396 1561 1602 4397 1568 1560 4398 1560 1603 4399 1556 1582 4400 1560 1603 4401 1571 1604 4402 1559 1587 4403 1559 1587 4404 1570 1605 4405 1558 1589 4406 1558 1589 4407 1569 1606 4408 1557 1591 4409 1557 1591 4410 1567 1607 4411 1555 1608 4412 1574 1558 4413 1566 1595 4414 1578 1609 4415 1566 1595 4416 1577 1610 4417 1578 1609 4418 1577 1610 4419 1564 1598 4420 1576 1611 4421 1564 1598 4422 1575 1612 4423 1576 1611 4424 1575 1612 4425 1561 1602 4426 1573 1584 4427 1580 1559 4428 1572 1613 4429 1568 1560 4430 1572 1613 4431 1583 1614 4432 1571 1604 4433 1583 1614 4434 1570 1605 4435 1571 1604 4436 1582 1615 4437 1569 1606 4438 1570 1605 4439 1569 1606 4440 1579 1616 4441 1567 1607 4442 1586 1617 4443 1578 1609 4444 1590 1618 4445 1578 1609 4446 1589 1619 4447 1590 1618 4448 1589 1619 4449 1576 1611 4450 1588 1620 4451 1588 1620 4452 1575 1612 4453 1587 1621 4454 1575 1612 4455 1585 1622 4456 1587 1621 4457 1592 1562 4458 1584 1623 4459 1580 1559 4460 1584 1623 4461 1595 1624 4462 1583 1614 4463 1595 1624 4464 1582 1615 4465 1583 1614 4466 1594 1625 4467 1581 1626 4468 1582 1615 4469 1593 1627 4470 1579 1616 4471 1581 1626 4472 1598 1561 4473 1590 1618 4474 1602 1628 4475 1590 1618 4476 1601 1629 4477 1602 1628 4478 1589 1619 4479 1600 1630 4480 1601 1629 4481 1600 1630 4482 1587 1621 4483 1599 1631 4484 1587 1621 4485 1597 1583 4486 1599 1631 4487 1592 1562 4488 1608 1632 4489 1596 1633 4490 1608 1632 4491 1595 1624 4492 1596 1633 4493 1595 1624 4494 1606 1634 4495 1594 1625 4496 1594 1625 4497 1605 1635 4498 1593 1627 4499 1593 1627 4500 1603 1636 4501 1591 1637 4502 1598 1561 4503 1614 1638 4504 1610 1564 4505 1614 1638 4506 1601 1629 4507 1613 1639 4508 1613 1639 4509 1600 1630 4510 1612 1640 4511 1600 1630 4512 1611 1641 4513 1612 1640 4514 1611 1641 4515 1597 1583 4516 1609 1642 4517 1604 1563 4518 1620 1643 4519 1608 1632 4520 1620 1643 4521 1607 1644 4522 1608 1632 4523 1607 1644 4524 1618 1645 4525 1606 1634 4526 1606 1634 4527 1617 1646 4528 1605 1635 4529 1617 1646 4530 1603 1636 4531 1605 1635 4532 1610 1564 4533 1626 1647 4534 1622 1648 4535 1626 1647 4536 1613 1639 4537 1625 1649 4538 1613 1639 4539 1624 1650 4540 1625 1649 4541 1612 1640 4542 1623 1651 4543 1624 1650 4544 1623 1651 4545 1609 1642 4546 1621 1652 4547 1616 1565 4548 1632 1653 4549 1620 1643 4550 1632 1653 4551 1619 1654 4552 1620 1643 4553 1631 1655 4554 1618 1645 4555 1619 1654 4556 1630 1656 4557 1617 1646 4558 1618 1645 4559 1629 1657 4560 1615 1658 4561 1617 1646 4562 1622 1648 4563 1638 1659 4564 1634 1566 4565 1638 1659 4566 1625 1649 4567 1637 1660 4568 1625 1649 4569 1636 1661 4570 1637 1660 4571 1636 1661 4572 1623 1651 4573 1635 1662 4574 1623 1651 4575 1633 1663 4576 1635 1662 4577 1628 1567 4578 1644 1664 4579 1632 1653 4580 1644 1664 4581 1631 1655 4582 1632 1653 4583 1643 1665 4584 1630 1656 4585 1631 1655 4586 1642 1666 4587 1629 1657 4588 1630 1656 4589 1629 1657 4590 1639 1667 4591 1627 1668 4592 1634 1566 4593 1650 1669 4594 1646 1670 4595 1650 1669 4596 1637 1660 4597 1649 1671 4598 1649 1671 4599 1636 1661 4600 1648 1672 4601 1648 1672 4602 1635 1662 4603 1647 1673 4604 1635 1662 4605 1645 1674 4606 1647 1673 4607 1652 1570 4608 1644 1664 4609 1640 1568 4610 1644 1664 4611 1655 1675 4612 1643 1665 4613 1655 1675 4614 1642 1666 4615 1643 1665 4616 1642 1666 4617 1653 1676 4618 1641 1677 4619 1653 1676 4620 1639 1667 4621 1641 1677 4622 1658 1569 4623 1650 1669 4624 1662 1678 4625 1650 1669 4626 1661 1679 4627 1662 1678 4628 1649 1671 4629 1660 1680 4630 1661 1679 4631 1660 1680 4632 1647 1673 4633 1659 1681 4634 1659 1681 4635 1645 1674 4636 1657 1682 4637 1664 1572 4638 1656 1683 4639 1652 1570 4640 1656 1683 4641 1667 1684 4642 1655 1675 4643 1667 1684 4644 1654 1685 4645 1655 1675 4646 1654 1685 4647 1665 1686 4648 1653 1676 4649 1665 1686 4650 1651 1687 4651 1653 1676 4652 1670 1571 4653 1662 1678 4654 1674 1688 4655 1662 1678 4656 1673 1689 4657 1674 1688 4658 1661 1679 4659 1672 1690 4660 1673 1689 4661 1672 1690 4662 1659 1681 4663 1671 1691 4664 1671 1691 4665 1657 1682 4666 1669 1585 4667 1676 1574 4668 1668 1692 4669 1664 1572 4670 1680 1693 4671 1667 1684 4672 1668 1692 4673 1667 1684 4674 1678 1694 4675 1666 1695 4676 1666 1695 4677 1677 1696 4678 1665 1686 4679 1677 1696 4680 1663 1697 4681 1665 1686 4682 1682 1573 4683 1674 1688 4684 1686 1698 4685 1686 1698 4686 1673 1689 4687 1685 1699 4688 1685 1699 4689 1672 1690 4690 1684 1700 4691 1672 1690 4692 1683 1701 4693 1684 1700 4694 1683 1701 4695 1669 1585 4696 1681 1702 4697 1676 1574 4698 1692 1703 4699 1680 1693 4700 1692 1703 4701 1679 1704 4702 1680 1693 4703 1691 1705 4704 1678 1694 4705 1679 1704 4706 1678 1694 4707 1689 1706 4708 1677 1696 4709 1677 1696 4710 1687 1707 4711 1675 1708 4712 1682 1573 4713 1698 1709 4714 1694 1576 4715 1698 1709 4716 1685 1699 4717 1697 1710 4718 1685 1699 4719 1696 1711 4720 1697 1710 4721 1684 1700 4722 1695 1712 4723 1696 1711 4724 1695 1712 4725 1681 1702 4726 1693 1713 4727 1700 1577 4728 1692 1703 4729 1688 1575 4730 1692 1703 4731 1703 1714 4732 1691 1705 4733 1691 1705 4734 1702 1715 4735 1690 1716 4736 1702 1715 4737 1689 1706 4738 1690 1716 4739 1701 1717 4740 1687 1707 4741 1689 1706 4742 1706 1578 4743 1698 1709 4744 1710 1718 4745 1698 1709 4746 1709 1719 4747 1710 1718 4748 1697 1710 4749 1708 1720 4750 1709 1719 4751 1708 1720 4752 1695 1712 4753 1707 1721 4754 1695 1712 4755 1705 1722 4756 1707 1721 4757 1700 1577 4758 1716 1723 4759 1704 1724 4760 1704 1724 4761 1715 1725 4762 1703 1714 4763 1715 1725 4764 1702 1715 4765 1703 1714 4766 1714 1726 4767 1701 1717 4768 1702 1715 4769 1701 1717 4770 1711 1727 4771 1699 1728 4772 1706 1578 4773 1722 1729 4774 1718 1580 4775 1710 1718 4776 1721 1730 4777 1722 1729 4778 1709 1719 4779 1720 1731 4780 1721 1730 4781 1720 1731 4782 1707 1721 4783 1719 1732 4784 1707 1721 4785 1717 1733 4786 1719 1732 4787 1712 1579 4788 1728 1734 4789 1716 1723 4790 1728 1734 4791 1715 1725 4792 1716 1723 4793 1715 1725 4794 1726 1735 4795 1714 1726 4796 1726 1735 4797 1713 1736 4798 1714 1726 4799 1713 1736 4800 1723 1737 4801 1711 1727 4802 1718 1580 4803 1734 1738 4804 1730 1555 4805 1734 1738 4806 1721 1730 4807 1733 1739 4808 1733 1739 4809 1720 1731 4810 1732 1740 4811 1720 1731 4812 1731 1741 4813 1732 1740 4814 1719 1732 4815 1729 1742 4816 1731 1741 4817 1724 1557 4818 1548 1586 4819 1728 1734 4820 1548 1586 4821 1727 1743 4822 1728 1734 4823 1727 1743 4824 1546 1590 4825 1726 1735 4826 1546 1590 4827 1725 1744 4828 1726 1735 4829 1725 1744 4830 1543 1593 4831 1723 1737 4832 1550 1745 4833 1734 1738 4834 1554 1594 4835 1734 1738 4836 1553 1597 4837 1554 1594 4838 1553 1597 4839 1732 1740 4840 1552 1599 4841 1732 1740 4842 1551 1746 4843 1552 1599 4844 1731 1741 4845 1549 1601 4846 1551 1746 4847 1747 1747 4848 1763 1748 4849 1746 1749 4850 1784 1750 4851 1735 1751 4852 1783 1752 4853 1785 1753 4854 1736 1754 4855 1784 1750 4856 1786 1755 4857 1737 1756 4858 1785 1753 4859 1787 1757 4860 1738 1758 4861 1786 1755 4862 1787 1757 4863 1740 1759 4864 1739 1760 4865 1788 1761 4866 1741 1762 4867 1740 1759 4868 1789 1763 4869 1742 1764 4870 1741 1762 4871 1790 1765 4872 1743 1766 4873 1742 1764 4874 1792 1767 4875 1743 1766 4876 1791 1768 4877 1793 1769 4878 1744 1770 4879 1792 1767 4880 1793 1769 4881 1746 1749 4882 1745 1771 4883 1794 1772 4884 1747 1747 4885 1746 1749 4886 1796 1773 4887 1747 1747 4888 1795 1774 4889 1797 1775 4890 1748 1776 4891 1796 1773 4892 1797 1775 4893 1750 1777 4894 1749 1778 4895 1798 1779 4896 1735 1751 4897 1750 1777 4898 1776 1780 4899 1778 1781 4900 1782 1782 4901 1740 1759 4902 1756 1783 4903 1739 1760 4904 1748 1776 4905 1764 1784 4906 1747 1747 4907 1741 1762 4908 1757 1785 4909 1740 1759 4910 1749 1778 4911 1765 1786 4912 1748 1776 4913 1742 1764 4914 1758 1787 4915 1741 1762 4916 1736 1754 4917 1752 1788 4918 1735 1751 4919 1750 1777 4920 1766 1789 4921 1749 1778 4922 1743 1766 4923 1759 1790 4924 1742 1764 4925 1735 1751 4926 1753 1791 4927 1750 1777 4928 1744 1770 4929 1760 1792 4930 1743 1766 4931 1736 1754 4932 1754 1793 4933 1751 1794 4934 1745 1771 4935 1761 1795 4936 1744 1770 4937 1737 1756 4938 1755 1796 4939 1754 1793 4940 1745 1771 4941 1763 1748 4942 1762 1797 4943 1738 1758 4944 1756 1783 4945 1755 1796 4946 1752 1788 4947 1768 1798 4948 1767 1799 4949 1754 1793 4950 1768 1798 4951 1751 1794 4952 1755 1796 4953 1769 1800 4954 1754 1793 4955 1755 1796 4956 1771 1801 4957 1770 1802 4958 1757 1785 4959 1771 1801 4960 1756 1783 4961 1757 1785 4962 1773 1803 4963 1772 1804 4964 1758 1787 4965 1774 1805 4966 1773 1803 4967 1760 1792 4968 1774 1805 4969 1759 1790 4970 1760 1792 4971 1776 1780 4972 1775 790 4973 1761 1795 4974 1777 1806 4975 1776 1780 4976 1762 1797 4977 1778 1781 4978 1777 1806 4979 1763 1748 4980 1779 1807 4981 1778 1781 4982 1764 1784 4983 1780 1808 4984 1779 1807 4985 1766 1789 4986 1780 1808 4987 1765 1786 4988 1753 1791 4989 1781 1809 4990 1766 1789 4991 1752 1788 4992 1782 1782 4993 1753 1791 4994 1543 1593 4995 1798 1779 4996 1723 1737 4997 1723 1737 4998 1797 1775 4999 1711 1727 5000 1699 1728 5001 1797 1775 5002 1796 1773 5003 1699 1728 5004 1795 1774 5005 1687 1707 5006 1675 1708 5007 1795 1774 5008 1794 1772 5009 1675 1708 5010 1793 1769 5011 1663 1697 5012 1651 1687 5013 1793 1769 5014 1792 1767 5015 1639 1667 5016 1792 1767 5017 1791 1768 5018 1627 1668 5019 1791 1768 5020 1790 1765 5021 1615 1658 5022 1790 1765 5023 1789 1763 5024 1615 1658 5025 1788 1761 5026 1603 1636 5027 1603 1636 5028 1787 1757 5029 1591 1637 5030 1579 1616 5031 1787 1757 5032 1786 1755 5033 1567 1607 5034 1786 1755 5035 1785 1753 5036 1567 1607 5037 1784 1750 5038 1555 1608 5039 1555 1608 5040 1783 1752 5041 1543 1593 5042 1799 1810 5043 1802 1811 5044 1801 1812 5045 1801 1812 5046 1804 1813 5047 1803 1814 5048 1804 1813 5049 1805 1815 5050 1803 1814 5051 1805 1815 5052 1808 1816 5053 1807 1817 5054 1808 1816 5055 1809 1818 5056 1807 1817 5057 1810 1819 5058 1799 1810 5059 1809 1818 5060 1805 1815 5061 1807 1817 5062 1809 1818 5063 1841 1820 5064 1811 1821 5065 1840 1822 5066 2439 301 5067 1819 1823 5068 2436 1824 5069 2444 269 5070 1815 1825 5071 2443 1826 5072 1842 1827 5073 1823 1828 5074 1839 1829 5075 1814 1830 5076 1812 1831 5077 1811 1821 5078 1816 1832 5079 1818 1833 5080 1817 1834 5081 1824 1835 5082 1826 1836 5083 1825 1837 5084 1820 1838 5085 1822 1839 5086 1821 1840 5087 1843 1841 5088 1820 1838 5089 1840 1822 5090 1823 1828 5091 1844 1842 5092 1839 1829 5093 1844 1842 5094 2449 1843 5095 2447 1844 5096 2440 1845 5097 2432 1846 5098 2442 1847 5099 1846 1848 5100 2433 1849 5101 1848 1850 5102 2438 269 5103 1827 1851 5104 2437 1852 5105 1827 1851 5106 1832 1853 5107 1828 1854 5108 2445 1855 5109 1829 1856 5110 2446 1857 5111 1834 1858 5112 1830 1859 5113 1829 1856 5114 1847 1860 5115 2433 1849 5116 2434 1861 5117 1829 1856 5118 1838 1862 5119 1837 1863 5120 1828 1854 5121 1835 1864 5122 1827 1851 5123 1845 1865 5124 2427 1866 5125 1847 1860 5126 2432 1846 5127 1838 1862 5128 1830 1859 5129 1836 1867 5130 2427 1866 5131 1835 1864 5132 2424 1868 5133 1836 1867 5134 1828 1854 5135 1827 1851 5136 2441 1869 5137 2437 1852 5138 1815 1825 5139 2448 1870 5140 2443 1826 5141 1839 1829 5142 2426 1871 5143 1816 1832 5144 1812 1831 5145 2429 1872 5146 1811 1821 5147 1817 1834 5148 1839 1829 5149 1816 1832 5150 1821 1840 5151 1840 1822 5152 1820 1838 5153 1901 1873 5154 1948 1874 5155 1902 1875 5156 1903 1876 5157 1955 1877 5158 1904 1878 5159 1902 1875 5160 1949 1879 5161 1905 1880 5162 1904 1878 5163 1956 1881 5164 1906 1882 5165 1906 1882 5166 1957 1883 5167 1908 1884 5168 1909 1885 5169 2002 1886 5170 1951 1887 5171 1908 1884 5172 1943 1888 5173 1910 1889 5174 1911 1890 5175 1951 1887 5176 1945 1891 5177 1911 1890 5178 1944 1892 5179 1912 1893 5180 1914 1894 5181 1943 1888 5182 1946 1895 5183 1913 1896 5184 1953 1897 5185 1915 1898 5186 1914 1894 5187 1947 1899 5188 1901 1873 5189 1915 1898 5190 1954 1900 5191 1903 1876 5192 1887 1901 5193 1855 1902 5194 1856 1903 5195 1886 1904 5196 1856 1903 5197 1857 1905 5198 1861 1906 5199 1864 1907 5200 1863 1908 5201 1864 1907 5202 1865 1909 5203 1863 1908 5204 1865 1909 5205 1853 1910 5206 1867 1911 5207 1853 1910 5208 1868 1912 5209 1867 1911 5210 1868 1912 5211 1870 1913 5212 1869 1914 5213 1870 1913 5214 1871 1915 5215 1869 1914 5216 1871 1915 5217 1874 1916 5218 1873 1917 5219 1874 1916 5220 1875 1918 5221 1873 1917 5222 1920 1919 5223 1928 1920 5224 1916 1921 5225 1878 1922 5226 1881 1923 5227 1880 1924 5228 1881 1923 5229 1861 1906 5230 1880 1924 5231 1919 1925 5232 1853 1910 5233 1866 1926 5234 1919 1925 5235 1864 1907 5236 1918 1927 5237 1918 1927 5238 1862 1928 5239 1917 1929 5240 1984 1930 5241 1917 1929 5242 1921 1931 5243 1921 1931 5244 1879 1932 5245 1920 1919 5246 1876 1933 5247 1877 1934 5248 1875 1918 5249 1924 1935 5250 1901 1873 5251 1925 1936 5252 1905 1880 5253 1979 1937 5254 1916 1921 5255 1882 1938 5256 1898 1939 5257 1854 1940 5258 1882 1938 5259 1851 1941 5260 1883 1942 5261 1895 1943 5262 1882 1938 5263 1884 1944 5264 1884 1944 5265 1883 1942 5266 1885 1945 5267 1899 1946 5268 1884 1944 5269 1886 1904 5270 1886 1904 5271 1885 1945 5272 1887 1901 5273 1900 1947 5274 1899 1946 5275 1886 1904 5276 1858 1948 5277 1897 1949 5278 1857 1905 5279 1892 1950 5280 1852 1951 5281 1853 1910 5282 1888 1952 5283 1874 1916 5284 1891 1953 5285 1889 1954 5286 1872 1955 5287 1870 1913 5288 1877 1934 5289 1879 1932 5290 1878 1922 5291 1890 1956 5292 1870 1913 5293 1852 1951 5294 1891 1953 5295 1872 1955 5296 1893 1957 5297 1892 1950 5298 1907 1958 5299 1922 1959 5300 1926 1960 5301 1905 1880 5302 1927 1961 5303 1894 1962 5304 1927 1961 5305 1888 1952 5306 1927 1961 5307 1916 1921 5308 1928 1920 5309 1894 1962 5310 1891 1953 5311 1897 1949 5312 1898 1939 5313 1922 1959 5314 1923 1963 5315 1895 1943 5316 1893 1957 5317 1889 1954 5318 1897 1949 5319 1891 1953 5320 1893 1957 5321 1896 1964 5322 1889 1954 5323 1890 1956 5324 1898 1939 5325 1890 1956 5326 1892 1950 5327 1923 1963 5328 1997 1965 5329 2002 1886 5330 1922 1959 5331 1950 1966 5332 1997 1965 5333 1888 1952 5334 1928 1920 5335 1876 1933 5336 1983 1967 5337 1916 1921 5338 1979 1937 5339 1983 1967 5340 1921 1931 5341 1920 1919 5342 1921 1931 5343 1862 1928 5344 1881 1923 5345 1980 1968 5346 1918 1927 5347 1917 1929 5348 1981 1969 5349 1919 1925 5350 1918 1927 5351 1982 1970 5352 1907 1958 5353 1919 1925 5354 1856 1903 5355 1903 1876 5356 1857 1905 5357 1925 1936 5358 1902 1875 5359 1926 1960 5360 1855 1902 5361 1915 1898 5362 1856 1903 5363 1924 1935 5364 1860 1971 5365 1849 1972 5366 1851 1941 5367 1912 1893 5368 1850 1973 5369 1851 1941 5370 1909 1885 5371 1911 1890 5372 1849 1972 5373 1908 1884 5374 1910 1889 5375 1854 1940 5376 1923 1963 5377 1909 1885 5378 1860 1971 5379 1906 1882 5380 1908 1884 5381 1858 1948 5382 1906 1882 5383 1859 1974 5384 1926 1960 5385 1858 1948 5386 1859 1974 5387 1857 1905 5388 1904 1878 5389 1858 1948 5390 1925 1936 5391 1859 1974 5392 1860 1971 5393 1924 1935 5394 1910 1889 5395 1914 1894 5396 1887 1901 5397 1930 1975 5398 1929 1976 5399 1883 1942 5400 1851 1941 5401 1850 1973 5402 1948 1874 5403 2006 1977 5404 2007 1978 5405 2009 1979 5406 1954 1900 5407 2008 1980 5408 1949 1879 5409 2007 1978 5410 2010 1981 5411 2011 1982 5412 1955 1877 5413 2009 1979 5414 1957 1883 5415 2011 1982 5416 2013 1983 5417 2014 1984 5418 2002 1886 5419 2028 1985 5420 1943 1888 5421 2013 1983 5422 2015 1986 5423 2016 1987 5424 1951 1887 5425 2014 1984 5426 1944 1892 5427 2016 1987 5428 2017 1988 5429 2019 1989 5430 1943 1888 5431 2015 1986 5432 1953 1897 5433 2018 1990 5434 2020 1991 5435 1947 1899 5436 2019 1989 5437 2006 1977 5438 1954 1900 5439 2020 1991 5440 2008 1980 5441 1937 1992 5442 1990 1993 5443 1938 1994 5444 1938 1994 5445 1989 1995 5446 1939 1996 5447 1958 1997 5448 1961 1998 5449 1959 1999 5450 1960 2000 5451 1963 2001 5452 1961 1998 5453 1962 2002 5454 1935 2003 5455 1963 2001 5456 1965 2004 5457 1935 2003 5458 1964 2005 5459 1966 2006 5460 1934 2007 5461 1965 2004 5462 1968 2008 5463 1967 2009 5464 1966 2006 5465 1968 2008 5466 1971 2010 5467 1969 2011 5468 1972 2012 5469 1971 2010 5470 1970 2013 5471 2033 2014 5472 2025 2015 5473 2021 2016 5474 1977 2017 5475 1976 2018 5476 1975 2019 5477 1958 1997 5478 1978 2020 5479 1977 2017 5480 2024 2021 5481 1935 2003 5482 2012 2022 5483 1961 1998 5484 2024 2021 5485 2023 2023 5486 1959 1999 5487 2023 2023 5488 2022 2024 5489 2022 2024 5490 1984 1930 5491 2026 2025 5492 1976 2018 5493 2026 2025 5494 2025 2015 5495 1974 2026 5496 1973 2027 5497 1972 2012 5498 2006 1977 5499 2029 2028 5500 2030 2029 5501 1979 1937 5502 2010 1981 5503 2021 2016 5504 1985 2030 5505 2003 2031 5506 2000 2032 5507 1933 2033 5508 1985 2030 5509 1986 2034 5510 1985 2030 5511 1999 2035 5512 1987 2036 5513 1986 2034 5514 1987 2036 5515 1988 2037 5516 1987 2036 5517 2004 2038 5518 1989 1995 5519 1988 2037 5520 1989 1995 5521 1990 1993 5522 1989 1995 5523 2004 2038 5524 2005 2039 5525 1940 2040 5526 2001 2041 5527 1998 2042 5528 1995 2043 5529 1934 2007 5530 1993 2044 5531 1971 2010 5532 1991 2045 5533 1994 2046 5534 1992 2047 5535 1969 2011 5536 1996 2048 5537 1974 2026 5538 1976 2018 5539 2033 2014 5540 1993 2044 5541 1967 2009 5542 1992 2047 5543 1969 2011 5544 1994 2046 5545 1996 2048 5546 2012 2022 5547 1995 2043 5548 2027 2049 5549 2010 1981 5550 2031 2050 5551 2032 2051 5552 1998 2042 5553 2032 2051 5554 2031 2050 5555 2021 2016 5556 2032 2051 5557 2033 2014 5558 1994 2046 5559 1998 2042 5560 2001 2041 5561 2027 2049 5562 2003 2031 5563 2028 1985 5564 1999 2035 5565 1996 2048 5566 2004 2038 5567 1996 2048 5568 2001 2041 5569 2005 2039 5570 2000 2032 5571 1992 2047 5572 1999 2035 5573 1993 2044 5574 2003 2031 5575 1995 2043 5576 1997 1965 5577 2028 1985 5578 2002 1886 5579 1950 1966 5580 2027 2049 5581 1997 1965 5582 1991 2045 5583 2033 2014 5584 2032 2051 5585 2021 2016 5586 1983 1967 5587 1979 1937 5588 1983 1967 5589 2026 2025 5590 1984 1930 5591 1959 1999 5592 2026 2025 5593 1978 2020 5594 1980 1968 5595 2023 2023 5596 1981 1969 5597 1981 1969 5598 2024 2021 5599 1982 1970 5600 1982 1970 5601 2012 2022 5602 1950 1966 5603 2008 1980 5604 1938 1994 5605 1939 1996 5606 2007 1978 5607 2030 2029 5608 2031 2050 5609 1938 1994 5610 2018 1990 5611 1937 1992 5612 1942 2052 5613 2029 2028 5614 1931 2053 5615 2017 1988 5616 1933 2033 5617 1932 2054 5618 1933 2033 5619 2014 1984 5620 1936 2055 5621 2015 1986 5622 1942 2052 5623 1931 2053 5624 1936 2055 5625 2028 1985 5626 2003 2031 5627 1942 2052 5628 2011 1982 5629 1941 2056 5630 2011 1982 5631 1940 2040 5632 1941 2056 5633 1940 2040 5634 2031 2050 5635 1941 2056 5636 1940 2040 5637 2008 1980 5638 1939 1996 5639 1941 2056 5640 2030 2029 5641 1942 2052 5642 2029 2028 5643 2015 1986 5644 1931 2053 5645 2035 2057 5646 1990 1993 5647 2034 790 5648 1932 2054 5649 1933 2033 5650 1986 2034 5651 2036 2058 5652 2039 2059 5653 2038 2060 5654 2038 2060 5655 2041 2061 5656 2040 2062 5657 2040 2062 5658 2043 2063 5659 2042 2064 5660 2043 2063 5661 2044 2065 5662 2042 2064 5663 2045 2066 5664 2046 2067 5665 2044 2065 5666 2047 2068 5667 2048 2069 5668 2046 2067 5669 2049 2070 5670 2050 2071 5671 2048 2069 5672 2051 2072 5673 2052 2073 5674 2050 2071 5675 2047 2068 5676 2060 2074 5677 2061 2075 5678 2052 2073 5679 2055 2076 5680 2054 2077 5681 2054 2077 5682 2037 2078 5683 2036 2058 5684 2040 2062 5685 2077 2079 5686 2038 2060 5687 2056 2080 5688 2068 2081 5689 2058 2082 5690 2043 2063 5691 2060 2074 5692 2045 2066 5693 2039 2059 5694 2057 2083 5695 2056 2080 5696 2043 2063 5697 2058 2082 5698 2059 2084 5699 2041 2061 5700 2056 2080 5701 2058 2082 5702 2037 2078 5703 2065 2085 5704 2057 2083 5705 2055 2076 5706 2064 2086 5707 2065 2085 5708 2051 2072 5709 2064 2086 5710 2053 2087 5711 2049 2070 5712 2063 2088 5713 2051 2072 5714 2047 2068 5715 2062 2089 5716 2049 2070 5717 2065 2085 5718 2074 2090 5719 2075 2091 5720 2062 2089 5721 2071 2092 5722 2072 2093 5723 2058 2082 5724 2069 2094 5725 2059 2084 5726 2057 2083 5727 2075 2091 5728 2067 2095 5729 2062 2089 5730 2073 2096 5731 2063 2088 5732 2060 2074 5733 2069 2094 5734 2070 2097 5735 2057 2083 5736 2066 2098 5737 2056 2080 5738 2063 2088 5739 2074 2090 5740 2064 2086 5741 2060 2074 5742 2071 2092 5743 2061 2075 5744 2079 2099 5745 2088 2100 5746 2078 2101 5747 2036 2058 5748 2085 2102 5749 2054 2077 5750 2054 2077 5751 2084 2103 5752 2052 2073 5753 2052 2073 5754 2083 2104 5755 2050 2071 5756 2050 2071 5757 2082 2105 5758 2048 2069 5759 2046 2067 5760 2082 2105 5761 2081 2106 5762 2046 2067 5763 2080 2107 5764 2044 2065 5765 2044 2065 5766 2079 2099 5767 2042 2064 5768 2036 2058 5769 2077 2079 5770 2076 2108 5771 2042 2064 5772 2078 2101 5773 2040 2062 5774 2087 2109 5775 2089 2110 5776 2093 2111 5777 2076 2108 5778 2095 2112 5779 2085 2102 5780 2082 2105 5781 2093 2111 5782 2092 2113 5783 2080 2107 5784 2089 2110 5785 2079 2099 5786 2077 2079 5787 2086 2114 5788 2076 2108 5789 2083 2104 5790 2094 2115 5791 2093 2111 5792 2080 2107 5793 2091 2116 5794 2090 2117 5795 2077 2079 5796 2088 2100 5797 2087 2109 5798 2085 2102 5799 2094 2115 5800 2084 2103 5801 2081 2106 5802 2092 2113 5803 2091 2116 5804 2096 2118 5805 2099 2119 5806 2097 2120 5807 2100 2121 5808 2099 2119 5809 2098 2122 5810 2102 2123 5811 2101 2124 5812 2100 2121 5813 2102 2123 5814 2105 2125 5815 2103 2126 5816 2105 2125 5817 2107 2127 5818 2097 2120 5819 2106 2128 5820 2105 2125 5821 2104 2129 5822 2096 2118 5823 2107 2127 5824 2106 2128 5825 2289 2130 5826 2115 2131 5827 2109 2132 5828 2133 2133 5829 2151 2134 5830 2145 2135 5831 2145 2135 5832 2163 2136 5833 2157 2137 5834 2157 2137 5835 2175 2138 5836 2169 2139 5837 2175 2138 5838 2181 2140 5839 2169 2139 5840 2187 2141 5841 2193 2142 5842 2181 2140 5843 2199 2143 5844 2205 2144 5845 2193 2142 5846 2211 2145 5847 2217 2146 5848 2205 2144 5849 2223 2147 5850 2229 2148 5851 2217 2146 5852 2235 2149 5853 2241 2150 5854 2229 2148 5855 2247 2151 5856 2253 2152 5857 2241 2150 5858 2259 2153 5859 2265 2154 5860 2253 2152 5861 2265 2154 5862 2283 2155 5863 2277 2156 5864 2277 2156 5865 2295 2157 5866 2289 2130 5867 2121 2158 5868 2139 2159 5869 2133 2133 5870 2234 2160 5871 2186 2161 5872 2138 2162 5873 2109 2132 5874 2127 2163 5875 2121 2158 5876 2121 2158 5877 2113 2164 5878 2109 2132 5879 2113 2164 5880 2124 2165 5881 2112 2166 5882 2124 2165 5883 2111 2167 5884 2112 2166 5885 2111 2167 5886 2122 2168 5887 2110 2169 5888 2122 2168 5889 2108 2170 5890 2110 2169 5891 2127 2163 5892 2119 2171 5893 2131 2172 5894 2119 2171 5895 2130 2173 5896 2131 2172 5897 2118 2174 5898 2129 2175 5899 2130 2173 5900 2129 2175 5901 2116 2176 5902 2128 2177 5903 2128 2177 5904 2114 2178 5905 2126 2179 5906 2121 2158 5907 2137 2180 5908 2125 2181 5909 2137 2180 5910 2124 2165 5911 2125 2181 5912 2124 2165 5913 2135 2182 5914 2123 2183 5915 2135 2182 5916 2122 2168 5917 2123 2183 5918 2134 2184 5919 2120 2185 5920 2122 2168 5921 2139 2159 5922 2131 2172 5923 2143 2186 5924 2131 2172 5925 2142 2187 5926 2143 2186 5927 2130 2173 5928 2141 2188 5929 2142 2187 5930 2141 2188 5931 2128 2177 5932 2140 2189 5933 2140 2189 5934 2126 2179 5935 2138 2162 5936 2133 2133 5937 2149 2190 5938 2137 2180 5939 2149 2190 5940 2136 2191 5941 2137 2180 5942 2136 2191 5943 2147 2192 5944 2135 2182 5945 2147 2192 5946 2134 2184 5947 2135 2182 5948 2146 2193 5949 2132 2194 5950 2134 2184 5951 2139 2159 5952 2155 2195 5953 2151 2134 5954 2143 2186 5955 2154 2196 5956 2155 2195 5957 2154 2196 5958 2141 2188 5959 2153 2197 5960 2141 2188 5961 2152 2198 5962 2153 2197 5963 2140 2189 5964 2150 2199 5965 2152 2198 5966 2157 2137 5967 2149 2190 5968 2145 2135 5969 2161 2200 5970 2148 2201 5971 2149 2190 5972 2160 2202 5973 2147 2192 5974 2148 2201 5975 2147 2192 5976 2158 2203 5977 2146 2193 5978 2146 2193 5979 2156 2204 5980 2144 2205 5981 2163 2136 5982 2155 2195 5983 2167 2206 5984 2155 2195 5985 2166 2207 5986 2167 2206 5987 2166 2207 5988 2153 2197 5989 2165 2208 5990 2153 2197 5991 2164 2209 5992 2165 2208 5993 2164 2209 5994 2150 2199 5995 2162 2210 5996 2157 2137 5997 2173 2211 5998 2161 2200 5999 2161 2200 6000 2172 2212 6001 2160 2202 6002 2160 2202 6003 2171 2213 6004 2159 2214 6005 2171 2213 6006 2158 2203 6007 2159 2214 6008 2170 2215 6009 2156 2204 6010 2158 2203 6011 2163 2136 6012 2179 2216 6013 2175 2138 6014 2179 2216 6015 2166 2207 6016 2178 2217 6017 2166 2207 6018 2177 2218 6019 2178 2217 6020 2177 2218 6021 2164 2209 6022 2176 2219 6023 2164 2209 6024 2174 2220 6025 2176 2219 6026 2181 2140 6027 2173 2211 6028 2169 2139 6029 2173 2211 6030 2184 2221 6031 2172 2212 6032 2184 2221 6033 2171 2213 6034 2172 2212 6035 2171 2213 6036 2182 2222 6037 2170 2215 6038 2182 2222 6039 2168 2223 6040 2170 2215 6041 2187 2141 6042 2179 2216 6043 2191 2224 6044 2191 2224 6045 2178 2217 6046 2190 2225 6047 2178 2217 6048 2189 2226 6049 2190 2225 6050 2189 2226 6051 2176 2219 6052 2188 2227 6053 2188 2227 6054 2174 2220 6055 2186 2161 6056 2193 2142 6057 2185 2228 6058 2181 2140 6059 2185 2228 6060 2196 2229 6061 2184 2221 6062 2196 2229 6063 2183 2230 6064 2184 2221 6065 2183 2230 6066 2194 2231 6067 2182 2222 6068 2182 2222 6069 2192 2232 6070 2180 2233 6071 2187 2141 6072 2203 2234 6073 2199 2143 6074 2203 2234 6075 2190 2225 6076 2202 2235 6077 2190 2225 6078 2201 2236 6079 2202 2235 6080 2201 2236 6081 2188 2227 6082 2200 2237 6083 2188 2227 6084 2198 2238 6085 2200 2237 6086 2193 2142 6087 2209 2239 6088 2197 2240 6089 2209 2239 6090 2196 2229 6091 2197 2240 6092 2196 2229 6093 2207 2241 6094 2195 2242 6095 2207 2241 6096 2194 2231 6097 2195 2242 6098 2194 2231 6099 2204 2243 6100 2192 2232 6101 2199 2143 6102 2215 2244 6103 2211 2145 6104 2215 2244 6105 2202 2235 6106 2214 2245 6107 2202 2235 6108 2213 2246 6109 2214 2245 6110 2213 2246 6111 2200 2237 6112 2212 2247 6113 2200 2237 6114 2210 2248 6115 2212 2247 6116 2217 2146 6117 2209 2239 6118 2205 2144 6119 2221 2249 6120 2208 2250 6121 2209 2239 6122 2220 2251 6123 2207 2241 6124 2208 2250 6125 2207 2241 6126 2218 2252 6127 2206 2253 6128 2218 2252 6129 2204 2243 6130 2206 2253 6131 2211 2145 6132 2227 2254 6133 2223 2147 6134 2227 2254 6135 2214 2245 6136 2226 2255 6137 2226 2255 6138 2213 2246 6139 2225 2256 6140 2213 2246 6141 2224 2257 6142 2225 2256 6143 2224 2257 6144 2210 2248 6145 2222 2258 6146 2229 2148 6147 2221 2249 6148 2217 2146 6149 2221 2249 6150 2232 2259 6151 2220 2251 6152 2220 2251 6153 2231 2260 6154 2219 2261 6155 2231 2260 6156 2218 2252 6157 2219 2261 6158 2218 2252 6159 2228 2262 6160 2216 2263 6161 2223 2147 6162 2239 2264 6163 2235 2149 6164 2239 2264 6165 2226 2255 6166 2238 2265 6167 2238 2265 6168 2225 2256 6169 2237 2266 6170 2225 2256 6171 2236 2267 6172 2237 2266 6173 2236 2267 6174 2222 2258 6175 2234 2160 6176 2229 2148 6177 2245 2268 6178 2233 2269 6179 2245 2268 6180 2232 2259 6181 2233 2269 6182 2232 2259 6183 2243 2270 6184 2231 2260 6185 2243 2270 6186 2230 2271 6187 2231 2260 6188 2230 2271 6189 2240 2272 6190 2228 2262 6191 2235 2149 6192 2251 2273 6193 2247 2151 6194 2251 2273 6195 2238 2265 6196 2250 2274 6197 2250 2274 6198 2237 2266 6199 2249 2275 6200 2249 2275 6201 2236 2267 6202 2248 2276 6203 2236 2267 6204 2246 2277 6205 2248 2276 6206 2253 2152 6207 2245 2268 6208 2241 2150 6209 2245 2268 6210 2256 2278 6211 2244 2279 6212 2244 2279 6213 2255 2280 6214 2243 2270 6215 2255 2280 6216 2242 2281 6217 2243 2270 6218 2254 2282 6219 2240 2272 6220 2242 2281 6221 2259 2153 6222 2251 2273 6223 2263 2283 6224 2251 2273 6225 2262 2284 6226 2263 2283 6227 2262 2284 6228 2249 2275 6229 2261 2285 6230 2261 2285 6231 2248 2276 6232 2260 2286 6233 2260 2286 6234 2246 2277 6235 2258 2287 6236 2253 2152 6237 2269 2288 6238 2257 2289 6239 2269 2288 6240 2256 2278 6241 2257 2289 6242 2268 2290 6243 2255 2280 6244 2256 2278 6245 2255 2280 6246 2266 2291 6247 2254 2282 6248 2254 2282 6249 2264 2292 6250 2252 2293 6251 2259 2153 6252 2275 2294 6253 2271 2295 6254 2275 2294 6255 2262 2284 6256 2274 2296 6257 2262 2284 6258 2273 2297 6259 2274 2296 6260 2261 2285 6261 2272 2298 6262 2273 2297 6263 2260 2286 6264 2270 2299 6265 2272 2298 6266 2277 2156 6267 2269 2288 6268 2265 2154 6269 2269 2288 6270 2280 2300 6271 2268 2290 6272 2280 2300 6273 2267 2301 6274 2268 2290 6275 2267 2301 6276 2278 2302 6277 2266 2291 6278 2278 2302 6279 2264 2292 6280 2266 2291 6281 2283 2155 6282 2275 2294 6283 2287 2303 6284 2275 2294 6285 2286 2304 6286 2287 2303 6287 2274 2296 6288 2285 2305 6289 2286 2304 6290 2273 2297 6291 2284 2306 6292 2285 2305 6293 2284 2306 6294 2270 2299 6295 2282 2307 6296 2277 2156 6297 2293 2308 6298 2281 2309 6299 2293 2308 6300 2280 2300 6301 2281 2309 6302 2292 2310 6303 2279 2311 6304 2280 2300 6305 2279 2311 6306 2290 2312 6307 2278 2302 6308 2290 2312 6309 2276 2313 6310 2278 2302 6311 2283 2155 6312 2299 2314 6313 2295 2157 6314 2287 2303 6315 2298 2315 6316 2299 2314 6317 2286 2304 6318 2297 2316 6319 2298 2315 6320 2297 2316 6321 2284 2306 6322 2296 2317 6323 2284 2306 6324 2294 2318 6325 2296 2317 6326 2289 2130 6327 2113 2164 6328 2293 2308 6329 2293 2308 6330 2112 2166 6331 2292 2310 6332 2292 2310 6333 2111 2167 6334 2291 2319 6335 2111 2167 6336 2290 2312 6337 2291 2319 6338 2290 2312 6339 2108 2170 6340 2288 2320 6341 2295 2157 6342 2119 2171 6343 2115 2131 6344 2299 2314 6345 2118 2174 6346 2119 2171 6347 2298 2315 6348 2117 2321 6349 2118 2174 6350 2117 2321 6351 2296 2317 6352 2116 2176 6353 2296 2317 6354 2114 2178 6355 2116 2176 6356 2312 2322 6357 2328 2323 6358 2311 2324 6359 2349 2325 6360 2300 2326 6361 2348 2327 6362 2350 2328 6363 2301 2329 6364 2349 2325 6365 2350 2328 6366 2303 2330 6367 2302 2331 6368 2352 2332 6369 2303 2330 6370 2351 2333 6371 2352 2332 6372 2305 2334 6373 2304 2335 6374 2354 2336 6375 2305 2334 6376 2353 2337 6377 2354 2336 6378 2307 2338 6379 2306 2339 6380 2355 2340 6381 2308 2341 6382 2307 2338 6383 2356 2342 6384 2309 2343 6385 2308 2341 6386 2358 2344 6387 2309 2343 6388 2357 2345 6389 2358 2344 6390 2311 2324 6391 2310 2346 6392 2359 2347 6393 2312 2322 6394 2311 2324 6395 2361 2348 6396 2312 2322 6397 2360 2349 6398 2361 2348 6399 2314 2350 6400 2313 2351 6401 2362 2352 6402 2315 2353 6403 2314 2350 6404 2348 2327 6405 2315 2353 6406 2363 2354 6407 2335 2355 6408 2339 2356 6409 2343 2357 6410 2304 2335 6411 2322 2358 6412 2321 2359 6413 2313 2351 6414 2329 2360 6415 2312 2322 6416 2306 2339 6417 2322 2358 6418 2305 2334 6419 2313 2351 6420 2331 2361 6421 2330 2362 6422 2307 2338 6423 2323 2363 6424 2306 2339 6425 2300 2326 6426 2316 2364 6427 2317 2365 6428 2315 2353 6429 2331 2361 6430 2314 2350 6431 2308 2341 6432 2324 2366 6433 2307 2338 6434 2315 2353 6435 2317 2365 6436 2318 2367 6437 2309 2343 6438 2325 2368 6439 2308 2341 6440 2302 2331 6441 2316 2364 6442 2301 2329 6443 2310 2346 6444 2326 2369 6445 2309 2343 6446 2302 2331 6447 2320 2370 6448 2319 2371 6449 2311 2324 6450 2327 2372 6451 2310 2346 6452 2303 2330 6453 2321 2359 6454 2320 2370 6455 2317 2365 6456 2333 2373 6457 2332 2374 6458 2316 2364 6459 2334 2375 6460 2333 2373 6461 2320 2370 6462 2334 2375 6463 2319 2371 6464 2320 2370 6465 2336 2376 6466 2335 2355 6467 2322 2358 6468 2336 2376 6469 2321 2359 6470 2322 2358 6471 2338 2377 6472 2337 2378 6473 2324 2366 6474 2338 2377 6475 2323 2363 6476 2325 2368 6477 2339 2356 6478 2324 2366 6479 2325 2368 6480 2341 2379 6481 2340 2380 6482 2326 2369 6483 2342 2381 6484 2341 2379 6485 2328 2323 6486 2342 2381 6487 2327 2372 6488 2328 2323 6489 2344 2382 6490 2343 2357 6491 2330 2362 6492 2344 2382 6493 2329 2360 6494 2330 2362 6495 2346 2383 6496 2345 2384 6497 2318 2367 6498 2346 2383 6499 2331 2361 6500 2317 2365 6501 2347 2385 6502 2318 2367 6503 2108 2170 6504 2363 2354 6505 2288 2320 6506 2276 2313 6507 2363 2354 6508 2362 2352 6509 2264 2292 6510 2362 2352 6511 2361 2348 6512 2264 2292 6513 2360 2349 6514 2252 2293 6515 2252 2293 6516 2359 2347 6517 2240 2272 6518 2228 2262 6519 2359 2347 6520 2358 2344 6521 2228 2262 6522 2357 2345 6523 2216 2263 6524 2204 2243 6525 2357 2345 6526 2356 2342 6527 2204 2243 6528 2355 2340 6529 2192 2232 6530 2192 2232 6531 2354 2336 6532 2180 2233 6533 2180 2233 6534 2353 2337 6535 2168 2223 6536 2156 2204 6537 2353 2337 6538 2352 2332 6539 2156 2204 6540 2351 2333 6541 2144 2205 6542 2132 2194 6543 2351 2333 6544 2350 2328 6545 2120 2185 6546 2350 2328 6547 2349 2325 6548 2108 2170 6549 2349 2325 6550 2348 2327 6551 2364 2386 6552 2367 2387 6553 2366 2388 6554 2366 2388 6555 2369 2389 6556 2368 2390 6557 2369 2389 6558 2370 2391 6559 2368 2390 6560 2371 2392 6561 2372 2393 6562 2370 2391 6563 2373 2394 6564 2374 2395 6565 2372 2393 6566 2374 2395 6567 2365 2396 6568 2364 2386 6569 2370 2391 6570 2372 2393 6571 2374 2395 6572 2377 2397 6573 2378 2398 6574 2376 2399 6575 2378 2398 6576 2381 2400 6577 2380 2401 6578 2380 2401 6579 2383 2402 6580 2382 2403 6581 2383 2402 6582 2384 2404 6583 2382 2403 6584 2385 2405 6585 2386 2406 6586 2384 2404 6587 2387 2407 6588 2376 2399 6589 2386 2406 6590 2378 2398 6591 2382 2403 6592 2386 2406 6593 2389 2408 6594 2390 2409 6595 2388 2410 6596 2390 2409 6597 2393 2411 6598 2392 2412 6599 2393 2411 6600 2394 2413 6601 2392 2412 6602 2394 2413 6603 2397 2414 6604 2396 2415 6605 2397 2414 6606 2398 2416 6607 2396 2415 6608 2399 2417 6609 2388 2410 6610 2398 2416 6611 2394 2413 6612 2396 2415 6613 2398 2416 6614 2400 2418 6615 2403 2419 6616 2402 2420 6617 2402 2420 6618 2405 2421 6619 2404 2422 6620 2405 2421 6621 2406 2423 6622 2404 2422 6623 2406 2423 6624 2409 2424 6625 2408 2425 6626 2409 2424 6627 2410 2426 6628 2408 2425 6629 2411 2427 6630 2400 2418 6631 2410 2426 6632 2402 2420 6633 2406 2423 6634 2410 2426 6635 2412 2428 6636 2415 2429 6637 2414 2430 6638 2414 2430 6639 2417 2431 6640 2416 2432 6641 2417 2431 6642 2418 2433 6643 2416 2432 6644 2418 2433 6645 2421 2434 6646 2420 2435 6647 2421 2434 6648 2422 2436 6649 2420 2435 6650 2423 2437 6651 2412 2428 6652 2422 2436 6653 2420 2435 6654 2422 2436 6655 2414 2430 6656 2426 1871 6657 1815 1825 6658 1816 1832 6659 2425 2438 6660 1846 1848 6661 1848 1850 6662 2426 1871 6663 2447 1844 6664 2448 1870 6665 2425 2438 6666 1847 1860 6667 2427 1866 6668 2428 2439 6669 1835 1864 6670 2427 1866 6671 2429 1872 6672 1840 1822 6673 1811 1821 6674 2428 2439 6675 2440 1845 6676 2441 1869 6677 2435 2440 6678 1837 1863 6679 2433 1849 6680 2430 1133 6681 1823 1828 6682 1824 1835 6683 2430 1133 6684 2446 1857 6685 2449 1843 6686 2434 1861 6687 1837 1863 6688 1838 1862 6689 2434 1861 6690 1845 1865 6691 1847 1860 6692 2442 1847 6693 1830 1859 6694 2436 1824 6695 1820 1838 6696 2431 1133 6697 1819 1823 6698 2431 1133 6699 2436 1824 6700 1819 1823 6701 2441 1869 6702 1843 1841 6703 2429 1872 6704 2437 1852 6705 2429 1872 6706 1812 1831 6707 1813 2441 6708 2437 1852 6709 1812 1831 6710 1843 1841 6711 2442 1847 6712 2431 1133 6713 1833 2442 6714 2436 1824 6715 1830 1859 6716 2449 1843 6717 1829 1856 6718 2435 2440 6719 2448 1870 6720 1846 1848 6721 2424 1868 6722 2443 1826 6723 2424 1868 6724 1828 1854 6725 1825 1837 6726 2446 1857 6727 1824 1835 6728 2447 1844 6729 2435 2440 6730 1846 1848 6731 1832 1853 6732 2443 1826 6733 1828 1854 6734 2468 290 6735 286 303 6736 2458 2443 6737 2467 318 6738 301 289 6739 2466 291 6740 2451 2444 6741 304 308 6742 2453 313 6743 2452 317 6744 272 273 6745 273 280 6746 2451 2444 6747 303 295 6748 305 297 6749 2450 2445 6750 292 311 6751 2453 313 6752 2454 319 6753 297 268 6754 268 267 6755 2450 2445 6756 2473 292 6757 2474 316 6758 2475 294 6759 287 306 6760 2469 271 6761 277 285 6762 2460 1133 6763 276 270 6764 2458 2443 6765 294 310 6766 2456 296 6767 2457 2446 6768 280 276 6769 281 2447 6770 2457 2446 6771 2465 304 6772 2468 290 6773 2456 296 6774 295 309 6775 2459 307 6776 2459 307 6777 302 312 6778 304 308 6779 2455 315 6780 2466 291 6781 303 295 6782 285 302 6783 2467 318 6784 2455 315 6785 281 2447 6786 2464 269 6787 2465 304 6788 2466 291 6789 2458 2443 6790 303 295 6791 289 301 6792 2462 274 6793 285 302 6794 2460 1133 6795 2469 271 6796 276 270 6797 2474 316 6798 300 288 6799 2454 319 6800 2470 300 6801 2454 319 6802 269 279 6803 270 2448 6804 2470 300 6805 269 279 6806 300 288 6807 2475 294 6808 2460 1133 6809 290 2449 6810 2469 271 6811 287 306 6812 1091 1161 6813 1140 1174 6814 1151 1215 6815 181 0 6816 187 183 6817 7 1 6818 31 3 6819 43 62 6820 37 4 6821 37 4 6822 43 62 6823 55 6 6824 55 6 6825 67 9 6826 61 8 6827 67 9 6828 79 91 6829 73 10 6830 73 10 6831 79 91 6832 91 11 6833 85 12 6834 91 11 6835 103 13 6836 103 13 6837 115 120 6838 109 15 6839 109 15 6840 115 120 6841 127 16 6842 121 17 6843 127 16 6844 139 18 6845 139 18 6846 151 153 6847 145 20 6848 145 20 6849 151 153 6850 163 21 6851 163 21 6852 175 24 6853 169 23 6854 175 24 6855 187 183 6856 181 0 6857 13 25 6858 19 29 6859 31 3 6860 30 28 6861 18 45 6862 6 44 6863 6 44 6864 186 188 6865 174 177 6866 174 177 6867 162 167 6868 126 135 6869 162 167 6870 150 158 6871 126 135 6872 150 158 6873 138 146 6874 126 135 6875 126 135 6876 114 125 6877 102 116 6878 102 116 6879 90 104 6880 78 26 6881 78 26 6882 66 85 6883 54 27 6884 54 27 6885 42 66 6886 30 28 6887 30 28 6888 6 44 6889 126 135 6890 6 44 6891 174 177 6892 126 135 6893 126 135 6894 102 116 6895 30 28 6896 102 116 6897 78 26 6898 30 28 6899 1 2 6900 7 1 6901 19 29 6902 13 25 6903 17 47 6904 5 30 6905 5 30 6906 17 47 6907 16 31 6908 16 31 6909 15 49 6910 3 33 6911 3 33 6912 15 49 6913 14 34 6914 14 34 6915 12 51 6916 0 36 6917 19 29 6918 7 1 6919 11 37 6920 11 37 6921 10 191 6922 22 39 6923 22 39 6924 10 191 6925 9 40 6926 21 41 6927 9 40 6928 8 42 6929 20 43 6930 8 42 6931 6 44 6932 13 25 6933 25 5 6934 29 46 6935 29 46 6936 28 57 6937 16 31 6938 16 31 6939 28 57 6940 27 48 6941 27 48 6942 26 60 6943 14 34 6944 14 34 6945 26 60 6946 24 50 6947 31 3 6948 19 29 6949 23 38 6950 23 38 6951 22 39 6952 34 53 6953 22 39 6954 21 41 6955 33 54 6956 33 54 6957 21 41 6958 20 43 6959 20 43 6960 18 45 6961 30 28 6962 25 5 6963 37 4 6964 41 56 6965 41 56 6966 40 58 6967 28 57 6968 40 58 6969 39 69 6970 27 48 6971 27 48 6972 39 69 6973 38 59 6974 38 59 6975 36 72 6976 24 50 6977 31 3 6978 35 52 6979 47 61 6980 47 61 6981 35 52 6982 34 53 6983 34 53 6984 33 54 6985 45 64 6986 45 64 6987 33 54 6988 32 55 6989 44 65 6990 32 55 6991 30 28 6992 37 4 6993 49 7 6994 53 67 6995 41 56 6996 53 67 6997 52 68 6998 52 68 6999 51 79 7000 39 69 7001 39 69 7002 51 79 7003 50 70 7004 38 59 7005 50 70 7006 48 71 7007 43 62 7008 47 61 7009 59 73 7010 47 61 7011 46 63 7012 58 74 7013 58 74 7014 46 63 7015 45 64 7016 57 75 7017 45 64 7018 44 65 7019 44 65 7020 42 66 7021 54 27 7022 61 8 7023 65 77 7024 53 67 7025 65 77 7026 64 87 7027 52 68 7028 52 68 7029 64 87 7030 63 78 7031 63 78 7032 62 80 7033 50 70 7034 62 80 7035 60 90 7036 48 71 7037 67 9 7038 55 6 7039 59 73 7040 71 81 7041 59 73 7042 58 74 7043 70 82 7044 58 74 7045 57 75 7046 57 75 7047 56 76 7048 68 84 7049 68 84 7050 56 76 7051 54 27 7052 73 10 7053 77 96 7054 65 77 7055 65 77 7056 77 96 7057 76 86 7058 76 86 7059 75 88 7060 63 78 7061 75 88 7062 74 89 7063 62 80 7064 74 89 7065 72 99 7066 60 90 7067 79 91 7068 67 9 7069 71 81 7070 71 81 7071 70 82 7072 82 93 7073 82 93 7074 70 82 7075 69 83 7076 69 83 7077 68 84 7078 80 95 7079 68 84 7080 66 85 7081 78 26 7082 85 12 7083 89 106 7084 77 96 7085 77 96 7086 89 106 7087 88 97 7088 88 97 7089 87 109 7090 75 88 7091 75 88 7092 87 109 7093 86 98 7094 86 98 7095 84 111 7096 72 99 7097 79 91 7098 83 92 7099 95 100 7100 95 100 7101 83 92 7102 82 93 7103 94 101 7104 82 93 7105 81 94 7106 81 94 7107 80 95 7108 92 103 7109 92 103 7110 80 95 7111 78 26 7112 85 12 7113 97 14 7114 101 105 7115 89 106 7116 101 105 7117 100 107 7118 88 97 7119 100 107 7120 99 108 7121 99 108 7122 98 110 7123 86 98 7124 98 110 7125 96 119 7126 84 111 7127 91 11 7128 95 100 7129 107 112 7130 107 112 7131 95 100 7132 94 101 7133 94 101 7134 93 102 7135 105 114 7136 93 102 7137 92 103 7138 104 115 7139 92 103 7140 90 104 7141 102 116 7142 109 15 7143 113 126 7144 101 105 7145 101 105 7146 113 126 7147 112 117 7148 112 117 7149 111 128 7150 99 108 7151 99 108 7152 111 128 7153 110 118 7154 110 118 7155 108 130 7156 96 119 7157 115 120 7158 103 13 7159 107 112 7160 119 121 7161 107 112 7162 106 113 7163 118 122 7164 106 113 7165 105 114 7166 105 114 7167 104 115 7168 116 124 7169 116 124 7170 104 115 7171 102 116 7172 121 17 7173 125 136 7174 113 126 7175 113 126 7176 125 136 7177 124 127 7178 124 127 7179 123 138 7180 111 128 7181 111 128 7182 123 138 7183 122 129 7184 122 129 7185 120 141 7186 108 130 7187 127 16 7188 115 120 7189 119 121 7190 119 121 7191 118 122 7192 130 132 7193 130 132 7194 118 122 7195 117 123 7196 117 123 7197 116 124 7198 128 134 7199 116 124 7200 114 125 7201 126 135 7202 133 19 7203 137 147 7204 125 136 7205 125 136 7206 137 147 7207 136 137 7208 136 137 7209 135 150 7210 123 138 7211 123 138 7212 135 150 7213 134 139 7214 122 129 7215 134 139 7216 132 140 7217 139 18 7218 127 16 7219 131 131 7220 131 131 7221 130 132 7222 142 143 7223 142 143 7224 130 132 7225 129 133 7226 129 133 7227 128 134 7228 140 145 7229 128 134 7230 126 135 7231 138 146 7232 145 20 7233 149 148 7234 137 147 7235 149 148 7236 148 149 7237 136 137 7238 148 149 7239 147 151 7240 135 150 7241 147 151 7242 146 162 7243 134 139 7244 134 139 7245 146 162 7246 144 152 7247 151 153 7248 139 18 7249 143 142 7250 155 154 7251 143 142 7252 142 143 7253 142 143 7254 141 144 7255 153 156 7256 141 144 7257 140 145 7258 152 157 7259 152 157 7260 140 145 7261 138 146 7262 157 22 7263 161 169 7264 149 148 7265 149 148 7266 161 169 7267 160 159 7268 148 149 7269 160 159 7270 159 160 7271 147 151 7272 159 160 7273 158 161 7274 158 161 7275 156 172 7276 144 152 7277 163 21 7278 151 153 7279 155 154 7280 155 154 7281 154 155 7282 166 164 7283 154 155 7284 153 156 7285 165 165 7286 153 156 7287 152 157 7288 164 166 7289 164 166 7290 152 157 7291 150 158 7292 157 22 7293 169 23 7294 173 168 7295 161 169 7296 173 168 7297 172 170 7298 172 170 7299 171 179 7300 159 160 7301 159 160 7302 171 179 7303 170 171 7304 170 171 7305 168 182 7306 156 172 7307 163 21 7308 167 163 7309 179 173 7310 167 163 7311 166 164 7312 178 174 7313 178 174 7314 166 164 7315 165 165 7316 165 165 7317 164 166 7318 176 176 7319 176 176 7320 164 166 7321 162 167 7322 181 0 7323 185 189 7324 173 168 7325 173 168 7326 185 189 7327 184 178 7328 184 178 7329 183 190 7330 171 179 7331 171 179 7332 183 190 7333 182 180 7334 170 171 7335 182 180 7336 180 181 7337 187 183 7338 175 24 7339 179 173 7340 179 173 7341 178 174 7342 190 185 7343 190 185 7344 178 174 7345 177 175 7346 177 175 7347 176 176 7348 188 187 7349 176 176 7350 174 177 7351 186 188 7352 1 2 7353 5 30 7354 185 189 7355 185 189 7356 5 30 7357 4 32 7358 184 178 7359 4 32 7360 3 33 7361 3 33 7362 2 35 7363 182 180 7364 182 180 7365 2 35 7366 0 36 7367 7 1 7368 187 183 7369 191 184 7370 191 184 7371 190 185 7372 10 191 7373 10 191 7374 190 185 7375 189 186 7376 9 40 7377 189 186 7378 188 187 7379 188 187 7380 186 188 7381 6 44 7382 204 192 7383 221 229 7384 220 193 7385 241 195 7386 193 199 7387 192 196 7388 242 198 7389 194 201 7390 193 199 7391 242 198 7392 243 202 7393 195 200 7394 243 202 7395 244 205 7396 196 203 7397 245 204 7398 197 207 7399 196 203 7400 246 206 7401 198 209 7402 197 207 7403 246 206 7404 247 210 7405 199 208 7406 247 210 7407 248 213 7408 200 211 7409 249 212 7410 201 215 7411 200 211 7412 250 214 7413 202 217 7414 201 215 7415 251 216 7416 203 194 7417 202 217 7418 252 218 7419 204 192 7420 203 194 7421 252 218 7422 253 220 7423 205 219 7424 253 220 7425 254 222 7426 206 221 7427 254 222 7428 255 224 7429 207 223 7430 255 224 7431 240 197 7432 192 196 7433 239 225 7434 224 243 7435 225 244 7436 225 244 7437 226 245 7438 239 225 7439 226 245 7440 227 226 7441 239 225 7442 227 226 7443 228 247 7444 229 246 7445 229 246 7446 230 248 7447 227 226 7448 230 248 7449 231 227 7450 227 226 7451 231 227 7452 232 250 7453 233 249 7454 233 249 7455 234 251 7456 231 227 7457 234 251 7458 235 252 7459 231 227 7460 235 252 7461 236 253 7462 237 255 7463 237 255 7464 238 254 7465 239 225 7466 235 252 7467 237 255 7468 231 227 7469 237 255 7470 239 225 7471 231 227 7472 197 207 7473 214 230 7474 213 228 7475 205 219 7476 222 231 7477 221 229 7478 198 209 7479 215 233 7480 214 230 7481 206 221 7482 223 236 7483 222 231 7484 198 209 7485 199 208 7486 216 232 7487 192 196 7488 193 199 7489 208 234 7490 207 223 7491 210 238 7492 223 236 7493 199 208 7494 200 211 7495 217 237 7496 192 196 7497 209 235 7498 210 238 7499 201 215 7500 218 241 7501 217 237 7502 193 199 7503 194 201 7504 211 239 7505 201 215 7506 202 217 7507 219 240 7508 195 200 7509 212 242 7510 211 239 7511 202 217 7512 203 194 7513 220 193 7514 195 200 7515 196 203 7516 213 228 7517 208 234 7518 225 244 7519 224 243 7520 211 239 7521 226 245 7522 225 244 7523 211 239 7524 212 242 7525 227 226 7526 213 228 7527 228 247 7528 227 226 7529 213 228 7530 214 230 7531 229 246 7532 215 233 7533 230 248 7534 229 246 7535 216 232 7536 231 227 7537 230 248 7538 217 237 7539 232 250 7540 231 227 7541 217 237 7542 218 241 7543 233 249 7544 218 241 7545 219 240 7546 234 251 7547 219 240 7548 220 193 7549 235 252 7550 221 229 7551 236 253 7552 235 252 7553 222 231 7554 237 255 7555 236 253 7556 222 231 7557 223 236 7558 238 254 7559 223 236 7560 210 238 7561 239 225 7562 209 235 7563 224 243 7564 239 225 7565 0 36 7566 240 197 7567 255 224 7568 180 181 7569 255 224 7570 254 222 7571 168 182 7572 254 222 7573 253 220 7574 156 172 7575 253 220 7576 252 218 7577 132 140 7578 144 152 7579 252 218 7580 120 141 7581 132 140 7582 251 216 7583 120 141 7584 250 214 7585 249 212 7586 96 119 7587 108 130 7588 249 212 7589 96 119 7590 248 213 7591 247 210 7592 72 99 7593 84 111 7594 247 210 7595 72 99 7596 246 206 7597 245 204 7598 48 71 7599 60 90 7600 245 204 7601 48 71 7602 244 205 7603 243 202 7604 24 50 7605 36 72 7606 243 202 7607 24 50 7608 242 198 7609 241 195 7610 0 36 7611 12 51 7612 241 195 7613 256 256 7614 257 2450 7615 259 257 7616 258 258 7617 259 257 7618 261 259 7619 261 259 7620 263 2451 7621 262 261 7622 262 261 7623 263 2451 7624 265 262 7625 265 262 7626 267 265 7627 266 264 7628 267 265 7629 257 2450 7630 256 256 7631 266 264 7632 256 256 7633 262 261 7634 256 256 7635 258 258 7636 262 261 7637 258 258 7638 260 260 7639 262 261 7640 298 266 7641 271 278 7642 268 267 7643 2472 269 7644 279 286 7645 276 270 7646 2463 272 7647 275 281 7648 272 273 7649 299 275 7650 283 284 7651 280 276 7652 271 278 7653 270 2448 7654 269 279 7655 273 280 7656 272 273 7657 275 281 7658 282 283 7659 281 2447 7660 280 276 7661 277 285 7662 276 270 7663 279 286 7664 300 288 7665 2460 1133 7666 277 285 7667 280 276 7668 2457 2446 7669 301 289 7670 301 289 7671 2457 2446 7672 2468 290 7673 2473 292 7674 302 312 7675 2461 293 7676 303 295 7677 2458 2443 7678 2456 296 7679 2471 298 7680 288 301 7681 284 299 7682 288 301 7683 289 301 7684 285 302 7685 2464 269 7686 291 305 7687 286 303 7688 291 305 7689 290 2449 7690 287 306 7691 305 297 7692 2456 296 7693 2459 307 7694 286 303 7695 287 306 7696 295 309 7697 285 302 7698 293 314 7699 292 311 7700 302 312 7701 2450 2445 7702 2453 313 7703 2461 293 7704 2459 307 7705 295 309 7706 293 314 7707 2451 2444 7708 2453 313 7709 2455 315 7710 2451 2444 7711 293 314 7712 284 299 7713 2450 2445 7714 2474 316 7715 2462 274 7716 272 273 7717 2452 317 7718 296 277 7719 301 289 7720 2452 317 7721 274 282 7722 299 275 7723 296 277 7724 278 287 7725 298 266 7726 297 268 7727 358 320 7728 404 346 7729 405 321 7730 361 323 7731 360 347 7732 411 324 7733 359 322 7734 405 321 7735 406 326 7736 361 323 7737 412 325 7738 413 328 7739 363 329 7740 413 328 7741 414 330 7742 366 332 7743 380 410 7744 459 333 7745 367 335 7746 365 331 7747 414 330 7748 368 337 7749 366 332 7750 408 334 7751 368 337 7752 402 338 7753 401 339 7754 371 341 7755 367 335 7756 400 336 7757 370 343 7758 409 2452 7759 410 344 7760 371 341 7761 403 342 7762 404 346 7763 372 345 7764 410 344 7765 411 324 7766 344 348 7767 386 423 7768 312 349 7769 343 351 7770 344 348 7771 313 350 7772 319 353 7773 321 375 7774 320 354 7775 320 354 7776 321 375 7777 323 356 7778 323 356 7779 310 374 7780 324 358 7781 324 358 7782 310 374 7783 309 359 7784 309 359 7785 327 402 7786 326 361 7787 326 361 7788 327 402 7789 329 362 7790 328 363 7791 329 362 7792 331 364 7793 331 364 7794 333 381 7795 332 366 7796 377 367 7797 336 380 7798 385 368 7799 335 370 7800 336 380 7801 338 371 7802 338 371 7803 319 353 7804 318 355 7805 376 373 7806 364 405 7807 310 374 7808 376 373 7809 323 356 7810 321 375 7811 374 377 7812 375 376 7813 321 375 7814 441 378 7815 437 415 7816 374 377 7817 378 379 7818 338 371 7819 336 380 7820 333 381 7821 385 368 7822 334 382 7823 381 383 7824 371 341 7825 358 320 7826 362 327 7827 406 326 7828 436 385 7829 339 386 7830 353 411 7831 355 387 7832 339 386 7833 311 388 7834 308 389 7835 352 391 7836 353 411 7837 339 386 7838 341 392 7839 339 386 7840 340 390 7841 356 394 7842 352 391 7843 341 392 7844 343 351 7845 341 392 7846 342 393 7847 343 351 7848 314 352 7849 357 395 7850 314 352 7851 354 397 7852 357 395 7853 315 396 7854 351 409 7855 354 397 7856 349 398 7857 347 403 7858 309 359 7859 345 399 7860 333 381 7861 331 364 7862 346 401 7863 350 404 7864 329 362 7865 334 382 7866 385 368 7867 336 380 7868 347 403 7869 346 401 7870 327 402 7871 348 400 7872 331 364 7873 329 362 7874 349 398 7875 310 374 7876 364 405 7877 383 407 7878 359 322 7879 362 327 7880 351 409 7881 383 407 7882 384 408 7883 384 408 7884 362 327 7885 373 369 7886 351 409 7887 345 399 7888 348 400 7889 355 387 7890 349 398 7891 379 406 7892 352 391 7893 356 394 7894 350 404 7895 350 404 7896 356 394 7897 357 395 7898 357 395 7899 354 397 7900 350 404 7901 353 411 7902 352 391 7903 346 401 7904 355 387 7905 353 411 7906 347 403 7907 380 410 7908 379 406 7909 454 412 7910 379 406 7911 364 405 7912 407 413 7913 345 399 7914 384 408 7915 385 368 7916 440 414 7917 377 367 7918 373 369 7919 440 414 7920 441 378 7921 378 379 7922 378 379 7923 374 377 7924 319 353 7925 437 415 7926 438 417 7927 375 376 7928 439 416 7929 376 373 7930 375 376 7931 439 416 7932 407 413 7933 364 405 7934 313 350 7935 372 345 7936 360 347 7937 382 384 7938 358 320 7939 359 322 7940 313 350 7941 312 349 7942 370 343 7943 381 383 7944 382 384 7945 317 418 7946 308 389 7947 368 337 7948 369 340 7949 308 389 7950 311 388 7951 366 332 7952 306 419 7953 317 418 7954 365 331 7955 311 388 7956 355 387 7957 380 410 7958 317 418 7959 316 421 7960 363 329 7961 315 396 7962 361 323 7963 363 329 7964 383 407 7965 351 409 7966 315 396 7967 314 352 7968 360 347 7969 361 323 7970 382 384 7971 383 407 7972 316 421 7973 381 383 7974 306 419 7975 367 335 7976 344 348 7977 342 393 7978 387 422 7979 307 420 7980 387 422 7981 340 390 7982 387 422 7983 342 393 7984 340 390 7985 405 321 7986 404 346 7987 463 424 7988 412 325 7989 411 324 7990 465 426 7991 406 326 7992 405 321 7993 464 425 7994 413 328 7995 412 325 7996 466 427 7997 414 330 7998 413 328 7999 468 429 8000 471 431 8001 408 334 8002 459 333 8003 400 336 8004 414 330 8005 470 430 8006 473 434 8007 402 338 8008 408 334 8009 401 339 8010 402 338 8011 473 434 8012 476 436 8013 403 342 8014 400 336 8015 410 344 8016 409 2452 8017 475 437 8018 404 346 8019 403 342 8020 476 436 8021 411 324 8022 410 344 8023 477 344 8024 394 438 8025 491 504 8026 447 439 8027 395 440 8028 447 439 8029 446 441 8030 417 443 8031 418 447 8032 416 444 8033 417 443 8034 419 448 8035 420 446 8036 419 448 8037 421 451 8038 392 449 8039 422 450 8040 391 453 8041 392 449 8042 422 450 8043 423 455 8044 424 452 8045 425 454 8046 426 457 8047 424 452 8048 427 456 8049 428 459 8050 426 457 8051 427 456 8052 429 473 8053 430 458 8054 490 460 8055 433 464 8056 482 461 8057 434 463 8058 435 466 8059 433 464 8060 434 463 8061 415 445 8062 416 444 8063 481 467 8064 420 446 8065 392 449 8066 418 447 8067 420 446 8068 481 467 8069 416 444 8070 418 447 8071 480 469 8072 479 470 8073 437 415 8074 441 378 8075 433 464 8076 435 466 8077 483 471 8078 431 472 8079 490 460 8080 430 458 8081 463 424 8082 476 436 8083 486 474 8084 436 385 8085 406 326 8086 467 428 8087 442 476 8088 393 501 8089 460 477 8090 390 479 8091 393 501 8092 442 476 8093 442 476 8094 457 478 8095 456 481 8096 443 480 8097 442 476 8098 444 482 8099 444 482 8100 456 481 8101 461 484 8102 445 483 8103 444 482 8104 446 441 8105 458 487 8106 396 442 8107 462 485 8108 396 442 8109 446 441 8110 462 485 8111 397 486 8112 396 442 8113 458 487 8114 452 489 8115 392 449 8116 391 453 8117 428 459 8118 430 458 8119 448 491 8120 449 493 8121 424 452 8122 426 457 8123 431 472 8124 432 465 8125 433 464 8126 450 490 8127 391 453 8128 424 452 8129 426 457 8130 428 459 8131 451 492 8132 469 468 8133 392 449 8134 452 489 8135 467 428 8136 464 425 8137 488 496 8138 455 488 8139 448 491 8140 489 497 8141 478 462 8142 467 428 8143 489 497 8144 451 492 8145 448 491 8146 455 488 8147 484 495 8148 452 489 8149 460 477 8150 456 481 8151 449 493 8152 453 494 8153 462 485 8154 461 484 8155 453 494 8156 453 494 8157 451 492 8158 458 487 8159 457 478 8160 450 490 8161 449 493 8162 450 490 8163 457 478 8164 460 477 8165 454 412 8166 484 495 8167 485 432 8168 407 413 8169 469 468 8170 484 495 8171 448 491 8172 430 458 8173 490 460 8174 478 462 8175 482 461 8176 440 414 8177 440 414 8178 482 461 8179 483 471 8180 416 444 8181 479 470 8182 483 471 8183 479 470 8184 480 469 8185 438 417 8186 438 417 8187 480 469 8188 481 467 8189 439 416 8190 481 467 8191 469 468 8192 465 426 8193 477 344 8194 395 440 8195 464 425 8196 463 424 8197 487 475 8198 477 344 8199 475 437 8200 394 438 8201 399 498 8202 487 475 8203 486 474 8204 474 435 8205 473 434 8206 390 479 8207 390 479 8208 473 434 8209 471 431 8210 472 433 8211 470 430 8212 399 498 8213 393 501 8214 471 431 8215 485 432 8216 470 430 8217 468 429 8218 398 502 8219 468 429 8220 466 427 8221 397 486 8222 397 486 8223 455 488 8224 488 496 8225 466 427 8226 465 426 8227 396 442 8228 398 502 8229 488 496 8230 487 475 8231 486 474 8232 476 436 8233 472 433 8234 492 503 8235 445 483 8236 447 439 8237 445 483 8238 492 503 8239 443 480 8240 492 503 8241 389 500 8242 443 480 8243 493 505 8244 494 524 8245 496 506 8246 495 507 8247 496 506 8248 498 508 8249 497 509 8250 498 508 8251 500 510 8252 500 510 8253 502 513 8254 501 512 8255 502 513 8256 504 515 8257 503 514 8258 504 515 8259 506 517 8260 505 516 8261 506 517 8262 508 519 8263 507 518 8264 508 519 8265 510 535 8266 509 520 8267 502 513 8268 517 529 8269 518 521 8270 509 520 8271 510 535 8272 512 522 8273 511 523 8274 512 522 8275 494 524 8276 497 509 8277 535 548 8278 534 525 8279 515 526 8280 513 531 8281 523 527 8282 500 510 8283 516 532 8284 517 529 8285 496 506 8286 494 524 8287 514 530 8288 498 508 8289 515 526 8290 516 532 8291 498 508 8292 496 506 8293 513 531 8294 494 524 8295 512 522 8296 522 533 8297 512 522 8298 510 535 8299 521 534 8300 510 535 8301 508 519 8302 520 536 8303 506 517 8304 519 537 8305 520 536 8306 504 515 8307 518 521 8308 519 537 8309 521 534 8310 531 544 8311 532 538 8312 518 521 8313 528 545 8314 529 539 8315 516 532 8316 515 526 8317 525 528 8318 522 533 8319 532 538 8320 524 541 8321 519 537 8322 529 539 8323 530 542 8324 517 529 8325 516 532 8326 526 540 8327 513 531 8328 514 530 8329 524 541 8330 520 536 8331 530 542 8332 531 544 8333 518 521 8334 517 529 8335 527 543 8336 536 546 8337 546 558 8338 545 547 8339 493 505 8340 533 555 8341 542 549 8342 511 523 8343 542 549 8344 541 550 8345 509 520 8346 541 550 8347 540 551 8348 505 516 8349 507 518 8350 540 551 8351 503 514 8352 505 516 8353 539 552 8354 503 514 8355 538 553 8356 537 554 8357 499 511 8358 501 512 8359 537 554 8360 495 507 8361 534 525 8362 533 555 8363 499 511 8364 536 546 8365 535 548 8366 552 557 8367 543 559 8368 546 558 8369 543 559 8370 544 562 8371 546 558 8372 544 562 8373 545 547 8374 546 558 8375 546 558 8376 547 563 8377 550 560 8378 547 563 8379 548 564 8380 550 560 8381 548 564 8382 549 561 8383 550 560 8384 550 560 8385 551 556 8386 546 558 8387 542 549 8388 533 555 8389 543 559 8390 539 552 8391 540 551 8392 550 560 8393 537 554 8394 547 563 8395 546 558 8396 533 555 8397 534 525 8398 544 562 8399 540 551 8400 541 550 8401 551 556 8402 538 553 8403 548 564 8404 547 563 8405 534 525 8406 535 548 8407 545 547 8408 542 549 8409 552 557 8410 551 556 8411 538 553 8412 539 552 8413 549 561 8414 553 565 8415 555 569 8416 556 566 8417 557 568 8418 558 571 8419 556 566 8420 557 568 8421 559 573 8422 560 570 8423 561 572 8424 562 576 8425 560 570 8426 554 567 8427 556 566 8428 558 571 8429 558 571 8430 560 570 8431 562 576 8432 562 576 8433 564 574 8434 558 571 8435 563 575 8436 564 574 8437 562 576 8438 563 575 8439 553 565 8440 554 567 8441 752 577 8442 572 606 8443 566 578 8444 596 580 8445 608 583 8446 602 581 8447 608 583 8448 620 649 8449 614 584 8450 614 584 8451 620 649 8452 632 585 8453 626 586 8454 632 585 8455 644 587 8456 644 587 8457 656 678 8458 650 589 8459 650 589 8460 656 678 8461 668 590 8462 662 591 8463 668 590 8464 680 592 8465 680 592 8466 692 710 8467 686 594 8468 686 594 8469 692 710 8470 704 595 8471 698 596 8472 704 595 8473 716 597 8474 716 597 8475 728 600 8476 722 599 8477 728 600 8478 740 751 8479 734 601 8480 734 601 8481 740 751 8482 752 577 8483 578 602 8484 584 615 8485 596 580 8486 595 603 8487 583 623 8488 571 622 8489 571 622 8490 751 764 8491 739 604 8492 739 604 8493 727 746 8494 691 605 8495 727 746 8496 715 734 8497 691 605 8498 715 734 8499 703 724 8500 691 605 8501 691 605 8502 679 704 8503 667 695 8504 667 695 8505 655 683 8506 643 673 8507 643 673 8508 631 664 8509 619 653 8510 619 653 8511 607 643 8512 595 603 8513 595 603 8514 571 622 8515 739 604 8516 691 605 8517 667 695 8518 595 603 8519 667 695 8520 643 673 8521 595 603 8522 643 673 8523 619 653 8524 595 603 8525 572 606 8526 584 615 8527 578 602 8528 578 602 8529 582 624 8530 570 607 8531 570 607 8532 582 624 8533 581 608 8534 581 608 8535 580 626 8536 568 610 8537 568 610 8538 580 626 8539 579 611 8540 567 612 8541 579 611 8542 577 613 8543 584 615 8544 572 606 8545 576 616 8546 576 616 8547 575 767 8548 587 618 8549 587 618 8550 575 767 8551 574 619 8552 574 619 8553 573 768 8554 585 621 8555 585 621 8556 573 768 8557 571 622 8558 590 582 8559 594 634 8560 582 624 8561 582 624 8562 594 634 8563 593 625 8564 593 625 8565 592 627 8566 580 626 8567 592 627 8568 591 637 8569 579 611 8570 579 611 8571 591 637 8572 589 628 8573 584 615 8574 588 617 8575 600 629 8576 588 617 8577 587 618 8578 599 630 8579 587 618 8580 586 620 8581 598 631 8582 598 631 8583 586 620 8584 585 621 8585 585 621 8586 583 623 8587 595 603 8588 590 582 8589 602 581 8590 606 633 8591 594 634 8592 606 633 8593 605 635 8594 605 635 8595 604 636 8596 592 627 8597 604 636 8598 603 638 8599 591 637 8600 603 638 8601 601 647 8602 589 628 8603 596 580 8604 600 629 8605 612 639 8606 612 639 8607 600 629 8608 599 630 8609 599 630 8610 598 631 8611 610 641 8612 610 641 8613 598 631 8614 597 632 8615 609 642 8616 597 632 8617 595 603 8618 614 584 8619 618 655 8620 606 633 8621 606 633 8622 618 655 8623 617 644 8624 617 644 8625 616 645 8626 604 636 8627 616 645 8628 615 646 8629 603 638 8630 615 646 8631 613 659 8632 601 647 8633 608 583 8634 612 639 8635 624 648 8636 612 639 8637 611 640 8638 623 650 8639 611 640 8640 610 641 8641 622 651 8642 610 641 8643 609 642 8644 621 652 8645 609 642 8646 607 643 8647 619 653 8648 614 584 8649 626 586 8650 630 654 8651 630 654 8652 629 656 8653 617 644 8654 629 656 8655 628 666 8656 616 645 8657 616 645 8658 628 666 8659 627 657 8660 615 646 8661 627 657 8662 625 658 8663 620 649 8664 624 648 8665 636 660 8666 636 660 8667 624 648 8668 623 650 8669 635 661 8670 623 650 8671 622 651 8672 622 651 8673 621 652 8674 633 663 8675 633 663 8676 621 652 8677 619 653 8678 638 588 8679 642 674 8680 630 654 8681 630 654 8682 642 674 8683 641 665 8684 641 665 8685 640 676 8686 628 666 8687 628 666 8688 640 676 8689 639 667 8690 627 657 8691 639 667 8692 637 668 8693 644 587 8694 632 585 8695 636 660 8696 636 660 8697 635 661 8698 647 670 8699 647 670 8700 635 661 8701 634 662 8702 634 662 8703 633 663 8704 645 672 8705 633 663 8706 631 664 8707 643 673 8708 650 589 8709 654 685 8710 642 674 8711 642 674 8712 654 685 8713 653 675 8714 653 675 8715 652 687 8716 640 676 8717 640 676 8718 652 687 8719 651 677 8720 651 677 8721 649 690 8722 637 668 8723 656 678 8724 644 587 8725 648 669 8726 660 679 8727 648 669 8728 647 670 8729 659 680 8730 647 670 8731 646 671 8732 646 671 8733 645 672 8734 657 682 8735 657 682 8736 645 672 8737 643 673 8738 650 589 8739 662 591 8740 666 684 8741 666 684 8742 665 697 8743 653 675 8744 653 675 8745 665 697 8746 664 686 8747 652 687 8748 664 686 8749 663 688 8750 651 677 8751 663 688 8752 661 689 8753 656 678 8754 660 679 8755 672 691 8756 672 691 8757 660 679 8758 659 680 8759 659 680 8760 658 681 8761 670 693 8762 658 681 8763 657 682 8764 669 694 8765 657 682 8766 655 683 8767 667 695 8768 674 593 8769 678 705 8770 666 684 8771 666 684 8772 678 705 8773 677 696 8774 677 696 8775 676 698 8776 664 686 8777 676 698 8778 675 708 8779 663 688 8780 663 688 8781 675 708 8782 673 699 8783 680 592 8784 668 590 8785 672 691 8786 672 691 8787 671 692 8788 683 701 8789 683 701 8790 671 692 8791 670 693 8792 670 693 8793 669 694 8794 681 703 8795 681 703 8796 669 694 8797 667 695 8798 686 594 8799 690 715 8800 678 705 8801 678 705 8802 690 715 8803 689 706 8804 689 706 8805 688 707 8806 676 698 8807 688 707 8808 687 718 8809 675 708 8810 675 708 8811 687 718 8812 685 709 8813 692 710 8814 680 592 8815 684 700 8816 684 700 8817 683 701 8818 695 712 8819 695 712 8820 683 701 8821 682 702 8822 682 702 8823 681 703 8824 693 714 8825 681 703 8826 679 704 8827 691 605 8828 698 596 8829 702 725 8830 690 715 8831 690 715 8832 702 725 8833 701 716 8834 701 716 8835 700 728 8836 688 707 8837 688 707 8838 700 728 8839 699 717 8840 687 718 8841 699 717 8842 697 719 8843 704 595 8844 692 710 8845 696 711 8846 696 711 8847 695 712 8848 707 721 8849 707 721 8850 695 712 8851 694 713 8852 694 713 8853 693 714 8854 705 723 8855 693 714 8856 691 605 8857 703 724 8858 710 598 8859 714 726 8860 702 725 8861 714 726 8862 713 737 8863 701 716 8864 701 716 8865 713 737 8866 712 727 8867 712 727 8868 711 729 8869 699 717 8870 711 729 8871 709 741 8872 697 719 8873 716 597 8874 704 595 8875 708 720 8876 720 730 8877 708 720 8878 707 721 8879 707 721 8880 706 722 8881 718 732 8882 718 732 8883 706 722 8884 705 723 8885 705 723 8886 703 724 8887 715 734 8888 710 598 8889 722 599 8890 726 735 8891 714 726 8892 726 735 8893 725 736 8894 713 737 8895 725 736 8896 724 738 8897 712 727 8898 724 738 8899 723 739 8900 711 729 8901 723 739 8902 721 740 8903 728 600 8904 716 597 8905 720 730 8906 720 730 8907 719 731 8908 731 743 8909 719 731 8910 718 732 8911 730 744 8912 718 732 8913 717 733 8914 729 745 8915 729 745 8916 717 733 8917 715 734 8918 722 599 8919 734 601 8920 738 747 8921 738 747 8922 737 756 8923 725 736 8924 725 736 8925 737 756 8926 736 748 8927 736 748 8928 735 749 8929 723 739 8930 735 749 8931 733 759 8932 721 740 8933 728 600 8934 732 742 8935 744 750 8936 732 742 8937 731 743 8938 743 752 8939 743 752 8940 731 743 8941 730 744 8942 730 744 8943 729 745 8944 741 754 8945 741 754 8946 729 745 8947 727 746 8948 746 579 8949 750 755 8950 738 747 8951 750 755 8952 749 765 8953 737 756 8954 737 756 8955 749 765 8956 748 757 8957 748 757 8958 747 766 8959 735 749 8960 735 749 8961 747 766 8962 745 758 8963 740 751 8964 744 750 8965 756 760 8966 756 760 8967 744 750 8968 743 752 8969 755 761 8970 743 752 8971 742 753 8972 742 753 8973 741 754 8974 753 763 8975 741 754 8976 739 604 8977 751 764 8978 566 578 8979 570 607 8980 750 755 8981 750 755 8982 570 607 8983 569 609 8984 749 765 8985 569 609 8986 568 610 8987 568 610 8988 567 612 8989 747 766 8990 747 766 8991 567 612 8992 565 614 8993 752 577 8994 756 760 8995 576 616 8996 576 616 8997 756 760 8998 755 761 8999 755 761 9000 754 762 9001 574 619 9002 574 619 9003 754 762 9004 753 763 9005 753 763 9006 751 764 9007 571 622 9008 769 769 9009 786 807 9010 785 770 9011 805 772 9012 806 775 9013 758 773 9014 806 775 9015 807 778 9016 759 776 9017 808 777 9018 760 780 9019 759 776 9020 808 777 9021 809 782 9022 761 779 9023 810 781 9024 762 784 9025 761 779 9026 811 783 9027 763 786 9028 762 784 9029 811 783 9030 812 787 9031 764 785 9032 812 787 9033 813 790 9034 765 788 9035 814 789 9036 766 792 9037 765 788 9038 814 789 9039 815 794 9040 767 791 9041 816 793 9042 768 771 9043 767 791 9044 816 793 9045 817 796 9046 769 769 9047 818 795 9048 770 798 9049 769 769 9050 818 795 9051 819 800 9052 771 797 9053 820 799 9054 772 801 9055 771 797 9056 820 799 9057 805 772 9058 757 774 9059 804 802 9060 789 820 9061 790 822 9062 790 822 9063 791 821 9064 804 802 9065 791 821 9066 792 803 9067 804 802 9068 792 803 9069 793 824 9070 794 823 9071 794 823 9072 795 825 9073 792 803 9074 795 825 9075 796 804 9076 792 803 9077 796 804 9078 797 827 9079 798 826 9080 798 826 9081 799 828 9082 796 804 9083 799 828 9084 800 829 9085 796 804 9086 800 829 9087 801 830 9088 802 832 9089 802 832 9090 803 831 9091 804 802 9092 800 829 9093 802 832 9094 796 804 9095 802 832 9096 804 802 9097 796 804 9098 761 779 9099 762 784 9100 779 805 9101 770 798 9102 787 809 9103 786 807 9104 762 784 9105 763 786 9106 780 808 9107 771 797 9108 788 812 9109 787 809 9110 763 786 9111 764 785 9112 781 810 9113 758 773 9114 773 815 9115 774 811 9116 772 801 9117 775 813 9118 788 812 9119 765 788 9120 782 814 9121 781 810 9122 757 774 9123 774 811 9124 775 813 9125 766 792 9126 783 816 9127 782 814 9128 759 776 9129 776 817 9130 773 815 9131 767 791 9132 784 818 9133 783 816 9134 760 780 9135 777 819 9136 776 817 9137 768 771 9138 785 770 9139 784 818 9140 760 780 9141 761 779 9142 778 806 9143 773 815 9144 790 822 9145 789 820 9146 773 815 9147 776 817 9148 791 821 9149 776 817 9150 777 819 9151 792 803 9152 778 806 9153 793 824 9154 792 803 9155 778 806 9156 779 805 9157 794 823 9158 780 808 9159 795 825 9160 794 823 9161 781 810 9162 796 804 9163 795 825 9164 782 814 9165 797 827 9166 796 804 9167 782 814 9168 783 816 9169 798 826 9170 783 816 9171 784 818 9172 799 828 9173 784 818 9174 785 770 9175 800 829 9176 786 807 9177 801 830 9178 800 829 9179 787 809 9180 802 832 9181 801 830 9182 787 809 9183 788 812 9184 803 831 9185 788 812 9186 775 813 9187 804 802 9188 774 811 9189 789 820 9190 804 802 9191 565 614 9192 805 772 9193 820 799 9194 733 759 9195 745 758 9196 820 799 9197 733 759 9198 819 800 9199 818 795 9200 721 740 9201 818 795 9202 817 796 9203 697 719 9204 709 741 9205 817 796 9206 685 709 9207 697 719 9208 816 793 9209 685 709 9210 815 794 9211 814 789 9212 661 689 9213 673 699 9214 814 789 9215 661 689 9216 813 790 9217 812 787 9218 637 668 9219 649 690 9220 812 787 9221 637 668 9222 811 783 9223 810 781 9224 625 658 9225 810 781 9226 809 782 9227 601 647 9228 613 659 9229 809 782 9230 589 628 9231 601 647 9232 808 777 9233 589 628 9234 807 778 9235 806 775 9236 577 613 9237 806 775 9238 805 772 9239 821 833 9240 822 2453 9241 824 834 9242 823 835 9243 824 834 9244 826 836 9245 826 836 9246 828 2454 9247 827 838 9248 827 838 9249 828 2454 9250 830 839 9251 830 839 9252 832 842 9253 831 841 9254 832 842 9255 822 2453 9256 821 833 9257 831 841 9258 821 833 9259 827 838 9260 821 833 9261 823 835 9262 827 838 9263 823 835 9264 825 837 9265 827 838 9266 833 843 9267 834 2455 9268 836 844 9269 835 845 9270 836 844 9271 838 846 9272 838 846 9273 840 2456 9274 839 848 9275 839 848 9276 840 2456 9277 842 849 9278 842 849 9279 844 852 9280 843 851 9281 844 852 9282 834 2455 9283 833 843 9284 843 851 9285 833 843 9286 839 848 9287 833 843 9288 835 845 9289 839 848 9290 835 845 9291 837 847 9292 839 848 9293 845 853 9294 846 2457 9295 848 854 9296 847 855 9297 848 854 9298 850 856 9299 850 856 9300 852 2458 9301 851 858 9302 851 858 9303 852 2458 9304 854 859 9305 854 859 9306 856 862 9307 855 861 9308 856 862 9309 846 2457 9310 845 853 9311 855 861 9312 845 853 9313 847 855 9314 847 855 9315 849 857 9316 851 858 9317 851 858 9318 853 860 9319 855 861 9320 857 863 9321 858 872 9322 860 864 9323 859 865 9324 860 864 9325 862 866 9326 862 866 9327 864 2459 9328 863 868 9329 863 868 9330 864 2459 9331 866 869 9332 866 869 9333 868 2460 9334 867 871 9335 867 871 9336 868 2460 9337 858 872 9338 867 871 9339 857 863 9340 859 865 9341 859 865 9342 861 867 9343 863 868 9344 863 868 9345 865 870 9346 859 865 9347 869 873 9348 870 2461 9349 872 874 9350 871 875 9351 872 874 9352 874 876 9353 874 876 9354 876 2462 9355 875 878 9356 875 878 9357 876 2462 9358 878 879 9359 878 879 9360 880 882 9361 879 881 9362 880 882 9363 870 2461 9364 869 873 9365 879 881 9366 869 873 9367 875 878 9368 869 873 9369 871 875 9370 875 878 9371 871 875 9372 873 877 9373 875 878 9374 1028 883 9375 1036 956 9376 895 884 9377 896 886 9378 895 884 9379 935 887 9380 881 889 9381 888 916 9382 889 890 9383 882 891 9384 889 890 9385 890 892 9386 883 893 9387 890 892 9388 891 894 9389 884 895 9390 891 894 9391 892 896 9392 892 896 9393 893 904 9394 886 898 9395 886 898 9396 893 904 9397 894 899 9398 1205 901 9399 1190 1264 9400 887 900 9401 1206 902 9402 1205 901 9403 894 899 9404 907 903 9405 894 899 9406 893 904 9407 913 905 9408 893 904 9409 892 896 9410 919 906 9411 892 896 9412 891 894 9413 925 907 9414 891 894 9415 890 892 9416 899 909 9417 898 961 9418 933 910 9419 950 912 9420 956 915 9421 955 913 9422 956 915 9423 950 912 9424 888 916 9425 1047 918 9426 930 920 9427 935 887 9428 930 920 9429 929 926 9430 934 888 9431 960 921 9432 928 923 9433 933 910 9434 928 923 9435 927 929 9436 932 911 9437 1046 924 9438 924 925 9439 930 920 9440 924 925 9441 923 934 9442 929 926 9443 959 927 9444 922 928 9445 928 923 9446 922 928 9447 921 937 9448 927 929 9449 954 930 9450 920 931 9451 926 914 9452 920 931 9453 919 906 9454 925 907 9455 1045 932 9456 918 933 9457 924 925 9458 918 933 9459 917 942 9460 923 934 9461 958 935 9462 916 936 9463 922 928 9464 916 936 9465 915 945 9466 921 937 9467 953 938 9468 914 939 9469 920 931 9470 914 939 9471 913 905 9472 919 906 9473 1044 940 9474 912 941 9475 918 933 9476 912 941 9477 911 950 9478 917 942 9479 957 943 9480 910 944 9481 916 936 9482 910 944 9483 909 953 9484 915 945 9485 952 946 9486 908 947 9487 914 939 9488 908 947 9489 907 903 9490 913 905 9491 1359 948 9492 1211 1308 9493 912 941 9494 912 941 9495 1211 1308 9496 1210 949 9497 1276 951 9498 1209 952 9499 910 944 9500 1209 952 9501 1208 1000 9502 909 953 9503 1269 954 9504 1207 955 9505 908 947 9506 1207 955 9507 1206 902 9508 907 903 9509 900 917 9510 899 909 9511 932 911 9512 1048 919 9513 935 887 9514 895 884 9515 906 957 9516 900 917 9517 888 916 9518 905 958 9519 899 909 9520 900 917 9521 904 959 9522 903 962 9523 897 960 9524 903 962 9525 902 963 9526 896 886 9527 902 963 9528 901 885 9529 895 884 9530 944 964 9531 945 986 9532 884 895 9533 883 965 9534 946 2463 9535 945 966 9536 887 966 9537 942 2464 9538 1259 965 9539 946 969 9540 947 971 9541 882 891 9542 949 970 9543 936 972 9544 905 958 9545 947 971 9546 948 975 9547 881 889 9548 936 972 9549 937 980 9550 951 973 9551 938 974 9552 939 976 9553 903 962 9554 948 975 9555 949 970 9556 906 957 9557 939 976 9558 940 977 9559 902 963 9560 940 977 9561 941 979 9562 901 885 9563 942 978 9564 943 981 9565 886 898 9566 941 979 9567 1104 988 9568 1028 883 9569 937 980 9570 938 974 9571 904 959 9572 943 981 9573 944 964 9574 885 897 9575 1259 982 9576 1313 1071 9577 988 983 9578 942 978 9579 988 983 9580 1022 984 9581 944 964 9582 1023 998 9583 1024 985 9584 991 987 9585 1177 1072 9586 1104 988 9587 889 890 9588 888 916 9589 950 912 9590 926 914 9591 925 907 9592 931 908 9593 1321 991 9594 1253 1326 9595 1254 989 9596 1254 989 9597 1255 1327 9598 1308 990 9599 993 992 9600 991 987 9601 941 979 9602 995 993 9603 993 992 9604 940 977 9605 985 994 9606 995 993 9607 939 976 9608 1027 995 9609 998 996 9610 949 970 9611 998 996 9612 996 1034 9613 936 972 9614 947 971 9615 1026 997 9616 1027 995 9617 946 969 9618 1025 999 9619 1026 997 9620 943 981 9621 1022 984 9622 1023 998 9623 945 986 9624 1024 985 9625 1025 999 9626 1208 1000 9627 1269 954 9628 952 946 9629 909 953 9630 952 946 9631 953 938 9632 915 945 9633 953 938 9634 954 930 9635 921 937 9636 954 930 9637 955 913 9638 927 929 9639 955 913 9640 956 915 9641 904 959 9642 898 961 9643 951 973 9644 898 961 9645 899 909 9646 951 973 9647 911 950 9648 1210 949 9649 1276 951 9650 911 950 9651 957 943 9652 958 935 9653 917 942 9654 958 935 9655 959 927 9656 923 934 9657 959 927 9658 960 921 9659 929 926 9660 960 921 9661 961 922 9662 961 922 9663 933 910 9664 898 961 9665 934 888 9666 961 922 9667 897 960 9668 1000 1001 9669 992 1032 9670 994 1002 9671 979 1004 9672 967 1063 9673 963 1003 9674 963 1003 9675 962 1006 9676 1015 1005 9677 962 1006 9678 964 1008 9679 1011 1007 9680 964 1008 9681 965 1010 9682 1007 1009 9683 965 1010 9684 966 1044 9685 1003 1011 9686 1003 1011 9687 966 1044 9688 1287 1012 9689 985 994 9690 996 1034 9691 973 1014 9692 975 1015 9693 974 1018 9694 1014 1016 9695 974 1018 9696 976 1020 9697 1010 1019 9698 976 1020 9699 977 1022 9700 1006 1021 9701 977 1022 9702 978 1024 9703 1002 1023 9704 978 1024 9705 1301 1041 9706 1329 1025 9707 986 1028 9708 1013 1059 9709 981 1029 9710 980 1030 9711 989 1035 9712 987 1026 9713 993 992 9714 992 1032 9715 990 1031 9716 995 993 9717 994 1002 9718 992 1032 9719 985 994 9720 979 1004 9721 994 1002 9722 997 1033 9723 973 1014 9724 996 1034 9725 989 1035 9726 997 1033 9727 998 996 9728 990 1031 9729 999 1064 9730 1179 1036 9731 997 1033 9732 975 1015 9733 972 1017 9734 1001 1038 9735 1327 1069 9736 1309 1039 9737 984 1040 9738 1309 1039 9739 1301 1041 9740 1002 1023 9741 1329 1025 9742 1293 1042 9743 971 1043 9744 1293 1042 9745 1287 1012 9746 1004 1045 9747 1003 1011 9748 1331 1013 9749 1004 1045 9750 1333 1046 9751 1536 1047 9752 1005 1049 9753 1001 1038 9754 984 1040 9755 983 1050 9756 984 1040 9757 978 1024 9758 1006 1021 9759 1002 1023 9760 971 1043 9761 970 1051 9762 971 1043 9763 966 1044 9764 1007 1009 9765 1003 1011 9766 1004 1045 9767 1008 1052 9768 1004 1045 9769 1183 1048 9770 1009 1054 9771 1005 1049 9772 983 1050 9773 982 1055 9774 983 1050 9775 977 1022 9776 1010 1019 9777 1006 1021 9778 970 1051 9779 969 1056 9780 970 1051 9781 965 1010 9782 1011 1007 9783 1007 1009 9784 1008 1052 9785 1012 1057 9786 1008 1052 9787 1182 1053 9788 1013 1059 9789 1009 1054 9790 982 1055 9791 981 1029 9792 982 1055 9793 976 1020 9794 1014 1016 9795 1010 1019 9796 969 1056 9797 968 1060 9798 969 1056 9799 964 1008 9800 1015 1005 9801 1011 1007 9802 1012 1057 9803 1016 1061 9804 1012 1057 9805 1181 1058 9806 972 1017 9807 1014 1016 9808 968 1060 9809 967 1063 9810 968 1060 9811 962 1006 9812 1000 1001 9813 1015 1005 9814 1016 1061 9815 999 1064 9816 1016 1061 9817 1180 1062 9818 975 1015 9819 997 1033 9820 989 1035 9821 974 1018 9822 975 1015 9823 980 1030 9824 967 1063 9825 979 1004 9826 973 1014 9827 1017 1027 9828 1018 1065 9829 1013 1059 9830 1018 1065 9831 1019 1066 9832 1009 1054 9833 1019 1066 9834 1020 1067 9835 1005 1049 9836 1020 1067 9837 1021 1068 9838 1001 1038 9839 1021 1068 9840 1351 1070 9841 1327 1069 9842 1351 1070 9843 1021 1068 9844 988 983 9845 1022 984 9846 988 983 9847 1021 1068 9848 1022 984 9849 1020 1067 9850 1019 1066 9851 1024 985 9852 1023 998 9853 1019 1066 9854 1025 999 9855 1024 985 9856 1018 1065 9857 1026 997 9858 1025 999 9859 1017 1027 9860 1027 995 9861 1026 997 9862 987 1026 9863 992 1032 9864 1000 1001 9865 999 1064 9866 990 1031 9867 1178 1037 9868 1177 1072 9869 1049 1073 9870 1036 956 9871 1028 883 9872 1050 1075 9873 1088 1106 9874 1089 1076 9875 1029 1077 9876 1030 1080 9877 1038 1078 9878 1030 1080 9879 1031 1082 9880 1039 1081 9881 1031 1082 9882 1032 1084 9883 1040 1083 9884 1032 1084 9885 1033 1087 9886 1041 1085 9887 1034 1086 9888 1042 1089 9889 1041 1085 9890 1034 1086 9891 1035 1091 9892 1043 1088 9893 1376 1090 9894 1043 1088 9895 1035 1091 9896 1043 1088 9897 1376 1090 9898 1382 1093 9899 1042 1089 9900 1043 1088 9901 1061 1094 9902 1041 1085 9903 1042 1089 9904 1067 1095 9905 1040 1083 9906 1041 1085 9907 1073 1096 9908 1039 1081 9909 1040 1083 9910 1079 1097 9911 1087 1099 9912 1052 1182 9913 1053 1100 9914 1110 1102 9915 1111 1105 9916 1105 1103 9917 1111 1105 9918 1054 1139 9919 1037 1079 9920 1089 1076 9921 1084 1107 9922 1047 918 9923 1088 1106 9924 1083 1111 9925 1084 1107 9926 1087 1099 9927 1082 1110 9928 1115 1108 9929 1086 1101 9930 1081 1114 9931 1082 1110 9932 1084 1107 9933 1078 1112 9934 1046 924 9935 1083 1111 9936 1077 1118 9937 1078 1112 9938 1082 1110 9939 1076 1115 9940 1114 1113 9941 1081 1114 9942 1075 1121 9943 1076 1115 9944 1080 1104 9945 1074 1117 9946 1109 1116 9947 1079 1097 9948 1073 1096 9949 1074 1117 9950 1078 1112 9951 1072 1119 9952 1045 932 9953 1077 1118 9954 1071 1125 9955 1072 1119 9956 1076 1115 9957 1070 1122 9958 1113 1120 9959 1075 1121 9960 1069 1128 9961 1070 1122 9962 1074 1117 9963 1068 1124 9964 1108 1123 9965 1073 1096 9966 1067 1095 9967 1068 1124 9968 1072 1119 9969 1066 1126 9970 1044 940 9971 1071 1125 9972 1065 1181 9973 1066 1126 9974 1070 1122 9975 1064 1129 9976 1112 1127 9977 1069 1128 9978 1063 1135 9979 1064 1129 9980 1068 1124 9981 1062 1131 9982 1107 1130 9983 1067 1095 9984 1061 1094 9985 1062 1131 9986 1066 1126 9987 1387 1133 9988 1359 948 9989 1066 1126 9990 1065 1181 9991 1386 1132 9992 1064 1129 9993 1385 1136 9994 1453 1134 9995 1063 1135 9996 1384 1180 9997 1385 1136 9998 1062 1131 9999 1383 1138 10000 1446 1137 10001 1061 1094 10002 1382 1093 10003 1383 1138 10004 1054 1139 10005 1111 1105 10006 1086 1101 10007 1049 1073 10008 1089 1076 10009 1048 919 10010 1037 1079 10011 1054 1139 10012 1060 1140 10013 1054 1139 10014 1053 1100 10015 1059 1141 10016 1058 1142 10017 1052 1182 10018 1051 1143 10019 1057 1144 10020 1051 1143 10021 1050 1075 10022 1056 1145 10023 1050 1075 10024 1049 1073 10025 1032 1084 10026 1099 1147 10027 1098 1146 10028 1031 1082 10029 1100 1178 10030 1099 1147 10031 1035 1091 10032 1096 1159 10033 1435 1148 10034 1100 1149 10035 1101 966 10036 1030 1150 10037 1059 1141 10038 1090 1154 10039 1103 1151 10040 1029 1077 10041 1102 1156 10042 1101 1152 10043 1106 1153 10044 1091 1161 10045 1090 1154 10046 1057 1144 10047 1093 1157 10048 1092 1155 10049 1060 1140 10050 1103 1151 10051 1102 1156 10052 1056 1145 10053 1094 1158 10054 1093 1157 10055 1055 1074 10056 1095 1160 10057 1094 1158 10058 1034 1086 10059 1097 1162 10060 1096 1159 10061 1028 883 10062 1104 988 10063 1095 1160 10064 1058 1142 10065 1092 1155 10066 1091 1161 10067 1033 1087 10068 1098 1146 10069 1097 1162 10070 1435 1148 10071 1096 1159 10072 1143 1163 10073 1096 1159 10074 1097 1162 10075 1184 1165 10076 1098 1146 10077 1099 1147 10078 1186 1166 10079 1104 988 10080 1177 1072 10081 1146 1168 10082 1105 1103 10083 1037 1079 10084 1038 1078 10085 1085 1098 10086 1079 1097 10087 1080 1104 10088 1430 1171 10089 1429 1481 10090 1498 1531 10091 1498 1531 10092 1485 1169 10093 1430 1171 10094 1095 1160 10095 1146 1168 10096 1148 1172 10097 1094 1158 10098 1148 1172 10099 1150 1173 10100 1093 1157 10101 1150 1173 10102 1140 1174 10103 1103 1151 10104 1153 1176 10105 1189 1175 10106 1090 1154 10107 1151 1215 10108 1153 1176 10109 1101 1152 10110 1102 1156 10111 1189 1175 10112 1100 1178 10113 1101 1152 10114 1188 1177 10115 1097 1162 10116 1098 1146 10117 1185 1167 10118 1099 1147 10119 1100 1178 10120 1187 1179 10121 1107 1130 10122 1446 1137 10123 1384 1180 10124 1108 1123 10125 1107 1130 10126 1063 1135 10127 1109 1116 10128 1108 1123 10129 1069 1128 10130 1110 1102 10131 1109 1116 10132 1075 1121 10133 1111 1105 10134 1110 1102 10135 1081 1114 10136 1053 1100 10137 1052 1182 10138 1106 1153 10139 1052 1182 10140 1058 1142 10141 1106 1153 10142 1065 1181 10143 1112 1127 10144 1453 1134 10145 1113 1120 10146 1112 1127 10147 1065 1181 10148 1114 1113 10149 1113 1120 10150 1071 1125 10151 1115 1108 10152 1114 1113 10153 1077 1118 10154 1116 1109 10155 1115 1108 10156 1083 1111 10157 1052 1182 10158 1087 1099 10159 1116 1109 10160 1088 1106 10161 1050 1075 10162 1051 1143 10163 1155 1183 10164 1118 1186 10165 1149 1184 10166 1118 1186 10167 1122 1237 10168 1134 1187 10169 1170 1188 10170 1117 1190 10171 1118 1186 10172 1166 1189 10173 1119 1192 10174 1117 1190 10175 1162 1191 10176 1120 1194 10177 1119 1192 10178 1158 1193 10179 1121 1196 10180 1120 1194 10181 1158 1193 10182 1508 1225 10183 1464 1195 10184 1128 1197 10185 1151 1215 10186 1140 1174 10187 1169 1198 10188 1129 1202 10189 1130 1199 10190 1165 1201 10191 1131 1204 10192 1129 1202 10193 1161 1203 10194 1132 1206 10195 1131 1204 10196 1157 1205 10197 1133 1208 10198 1132 1206 10199 1506 1207 10200 1478 1221 10201 1133 1208 10202 1136 1212 10203 1168 1234 10204 1141 1210 10205 1142 1209 10206 1144 1217 10207 1135 1213 10208 1148 1172 10209 1146 1168 10210 1145 1214 10211 1150 1173 10212 1148 1172 10213 1147 1185 10214 1140 1174 10215 1150 1173 10216 1149 1184 10217 1151 1215 10218 1128 1197 10219 1152 1216 10220 1153 1176 10221 1152 1216 10222 1144 1217 10223 1179 1036 10224 1154 1238 10225 1145 1214 10226 1152 1216 10227 1128 1197 10228 1127 1200 10229 1486 1218 10230 1504 1242 10231 1156 1219 10232 1478 1221 10233 1486 1218 10234 1139 1220 10235 1470 1222 10236 1506 1207 10237 1157 1205 10238 1464 1195 10239 1470 1222 10240 1126 1223 10241 1159 1224 10242 1510 966 10243 1508 1225 10244 1536 1047 10245 1510 966 10246 1159 1224 10247 1139 1220 10248 1156 1219 10249 1160 1226 10250 1133 1208 10251 1139 1220 10252 1138 1227 10253 1126 1223 10254 1157 1205 10255 1161 1203 10256 1121 1196 10257 1126 1223 10258 1125 1228 10259 1159 1224 10260 1158 1193 10261 1162 1191 10262 1183 1048 10263 1159 1224 10264 1163 1229 10265 1138 1227 10266 1160 1226 10267 1164 1230 10268 1132 1206 10269 1138 1227 10270 1137 1231 10271 1125 1228 10272 1161 1203 10273 1165 1201 10274 1120 1194 10275 1125 1228 10276 1124 1232 10277 1163 1229 10278 1162 1191 10279 1166 1189 10280 1182 1053 10281 1163 1229 10282 1167 1233 10283 1137 1231 10284 1164 1230 10285 1168 1234 10286 1131 1204 10287 1137 1231 10288 1136 1212 10289 1124 1232 10290 1165 1201 10291 1169 1198 10292 1119 1192 10293 1124 1232 10294 1123 1235 10295 1167 1233 10296 1166 1189 10297 1170 1188 10298 1181 1058 10299 1167 1233 10300 1171 1236 10301 1123 1235 10302 1169 1198 10303 1127 1200 10304 1117 1190 10305 1123 1235 10306 1122 1237 10307 1171 1236 10308 1170 1188 10309 1155 1183 10310 1180 1062 10311 1171 1236 10312 1154 1238 10313 1130 1199 10314 1135 1213 10315 1144 1217 10316 1135 1213 10317 1130 1199 10318 1129 1202 10319 1128 1197 10320 1134 1187 10321 1122 1237 10322 1168 1234 10323 1173 1239 10324 1172 1211 10325 1164 1230 10326 1174 1240 10327 1173 1239 10328 1160 1226 10329 1175 1241 10330 1174 1240 10331 1156 1219 10332 1176 1243 10333 1175 1241 10334 1504 1242 10335 1530 1244 10336 1176 1243 10337 1530 1244 10338 1490 1164 10339 1143 1163 10340 1184 1165 10341 1175 1241 10342 1176 1243 10343 1174 1240 10344 1175 1241 10345 1184 1165 10346 1186 1166 10347 1173 1239 10348 1174 1240 10349 1187 1179 10350 1172 1211 10351 1173 1239 10352 1188 1177 10353 1142 1209 10354 1172 1211 10355 1189 1175 10356 1144 1217 10357 1142 1209 10358 1147 1185 10359 1145 1214 10360 1154 1238 10361 1177 1072 10362 1178 1037 10363 1145 1214 10364 1212 1245 10365 1368 1311 10366 1360 1246 10367 1213 1248 10368 1251 1279 10369 1252 1249 10370 1191 1250 10371 1192 1253 10372 1199 1251 10373 1192 1253 10374 1193 1255 10375 1200 1254 10376 1193 1255 10377 1194 1257 10378 1201 1256 10379 1194 1257 10380 1195 1260 10381 1202 1258 10382 1196 1259 10383 1203 1262 10384 1202 1258 10385 1196 1259 10386 1197 1263 10387 1204 1261 10388 1205 901 10389 1204 1261 10390 1197 1263 10391 1204 1261 10392 1205 901 10393 1206 902 10394 1203 1262 10395 1204 1261 10396 1224 1265 10397 1202 1258 10398 1203 1262 10399 1230 1266 10400 1201 1256 10401 1202 1258 10402 1236 1267 10403 1200 1254 10404 1201 1256 10405 1242 1268 10406 1250 1270 10407 1215 1349 10408 1216 1271 10409 1274 1273 10410 1275 1276 10411 1268 1274 10412 1275 1276 10413 1217 1310 10414 1198 1252 10415 1252 1249 10416 1247 1280 10417 1380 1277 10418 1251 1279 10419 1246 1285 10420 1247 1280 10421 1250 1270 10422 1245 1283 10423 1280 1281 10424 1249 1272 10425 1244 1288 10426 1245 1283 10427 1247 1280 10428 1241 1286 10429 1379 1284 10430 1246 1285 10431 1240 1293 10432 1241 1286 10433 1245 1283 10434 1239 1289 10435 1279 1287 10436 1244 1288 10437 1238 1296 10438 1239 1289 10439 1243 1275 10440 1237 1291 10441 1273 1290 10442 1242 1268 10443 1236 1267 10444 1237 1291 10445 1241 1286 10446 1235 1294 10447 1378 1292 10448 1240 1293 10449 1234 1301 10450 1235 1294 10451 1239 1289 10452 1233 1297 10453 1278 1295 10454 1238 1296 10455 1232 1304 10456 1233 1297 10457 1237 1291 10458 1231 1299 10459 1272 1298 10460 1236 1267 10461 1230 1266 10462 1231 1299 10463 1235 1294 10464 1229 1302 10465 1377 1300 10466 1234 1301 10467 1228 1348 10468 1229 1302 10469 1233 1297 10470 1227 1305 10471 1277 1303 10472 1232 1304 10473 1226 1309 10474 1227 1305 10475 1231 1299 10476 1225 1307 10477 1271 1306 10478 1230 1266 10479 1224 1265 10480 1225 1307 10481 1229 1302 10482 1211 1308 10483 1359 948 10484 1229 1302 10485 1228 1348 10486 1210 949 10487 1227 1305 10488 1209 952 10489 1276 951 10490 1226 1309 10491 1208 1000 10492 1209 952 10493 1225 1307 10494 1207 955 10495 1269 954 10496 1224 1265 10497 1206 902 10498 1207 955 10499 1217 1310 10500 1275 1276 10501 1249 1272 10502 1212 1245 10503 1252 1249 10504 1381 1278 10505 1198 1252 10506 1217 1310 10507 1223 1312 10508 1217 1310 10509 1216 1271 10510 1222 1313 10511 1221 1314 10512 1215 1349 10513 1214 1315 10514 1220 1316 10515 1214 1315 10516 1213 1248 10517 1219 1317 10518 1213 1248 10519 1212 1245 10520 1194 1257 10521 1263 1347 10522 1262 1318 10523 1263 1319 10524 1264 1321 10525 1193 1320 10526 1197 1263 10527 1260 1331 10528 1259 982 10529 1264 1321 10530 1265 966 10531 1192 1322 10532 1222 1313 10533 1253 1326 10534 1267 1323 10535 1191 1250 10536 1266 1328 10537 1265 1324 10538 1270 1325 10539 1254 989 10540 1253 1326 10541 1220 1316 10542 1256 1329 10543 1255 1327 10544 1223 1312 10545 1267 1323 10546 1266 1328 10547 1219 1317 10548 1257 1330 10549 1256 1329 10550 1218 1247 10551 1258 1332 10552 1257 1330 10553 1196 1259 10554 1261 1333 10555 1260 1331 10556 1360 1246 10557 1444 1338 10558 1258 1332 10559 1221 1314 10560 1255 1327 10561 1254 989 10562 1195 1260 10563 1262 1318 10564 1261 1333 10565 1259 982 10566 1260 1331 10567 1312 1334 10568 1260 1331 10569 1261 1333 10570 1352 1335 10571 1262 1318 10572 1263 1347 10573 1354 1336 10574 1444 1338 10575 1528 1409 10576 1316 1339 10577 1268 1274 10578 1198 1252 10579 1199 1251 10580 1248 1269 10581 1242 1268 10582 1243 1275 10583 1258 1332 10584 1316 1339 10585 1318 1340 10586 1257 1330 10587 1318 1340 10588 1320 1341 10589 1256 1329 10590 1320 1341 10591 1308 990 10592 1267 1323 10593 1323 1343 10594 1357 1342 10595 1253 1326 10596 1321 991 10597 1323 1343 10598 1265 1324 10599 1266 1328 10600 1357 1342 10601 1264 1345 10602 1265 1324 10603 1356 1344 10604 1261 1333 10605 1262 1318 10606 1353 1337 10607 1263 1347 10608 1264 1345 10609 1355 1346 10610 1271 1306 10611 1269 954 10612 1208 1000 10613 1272 1298 10614 1271 1306 10615 1226 1309 10616 1273 1290 10617 1272 1298 10618 1232 1304 10619 1274 1273 10620 1273 1290 10621 1238 1296 10622 1275 1276 10623 1274 1273 10624 1244 1288 10625 1216 1271 10626 1215 1349 10627 1270 1325 10628 1215 1349 10629 1221 1314 10630 1270 1325 10631 1228 1348 10632 1277 1303 10633 1276 951 10634 1278 1295 10635 1277 1303 10636 1228 1348 10637 1279 1287 10638 1278 1295 10639 1234 1301 10640 1280 1281 10641 1279 1287 10642 1240 1293 10643 1281 1282 10644 1280 1281 10645 1246 1285 10646 1215 1349 10647 1250 1270 10648 1281 1282 10649 1251 1279 10650 1213 1248 10651 1214 1315 10652 1325 1350 10653 1283 1353 10654 1319 1351 10655 1283 1353 10656 1288 1403 10657 1302 1354 10658 1344 1355 10659 1282 1357 10660 1283 1353 10661 1340 1356 10662 1284 1359 10663 1282 1357 10664 1336 1358 10665 1285 1361 10666 1284 1359 10667 1330 1360 10668 1286 1362 10669 1285 1361 10670 1330 1360 10671 1331 1013 10672 1287 1012 10673 1295 1363 10674 1321 991 10675 1308 990 10676 1343 1364 10677 1296 1368 10678 1297 1365 10679 1339 1367 10680 1298 1370 10681 1296 1368 10682 1335 1369 10683 1299 1372 10684 1298 1370 10685 1328 1371 10686 1300 1373 10687 1299 1372 10688 1329 1025 10689 1301 1041 10690 1300 1373 10691 1304 1377 10692 1342 1399 10693 1310 1375 10694 1311 1374 10695 1314 1381 10696 1303 1378 10697 1318 1340 10698 1316 1339 10699 1315 1379 10700 1320 1341 10701 1318 1340 10702 1317 1352 10703 1308 990 10704 1320 1341 10705 1319 1351 10706 1321 991 10707 1295 1363 10708 1322 1380 10709 1323 1343 10710 1322 1380 10711 1314 1381 10712 1531 1382 10713 1324 1404 10714 1315 1379 10715 1322 1380 10716 1295 1363 10717 1294 1366 10718 1309 1039 10719 1327 1069 10720 1326 1384 10721 1301 1041 10722 1309 1039 10723 1307 1385 10724 1293 1042 10725 1329 1025 10726 1328 1371 10727 1287 1012 10728 1293 1042 10729 1292 1386 10730 1332 1387 10731 1333 1046 10732 1331 1013 10733 1536 1047 10734 1333 1046 10735 1332 1387 10736 1307 1385 10737 1326 1384 10738 1334 1389 10739 1300 1373 10740 1307 1385 10741 1306 1390 10742 1292 1386 10743 1328 1371 10744 1335 1369 10745 1286 1362 10746 1292 1386 10747 1291 1391 10748 1332 1387 10749 1330 1360 10750 1336 1358 10751 1535 1388 10752 1332 1387 10753 1337 1392 10754 1306 1390 10755 1334 1389 10756 1338 1394 10757 1299 1372 10758 1306 1390 10759 1305 1395 10760 1291 1391 10761 1335 1369 10762 1339 1367 10763 1285 1361 10764 1291 1391 10765 1290 1396 10766 1337 1392 10767 1336 1358 10768 1340 1356 10769 1534 1393 10770 1337 1392 10771 1341 1397 10772 1305 1395 10773 1338 1394 10774 1342 1399 10775 1298 1370 10776 1305 1395 10777 1304 1377 10778 1290 1396 10779 1339 1367 10780 1343 1364 10781 1284 1359 10782 1290 1396 10783 1289 1400 10784 1341 1397 10785 1340 1356 10786 1344 1355 10787 1533 1398 10788 1341 1397 10789 1345 1401 10790 1289 1400 10791 1343 1364 10792 1294 1366 10793 1282 1357 10794 1289 1400 10795 1288 1403 10796 1345 1401 10797 1344 1355 10798 1325 1350 10799 1532 1402 10800 1345 1401 10801 1324 1404 10802 1297 1365 10803 1303 1378 10804 1314 1381 10805 1303 1378 10806 1297 1365 10807 1296 1368 10808 1295 1363 10809 1302 1354 10810 1288 1403 10811 1342 1399 10812 1347 1405 10813 1346 1376 10814 1338 1394 10815 1348 1406 10816 1347 1405 10817 1334 1389 10818 1349 1407 10819 1348 1406 10820 1326 1384 10821 1350 1408 10822 1349 1407 10823 1327 1069 10824 1351 1070 10825 1350 1408 10826 1351 1070 10827 1313 1071 10828 1312 1334 10829 1352 1335 10830 1349 1407 10831 1350 1408 10832 1348 1406 10833 1349 1407 10834 1352 1335 10835 1354 1336 10836 1347 1405 10837 1348 1406 10838 1355 1346 10839 1346 1376 10840 1347 1405 10841 1356 1344 10842 1311 1374 10843 1346 1376 10844 1357 1342 10845 1314 1381 10846 1311 1374 10847 1317 1352 10848 1315 1379 10849 1324 1404 10850 1528 1409 10851 1529 1383 10852 1315 1379 10853 1360 1246 10854 1368 1311 10855 1388 1410 10856 1389 1412 10857 1388 1410 10858 1428 1413 10859 1361 1415 10860 1369 1440 10861 1370 1416 10862 1362 1417 10863 1370 1416 10864 1371 1418 10865 1363 1419 10866 1371 1418 10867 1372 1420 10868 1364 1421 10869 1372 1420 10870 1373 1422 10871 1373 1422 10872 1374 1428 10873 1366 1424 10874 1366 1424 10875 1374 1428 10876 1375 1425 10877 1376 1090 10878 1358 1092 10879 1367 1426 10880 1382 1093 10881 1376 1090 10882 1375 1425 10883 1400 1427 10884 1375 1425 10885 1374 1428 10886 1406 1429 10887 1374 1428 10888 1373 1422 10889 1412 1430 10890 1373 1422 10891 1372 1420 10892 1418 1431 10893 1372 1420 10894 1371 1418 10895 1392 1433 10896 1391 1473 10897 1426 1434 10898 1445 1436 10899 1452 1439 10900 1451 1437 10901 1452 1439 10902 1445 1436 10903 1369 1440 10904 1380 1277 10905 1423 1442 10906 1428 1413 10907 1423 1442 10908 1422 1447 10909 1427 1414 10910 1457 1443 10911 1421 1445 10912 1426 1434 10913 1421 1445 10914 1420 1450 10915 1425 1435 10916 1379 1284 10917 1417 1446 10918 1423 1442 10919 1417 1446 10920 1416 1454 10921 1422 1447 10922 1456 1448 10923 1415 1449 10924 1421 1445 10925 1415 1449 10926 1414 1457 10927 1420 1450 10928 1450 1451 10929 1413 1452 10930 1419 1438 10931 1413 1452 10932 1412 1430 10933 1418 1431 10934 1378 1292 10935 1411 1453 10936 1417 1446 10937 1411 1453 10938 1410 1461 10939 1416 1454 10940 1455 1455 10941 1409 1456 10942 1415 1449 10943 1409 1456 10944 1408 1464 10945 1414 1457 10946 1449 1458 10947 1407 1459 10948 1413 1452 10949 1407 1459 10950 1406 1429 10951 1412 1430 10952 1377 1300 10953 1405 1460 10954 1411 1453 10955 1405 1460 10956 1404 1467 10957 1410 1461 10958 1454 1462 10959 1403 1463 10960 1409 1456 10961 1403 1463 10962 1402 1468 10963 1408 1464 10964 1448 1465 10965 1401 1466 10966 1407 1459 10967 1401 1466 10968 1400 1427 10969 1406 1429 10970 1359 948 10971 1387 1133 10972 1405 1460 10973 1405 1460 10974 1387 1133 10975 1386 1132 10976 1453 1134 10977 1385 1136 10978 1403 1463 10979 1385 1136 10980 1384 1180 10981 1402 1468 10982 1446 1137 10983 1383 1138 10984 1401 1466 10985 1383 1138 10986 1382 1093 10987 1400 1427 10988 1393 1441 10989 1392 1433 10990 1425 1435 10991 1381 1278 10992 1428 1413 10993 1388 1410 10994 1399 1469 10995 1393 1441 10996 1369 1440 10997 1398 1470 10998 1392 1433 10999 1393 1441 11000 1397 1471 11001 1396 1474 11002 1390 1472 11003 1396 1474 11004 1395 1475 11005 1389 1412 11006 1395 1475 11007 1394 1411 11008 1388 1410 11009 1438 1476 11010 1439 1477 11011 1364 1421 11012 1439 1477 11013 1440 1497 11014 1363 1419 11015 1435 1148 11016 1436 1486 11017 1367 1426 11018 1362 966 11019 1441 2465 11020 1440 966 11021 1443 1479 11022 1429 1481 11023 1398 1470 11024 1441 1480 11025 1442 1483 11026 1361 1415 11027 1429 1481 11028 1430 1171 11029 1447 1482 11030 1431 1170 11031 1432 1484 11032 1396 1474 11033 1442 1483 11034 1443 1479 11035 1399 1469 11036 1432 1484 11037 1433 1485 11038 1395 1475 11039 1433 1485 11040 1434 1487 11041 1394 1411 11042 1436 1486 11043 1437 1488 11044 1366 1424 11045 1434 1487 11046 1444 1338 11047 1360 1246 11048 1430 1171 11049 1431 1170 11050 1397 1471 11051 1437 1488 11052 1438 1476 11053 1365 1423 11054 1435 1148 11055 1490 1164 11056 1489 1489 11057 1436 1486 11058 1489 1489 11059 1537 1490 11060 1438 1476 11061 1538 1499 11062 1539 1491 11063 1493 1492 11064 1528 1409 11065 1444 1338 11066 1370 1416 11067 1369 1440 11068 1445 1436 11069 1419 1438 11070 1418 1431 11071 1424 1432 11072 937 980 11073 936 972 11074 996 1034 11075 996 1034 11076 985 994 11077 937 980 11078 1495 1493 11079 1493 1492 11080 1434 1487 11081 1497 1494 11082 1495 1493 11083 1433 1485 11084 1485 1169 11085 1497 1494 11086 1432 1484 11087 1542 1495 11088 1500 1496 11089 1443 1479 11090 1500 1496 11091 1498 1531 11092 1429 1481 11093 1441 1480 11094 1541 1498 11095 1542 1495 11096 1440 1497 11097 1540 1500 11098 1541 1498 11099 1437 1488 11100 1537 1490 11101 1538 1499 11102 1439 1477 11103 1539 1491 11104 1540 1500 11105 1384 1180 11106 1446 1137 11107 1448 1465 11108 1402 1468 11109 1448 1465 11110 1449 1458 11111 1408 1464 11112 1449 1458 11113 1450 1451 11114 1414 1457 11115 1450 1451 11116 1451 1437 11117 1420 1450 11118 1451 1437 11119 1452 1439 11120 1397 1471 11121 1391 1473 11122 1447 1482 11123 1391 1473 11124 1392 1433 11125 1447 1482 11126 1404 1467 11127 1386 1132 11128 1453 1134 11129 1404 1467 11130 1454 1462 11131 1455 1455 11132 1410 1461 11133 1455 1455 11134 1456 1448 11135 1416 1454 11136 1456 1448 11137 1457 1443 11138 1422 1447 11139 1457 1443 11140 1458 1444 11141 1458 1444 11142 1426 1434 11143 1391 1473 11144 1427 1414 11145 1458 1444 11146 1390 1472 11147 1502 1501 11148 1494 1529 11149 1496 1502 11150 1479 1504 11151 1465 1549 11152 1460 1503 11153 1460 1503 11154 1459 1506 11155 1521 1505 11156 1459 1506 11157 1461 1508 11158 1517 1507 11159 1461 1508 11160 1462 1510 11161 1513 1509 11162 1462 1510 11163 1463 1536 11164 1507 1511 11165 1507 1511 11166 1463 1536 11167 1464 1195 11168 1485 1169 11169 1498 1531 11170 1472 1512 11171 1474 1513 11172 1473 1516 11173 1520 1514 11174 1473 1516 11175 1475 1518 11176 1516 1517 11177 1475 1518 11178 1476 1520 11179 1512 1519 11180 1476 1520 11181 1477 1522 11182 1505 1521 11183 1477 1522 11184 1478 1221 11185 1506 1207 11186 1487 1525 11187 1519 1546 11188 1481 1526 11189 1480 1527 11190 1491 1532 11191 1488 1523 11192 1495 1493 11193 1494 1529 11194 1492 1528 11195 1497 1494 11196 1496 1502 11197 1494 1529 11198 1485 1169 11199 1479 1504 11200 1496 1502 11201 1499 1530 11202 1472 1512 11203 1498 1531 11204 1491 1532 11205 1499 1530 11206 1500 1496 11207 1492 1528 11208 1501 1550 11209 1531 1382 11210 1499 1530 11211 1474 1513 11212 1471 1515 11213 1503 1533 11214 1504 1242 11215 1486 1218 11216 1484 1534 11217 1486 1218 11218 1478 1221 11219 1505 1521 11220 1506 1207 11221 1470 1222 11222 1469 1535 11223 1470 1222 11224 1464 1195 11225 1509 1537 11226 1507 1511 11227 1508 1225 11228 1509 1537 11229 1510 966 11230 1536 1047 11231 1511 1538 11232 1503 1533 11233 1484 1534 11234 1483 1539 11235 1484 1534 11236 1477 1522 11237 1512 1519 11238 1505 1521 11239 1469 1535 11240 1468 1540 11241 1469 1535 11242 1463 1536 11243 1513 1509 11244 1507 1511 11245 1509 1537 11246 1514 1541 11247 1509 1537 11248 1535 1388 11249 1515 1542 11250 1511 1538 11251 1483 1539 11252 1482 1543 11253 1483 1539 11254 1476 1520 11255 1516 1517 11256 1512 1519 11257 1468 1540 11258 1467 1544 11259 1468 1540 11260 1462 1510 11261 1517 1507 11262 1513 1509 11263 1514 1541 11264 1518 1545 11265 1514 1541 11266 1534 1393 11267 1519 1546 11268 1515 1542 11269 1482 1543 11270 1481 1526 11271 1482 1543 11272 1475 1518 11273 1520 1514 11274 1516 1517 11275 1467 1544 11276 1466 1547 11277 1467 1544 11278 1461 1508 11279 1521 1505 11280 1517 1507 11281 1518 1545 11282 1522 1548 11283 1518 1545 11284 1533 1398 11285 1471 1515 11286 1520 1514 11287 1466 1547 11288 1465 1549 11289 1466 1547 11290 1459 1506 11291 1502 1501 11292 1521 1505 11293 1522 1548 11294 1501 1550 11295 1522 1548 11296 1532 1402 11297 1474 1513 11298 1499 1530 11299 1491 1532 11300 1473 1516 11301 1474 1513 11302 1480 1527 11303 1465 1549 11304 1479 1504 11305 1472 1512 11306 1523 1524 11307 1524 1551 11308 1519 1546 11309 1524 1551 11310 1525 1552 11311 1515 1542 11312 1525 1552 11313 1526 1553 11314 1511 1538 11315 1526 1553 11316 1527 1554 11317 1503 1533 11318 1527 1554 11319 1530 1244 11320 1504 1242 11321 1530 1244 11322 1527 1554 11323 1489 1489 11324 1537 1490 11325 1489 1489 11326 1527 1554 11327 1537 1490 11328 1526 1553 11329 1525 1552 11330 1539 1491 11331 1538 1499 11332 1525 1552 11333 1540 1500 11334 1539 1491 11335 1524 1551 11336 1541 1498 11337 1540 1500 11338 1523 1524 11339 1542 1495 11340 1541 1498 11341 1488 1523 11342 1494 1529 11343 1502 1501 11344 1501 1550 11345 1492 1528 11346 1529 1383 11347 1528 1409 11348 1730 1555 11349 1550 1745 11350 1544 1556 11351 1574 1558 11352 1586 1617 11353 1580 1559 11354 1580 1559 11355 1586 1617 11356 1598 1561 11357 1598 1561 11358 1610 1564 11359 1604 1563 11360 1610 1564 11361 1622 1648 11362 1616 1565 11363 1616 1565 11364 1622 1648 11365 1634 1566 11366 1634 1566 11367 1646 1670 11368 1640 1568 11369 1640 1568 11370 1646 1670 11371 1658 1569 11372 1652 1570 11373 1658 1569 11374 1670 1571 11375 1664 1572 11376 1670 1571 11377 1682 1573 11378 1682 1573 11379 1694 1576 11380 1688 1575 11381 1694 1576 11382 1706 1578 11383 1700 1577 11384 1706 1578 11385 1718 1580 11386 1712 1579 11387 1718 1580 11388 1730 1555 11389 1724 1557 11390 1562 1581 11391 1574 1558 11392 1568 1560 11393 1573 1584 11394 1561 1602 11395 1717 1733 11396 1561 1602 11397 1549 1601 11398 1717 1733 11399 1549 1601 11400 1729 1742 11401 1717 1733 11402 1717 1733 11403 1705 1722 11404 1693 1713 11405 1693 1713 11406 1681 1702 11407 1669 1585 11408 1669 1585 11409 1657 1682 11410 1645 1674 11411 1645 1674 11412 1633 1663 11413 1669 1585 11414 1633 1663 11415 1621 1652 11416 1669 1585 11417 1621 1652 11418 1609 1642 11419 1597 1583 11420 1597 1583 11421 1585 1622 11422 1573 1584 11423 1717 1733 11424 1693 1713 11425 1573 1584 11426 1693 1713 11427 1669 1585 11428 1573 1584 11429 1621 1652 11430 1597 1583 11431 1669 1585 11432 1544 1556 11433 1550 1745 11434 1562 1581 11435 1556 1582 11436 1560 1603 11437 1548 1586 11438 1548 1586 11439 1560 1603 11440 1559 1587 11441 1547 1588 11442 1559 1587 11443 1558 1589 11444 1546 1590 11445 1558 1589 11446 1557 1591 11447 1557 1591 11448 1555 1608 11449 1543 1593 11450 1562 1581 11451 1550 1745 11452 1554 1594 11453 1554 1594 11454 1553 1597 11455 1565 1596 11456 1553 1597 11457 1552 1599 11458 1564 1598 11459 1552 1599 11460 1551 1746 11461 1563 1600 11462 1563 1600 11463 1551 1746 11464 1549 1601 11465 1568 1560 11466 1572 1613 11467 1560 1603 11468 1560 1603 11469 1572 1613 11470 1571 1604 11471 1559 1587 11472 1571 1604 11473 1570 1605 11474 1558 1589 11475 1570 1605 11476 1569 1606 11477 1557 1591 11478 1569 1606 11479 1567 1607 11480 1574 1558 11481 1562 1581 11482 1566 1595 11483 1566 1595 11484 1565 1596 11485 1577 1610 11486 1577 1610 11487 1565 1596 11488 1564 1598 11489 1564 1598 11490 1563 1600 11491 1575 1612 11492 1575 1612 11493 1563 1600 11494 1561 1602 11495 1580 1559 11496 1584 1623 11497 1572 1613 11498 1572 1613 11499 1584 1623 11500 1583 1614 11501 1583 1614 11502 1582 1615 11503 1570 1605 11504 1582 1615 11505 1581 1626 11506 1569 1606 11507 1569 1606 11508 1581 1626 11509 1579 1616 11510 1586 1617 11511 1574 1558 11512 1578 1609 11513 1578 1609 11514 1577 1610 11515 1589 1619 11516 1589 1619 11517 1577 1610 11518 1576 1611 11519 1588 1620 11520 1576 1611 11521 1575 1612 11522 1575 1612 11523 1573 1584 11524 1585 1622 11525 1592 1562 11526 1596 1633 11527 1584 1623 11528 1584 1623 11529 1596 1633 11530 1595 1624 11531 1595 1624 11532 1594 1625 11533 1582 1615 11534 1594 1625 11535 1593 1627 11536 1581 1626 11537 1593 1627 11538 1591 1637 11539 1579 1616 11540 1598 1561 11541 1586 1617 11542 1590 1618 11543 1590 1618 11544 1589 1619 11545 1601 1629 11546 1589 1619 11547 1588 1620 11548 1600 1630 11549 1600 1630 11550 1588 1620 11551 1587 1621 11552 1587 1621 11553 1585 1622 11554 1597 1583 11555 1592 1562 11556 1604 1563 11557 1608 1632 11558 1608 1632 11559 1607 1644 11560 1595 1624 11561 1595 1624 11562 1607 1644 11563 1606 1634 11564 1594 1625 11565 1606 1634 11566 1605 1635 11567 1593 1627 11568 1605 1635 11569 1603 1636 11570 1598 1561 11571 1602 1628 11572 1614 1638 11573 1614 1638 11574 1602 1628 11575 1601 1629 11576 1613 1639 11577 1601 1629 11578 1600 1630 11579 1600 1630 11580 1599 1631 11581 1611 1641 11582 1611 1641 11583 1599 1631 11584 1597 1583 11585 1604 1563 11586 1616 1565 11587 1620 1643 11588 1620 1643 11589 1619 1654 11590 1607 1644 11591 1607 1644 11592 1619 1654 11593 1618 1645 11594 1606 1634 11595 1618 1645 11596 1617 1646 11597 1617 1646 11598 1615 1658 11599 1603 1636 11600 1610 1564 11601 1614 1638 11602 1626 1647 11603 1626 1647 11604 1614 1638 11605 1613 1639 11606 1613 1639 11607 1612 1640 11608 1624 1650 11609 1612 1640 11610 1611 1641 11611 1623 1651 11612 1623 1651 11613 1611 1641 11614 1609 1642 11615 1616 1565 11616 1628 1567 11617 1632 1653 11618 1632 1653 11619 1631 1655 11620 1619 1654 11621 1631 1655 11622 1630 1656 11623 1618 1645 11624 1630 1656 11625 1629 1657 11626 1617 1646 11627 1629 1657 11628 1627 1668 11629 1615 1658 11630 1622 1648 11631 1626 1647 11632 1638 1659 11633 1638 1659 11634 1626 1647 11635 1625 1649 11636 1625 1649 11637 1624 1650 11638 1636 1661 11639 1636 1661 11640 1624 1650 11641 1623 1651 11642 1623 1651 11643 1621 1652 11644 1633 1663 11645 1628 1567 11646 1640 1568 11647 1644 1664 11648 1644 1664 11649 1643 1665 11650 1631 1655 11651 1643 1665 11652 1642 1666 11653 1630 1656 11654 1642 1666 11655 1641 1677 11656 1629 1657 11657 1629 1657 11658 1641 1677 11659 1639 1667 11660 1634 1566 11661 1638 1659 11662 1650 1669 11663 1650 1669 11664 1638 1659 11665 1637 1660 11666 1649 1671 11667 1637 1660 11668 1636 1661 11669 1648 1672 11670 1636 1661 11671 1635 1662 11672 1635 1662 11673 1633 1663 11674 1645 1674 11675 1652 1570 11676 1656 1683 11677 1644 1664 11678 1644 1664 11679 1656 1683 11680 1655 1675 11681 1655 1675 11682 1654 1685 11683 1642 1666 11684 1642 1666 11685 1654 1685 11686 1653 1676 11687 1653 1676 11688 1651 1687 11689 1639 1667 11690 1658 1569 11691 1646 1670 11692 1650 1669 11693 1650 1669 11694 1649 1671 11695 1661 1679 11696 1649 1671 11697 1648 1672 11698 1660 1680 11699 1660 1680 11700 1648 1672 11701 1647 1673 11702 1659 1681 11703 1647 1673 11704 1645 1674 11705 1664 1572 11706 1668 1692 11707 1656 1683 11708 1656 1683 11709 1668 1692 11710 1667 1684 11711 1667 1684 11712 1666 1695 11713 1654 1685 11714 1654 1685 11715 1666 1695 11716 1665 1686 11717 1665 1686 11718 1663 1697 11719 1651 1687 11720 1670 1571 11721 1658 1569 11722 1662 1678 11723 1662 1678 11724 1661 1679 11725 1673 1689 11726 1661 1679 11727 1660 1680 11728 1672 1690 11729 1672 1690 11730 1660 1680 11731 1659 1681 11732 1671 1691 11733 1659 1681 11734 1657 1682 11735 1676 1574 11736 1680 1693 11737 1668 1692 11738 1680 1693 11739 1679 1704 11740 1667 1684 11741 1667 1684 11742 1679 1704 11743 1678 1694 11744 1666 1695 11745 1678 1694 11746 1677 1696 11747 1677 1696 11748 1675 1708 11749 1663 1697 11750 1682 1573 11751 1670 1571 11752 1674 1688 11753 1686 1698 11754 1674 1688 11755 1673 1689 11756 1685 1699 11757 1673 1689 11758 1672 1690 11759 1672 1690 11760 1671 1691 11761 1683 1701 11762 1683 1701 11763 1671 1691 11764 1669 1585 11765 1676 1574 11766 1688 1575 11767 1692 1703 11768 1692 1703 11769 1691 1705 11770 1679 1704 11771 1691 1705 11772 1690 1716 11773 1678 1694 11774 1678 1694 11775 1690 1716 11776 1689 1706 11777 1677 1696 11778 1689 1706 11779 1687 1707 11780 1682 1573 11781 1686 1698 11782 1698 1709 11783 1698 1709 11784 1686 1698 11785 1685 1699 11786 1685 1699 11787 1684 1700 11788 1696 1711 11789 1684 1700 11790 1683 1701 11791 1695 1712 11792 1695 1712 11793 1683 1701 11794 1681 1702 11795 1700 1577 11796 1704 1724 11797 1692 1703 11798 1692 1703 11799 1704 1724 11800 1703 1714 11801 1691 1705 11802 1703 1714 11803 1702 1715 11804 1702 1715 11805 1701 1717 11806 1689 1706 11807 1701 1717 11808 1699 1728 11809 1687 1707 11810 1706 1578 11811 1694 1576 11812 1698 1709 11813 1698 1709 11814 1697 1710 11815 1709 1719 11816 1697 1710 11817 1696 1711 11818 1708 1720 11819 1708 1720 11820 1696 1711 11821 1695 1712 11822 1695 1712 11823 1693 1713 11824 1705 1722 11825 1700 1577 11826 1712 1579 11827 1716 1723 11828 1704 1724 11829 1716 1723 11830 1715 1725 11831 1715 1725 11832 1714 1726 11833 1702 1715 11834 1714 1726 11835 1713 1736 11836 1701 1717 11837 1701 1717 11838 1713 1736 11839 1711 1727 11840 1706 1578 11841 1710 1718 11842 1722 1729 11843 1710 1718 11844 1709 1719 11845 1721 1730 11846 1709 1719 11847 1708 1720 11848 1720 1731 11849 1720 1731 11850 1708 1720 11851 1707 1721 11852 1707 1721 11853 1705 1722 11854 1717 1733 11855 1712 1579 11856 1724 1557 11857 1728 1734 11858 1728 1734 11859 1727 1743 11860 1715 1725 11861 1715 1725 11862 1727 1743 11863 1726 1735 11864 1726 1735 11865 1725 1744 11866 1713 1736 11867 1713 1736 11868 1725 1744 11869 1723 1737 11870 1718 1580 11871 1722 1729 11872 1734 1738 11873 1734 1738 11874 1722 1729 11875 1721 1730 11876 1733 1739 11877 1721 1730 11878 1720 1731 11879 1720 1731 11880 1719 1732 11881 1731 1741 11882 1719 1732 11883 1717 1733 11884 1729 1742 11885 1724 1557 11886 1544 1556 11887 1548 1586 11888 1548 1586 11889 1547 1588 11890 1727 1743 11891 1727 1743 11892 1547 1588 11893 1546 1590 11894 1546 1590 11895 1545 1592 11896 1725 1744 11897 1725 1744 11898 1545 1592 11899 1543 1593 11900 1550 1745 11901 1730 1555 11902 1734 1738 11903 1734 1738 11904 1733 1739 11905 1553 1597 11906 1553 1597 11907 1733 1739 11908 1732 1740 11909 1732 1740 11910 1731 1741 11911 1551 1746 11912 1731 1741 11913 1729 1742 11914 1549 1601 11915 1747 1747 11916 1764 1784 11917 1763 1748 11918 1784 1750 11919 1736 1754 11920 1735 1751 11921 1785 1753 11922 1737 1756 11923 1736 1754 11924 1786 1755 11925 1738 1758 11926 1737 1756 11927 1787 1757 11928 1739 1760 11929 1738 1758 11930 1787 1757 11931 1788 1761 11932 1740 1759 11933 1788 1761 11934 1789 1763 11935 1741 1762 11936 1789 1763 11937 1790 1765 11938 1742 1764 11939 1790 1765 11940 1791 1768 11941 1743 1766 11942 1792 1767 11943 1744 1770 11944 1743 1766 11945 1793 1769 11946 1745 1771 11947 1744 1770 11948 1793 1769 11949 1794 1772 11950 1746 1749 11951 1794 1772 11952 1795 1774 11953 1747 1747 11954 1796 1773 11955 1748 1776 11956 1747 1747 11957 1797 1775 11958 1749 1778 11959 1748 1776 11960 1797 1775 11961 1798 1779 11962 1750 1777 11963 1798 1779 11964 1783 1752 11965 1735 1751 11966 1782 1782 11967 1767 1799 11968 1770 1802 11969 1767 1799 11970 1768 1798 11971 1770 1802 11972 1768 1798 11973 1769 1800 11974 1770 1802 11975 1770 1802 11976 1771 1801 11977 1772 1804 11978 1772 1804 11979 1773 1803 11980 1774 1805 11981 1774 1805 11982 1775 790 11983 1776 1780 11984 1776 1780 11985 1777 1806 11986 1778 1781 11987 1778 1781 11988 1779 1807 11989 1780 1808 11990 1780 1808 11991 1781 1809 11992 1778 1781 11993 1781 1809 11994 1782 1782 11995 1778 1781 11996 1770 1802 11997 1772 1804 11998 1782 1782 11999 1772 1804 12000 1774 1805 12001 1782 1782 12002 1774 1805 12003 1776 1780 12004 1782 1782 12005 1740 1759 12006 1757 1785 12007 1756 1783 12008 1748 1776 12009 1765 1786 12010 1764 1784 12011 1741 1762 12012 1758 1787 12013 1757 1785 12014 1749 1778 12015 1766 1789 12016 1765 1786 12017 1742 1764 12018 1759 1790 12019 1758 1787 12020 1736 1754 12021 1751 1794 12022 1752 1788 12023 1750 1777 12024 1753 1791 12025 1766 1789 12026 1743 1766 12027 1760 1792 12028 1759 1790 12029 1735 1751 12030 1752 1788 12031 1753 1791 12032 1744 1770 12033 1761 1795 12034 1760 1792 12035 1736 1754 12036 1737 1756 12037 1754 1793 12038 1745 1771 12039 1762 1797 12040 1761 1795 12041 1737 1756 12042 1738 1758 12043 1755 1796 12044 1745 1771 12045 1746 1749 12046 1763 1748 12047 1738 1758 12048 1739 1760 12049 1756 1783 12050 1752 1788 12051 1751 1794 12052 1768 1798 12053 1754 1793 12054 1769 1800 12055 1768 1798 12056 1755 1796 12057 1770 1802 12058 1769 1800 12059 1755 1796 12060 1756 1783 12061 1771 1801 12062 1757 1785 12063 1772 1804 12064 1771 1801 12065 1757 1785 12066 1758 1787 12067 1773 1803 12068 1758 1787 12069 1759 1790 12070 1774 1805 12071 1760 1792 12072 1775 790 12073 1774 1805 12074 1760 1792 12075 1761 1795 12076 1776 1780 12077 1761 1795 12078 1762 1797 12079 1777 1806 12080 1762 1797 12081 1763 1748 12082 1778 1781 12083 1763 1748 12084 1764 1784 12085 1779 1807 12086 1764 1784 12087 1765 1786 12088 1780 1808 12089 1766 1789 12090 1781 1809 12091 1780 1808 12092 1753 1791 12093 1782 1782 12094 1781 1809 12095 1752 1788 12096 1767 1799 12097 1782 1782 12098 1543 1593 12099 1783 1752 12100 1798 1779 12101 1723 1737 12102 1798 1779 12103 1797 1775 12104 1699 1728 12105 1711 1727 12106 1797 1775 12107 1699 1728 12108 1796 1773 12109 1795 1774 12110 1675 1708 12111 1687 1707 12112 1795 1774 12113 1675 1708 12114 1794 1772 12115 1793 1769 12116 1651 1687 12117 1663 1697 12118 1793 1769 12119 1639 1667 12120 1651 1687 12121 1792 1767 12122 1627 1668 12123 1639 1667 12124 1791 1768 12125 1615 1658 12126 1627 1668 12127 1790 1765 12128 1615 1658 12129 1789 1763 12130 1788 1761 12131 1603 1636 12132 1788 1761 12133 1787 1757 12134 1579 1616 12135 1591 1637 12136 1787 1757 12137 1567 1607 12138 1579 1616 12139 1786 1755 12140 1567 1607 12141 1785 1753 12142 1784 1750 12143 1555 1608 12144 1784 1750 12145 1783 1752 12146 1799 1810 12147 1800 2466 12148 1802 1811 12149 1801 1812 12150 1802 1811 12151 1804 1813 12152 1804 1813 12153 1806 2467 12154 1805 1815 12155 1805 1815 12156 1806 2467 12157 1808 1816 12158 1808 1816 12159 1810 1819 12160 1809 1818 12161 1810 1819 12162 1800 2466 12163 1799 1810 12164 1809 1818 12165 1799 1810 12166 1805 1815 12167 1799 1810 12168 1801 1812 12169 1805 1815 12170 1801 1812 12171 1803 1814 12172 1805 1815 12173 1841 1820 12174 1814 1830 12175 1811 1821 12176 2439 301 12177 1822 1839 12178 1819 1823 12179 2444 269 12180 1818 1833 12181 1815 1825 12182 1842 1827 12183 1826 1836 12184 1823 1828 12185 1814 1830 12186 1813 2441 12187 1812 1831 12188 1816 1832 12189 1815 1825 12190 1818 1833 12191 1824 1835 12192 1823 1828 12193 1826 1836 12194 1820 1838 12195 1819 1823 12196 1822 1839 12197 1843 1841 12198 2431 1133 12199 1820 1838 12200 1823 1828 12201 2430 1133 12202 1844 1842 12203 1844 1842 12204 2430 1133 12205 2449 1843 12206 2440 1845 12207 1845 1865 12208 2432 1846 12209 1846 1848 12210 2435 2440 12211 2433 1849 12212 2438 269 12213 1831 2468 12214 1827 1851 12215 1827 1851 12216 1831 2468 12217 1832 1853 12218 2445 1855 12219 1834 1858 12220 1829 1856 12221 1834 1858 12222 1833 2442 12223 1830 1859 12224 1847 1860 12225 1848 1850 12226 2433 1849 12227 1829 1856 12228 1830 1859 12229 1838 1862 12230 1828 1854 12231 1836 1867 12232 1835 1864 12233 1845 1865 12234 2428 2439 12235 2427 1866 12236 2432 1846 12237 2434 1861 12238 1838 1862 12239 1836 1867 12240 2425 2438 12241 2427 1866 12242 2424 1868 12243 2425 2438 12244 1836 1867 12245 1827 1851 12246 2428 2439 12247 2441 1869 12248 1815 1825 12249 2426 1871 12250 2448 1870 12251 1839 1829 12252 1844 1842 12253 2426 1871 12254 1817 1834 12255 1842 1827 12256 1839 1829 12257 1821 1840 12258 1841 1820 12259 1840 1822 12260 1901 1873 12261 1947 1899 12262 1948 1874 12263 1903 1876 12264 1954 1900 12265 1955 1877 12266 1902 1875 12267 1948 1874 12268 1949 1879 12269 1904 1878 12270 1955 1877 12271 1956 1881 12272 1906 1882 12273 1956 1881 12274 1957 1883 12275 1909 1885 12276 1923 1963 12277 2002 1886 12278 1908 1884 12279 1957 1883 12280 1943 1888 12281 1911 1890 12282 1909 1885 12283 1951 1887 12284 1911 1890 12285 1945 1891 12286 1944 1892 12287 1914 1894 12288 1910 1889 12289 1943 1888 12290 1913 1896 12291 1952 2469 12292 1953 1897 12293 1914 1894 12294 1946 1895 12295 1947 1899 12296 1915 1898 12297 1953 1897 12298 1954 1900 12299 1887 1901 12300 1929 1976 12301 1855 1902 12302 1886 1904 12303 1887 1901 12304 1856 1903 12305 1861 1906 12306 1862 1928 12307 1864 1907 12308 1864 1907 12309 1866 1926 12310 1865 1909 12311 1865 1909 12312 1866 1926 12313 1853 1910 12314 1853 1910 12315 1852 1951 12316 1868 1912 12317 1868 1912 12318 1852 1951 12319 1870 1913 12320 1870 1913 12321 1872 1955 12322 1871 1915 12323 1871 1915 12324 1872 1955 12325 1874 1916 12326 1874 1916 12327 1876 1933 12328 1875 1918 12329 1920 1919 12330 1879 1932 12331 1928 1920 12332 1878 1922 12333 1879 1932 12334 1881 1923 12335 1881 1923 12336 1862 1928 12337 1861 1906 12338 1919 1925 12339 1907 1958 12340 1853 1910 12341 1919 1925 12342 1866 1926 12343 1864 1907 12344 1918 1927 12345 1864 1907 12346 1862 1928 12347 1984 1930 12348 1980 1968 12349 1917 1929 12350 1921 1931 12351 1881 1923 12352 1879 1932 12353 1876 1933 12354 1928 1920 12355 1877 1934 12356 1924 1935 12357 1914 1894 12358 1901 1873 12359 1905 1880 12360 1949 1879 12361 1979 1937 12362 1882 1938 12363 1896 1964 12364 1898 1939 12365 1882 1938 12366 1854 1940 12367 1851 1941 12368 1895 1943 12369 1896 1964 12370 1882 1938 12371 1884 1944 12372 1882 1938 12373 1883 1942 12374 1899 1946 12375 1895 1943 12376 1884 1944 12377 1886 1904 12378 1884 1944 12379 1885 1945 12380 1886 1904 12381 1857 1905 12382 1900 1947 12383 1857 1905 12384 1897 1949 12385 1900 1947 12386 1858 1948 12387 1894 1962 12388 1897 1949 12389 1892 1950 12390 1890 1956 12391 1852 1951 12392 1888 1952 12393 1876 1933 12394 1874 1916 12395 1889 1954 12396 1893 1957 12397 1872 1955 12398 1877 1934 12399 1928 1920 12400 1879 1932 12401 1890 1956 12402 1889 1954 12403 1870 1913 12404 1891 1953 12405 1874 1916 12406 1872 1955 12407 1892 1950 12408 1853 1910 12409 1907 1958 12410 1926 1960 12411 1902 1875 12412 1905 1880 12413 1894 1962 12414 1926 1960 12415 1927 1961 12416 1927 1961 12417 1905 1880 12418 1916 1921 12419 1894 1962 12420 1888 1952 12421 1891 1953 12422 1898 1939 12423 1892 1950 12424 1922 1959 12425 1895 1943 12426 1899 1946 12427 1893 1957 12428 1893 1957 12429 1899 1946 12430 1900 1947 12431 1900 1947 12432 1897 1949 12433 1893 1957 12434 1896 1964 12435 1895 1943 12436 1889 1954 12437 1898 1939 12438 1896 1964 12439 1890 1956 12440 1923 1963 12441 1922 1959 12442 1997 1965 12443 1922 1959 12444 1907 1958 12445 1950 1966 12446 1888 1952 12447 1927 1961 12448 1928 1920 12449 1983 1967 12450 1920 1919 12451 1916 1921 12452 1983 1967 12453 1984 1930 12454 1921 1931 12455 1921 1931 12456 1917 1929 12457 1862 1928 12458 1980 1968 12459 1981 1969 12460 1918 1927 12461 1981 1969 12462 1982 1970 12463 1919 1925 12464 1982 1970 12465 1950 1966 12466 1907 1958 12467 1856 1903 12468 1915 1898 12469 1903 1876 12470 1925 1936 12471 1901 1873 12472 1902 1875 12473 1855 1902 12474 1913 1896 12475 1915 1898 12476 1924 1935 12477 1925 1936 12478 1860 1971 12479 1851 1941 12480 1911 1890 12481 1912 1893 12482 1851 1941 12483 1854 1940 12484 1909 1885 12485 1849 1972 12486 1860 1971 12487 1908 1884 12488 1854 1940 12489 1898 1939 12490 1923 1963 12491 1860 1971 12492 1859 1974 12493 1906 1882 12494 1858 1948 12495 1904 1878 12496 1906 1882 12497 1926 1960 12498 1894 1962 12499 1858 1948 12500 1857 1905 12501 1903 1876 12502 1904 1878 12503 1925 1936 12504 1926 1960 12505 1859 1974 12506 1924 1935 12507 1849 1972 12508 1910 1889 12509 1887 1901 12510 1885 1945 12511 1930 1975 12512 1850 1973 12513 1930 1975 12514 1883 1942 12515 1930 1975 12516 1885 1945 12517 1883 1942 12518 1948 1874 12519 1947 1899 12520 2006 1977 12521 2009 1979 12522 1955 1877 12523 1954 1900 12524 1949 1879 12525 1948 1874 12526 2007 1978 12527 2011 1982 12528 1956 1881 12529 1955 1877 12530 1957 1883 12531 1956 1881 12532 2011 1982 12533 2014 1984 12534 1951 1887 12535 2002 1886 12536 1943 1888 12537 1957 1883 12538 2013 1983 12539 2016 1987 12540 1945 1891 12541 1951 1887 12542 1944 1892 12543 1945 1891 12544 2016 1987 12545 2019 1989 12546 1946 1895 12547 1943 1888 12548 1953 1897 12549 1952 2469 12550 2018 1990 12551 1947 1899 12552 1946 1895 12553 2019 1989 12554 1954 1900 12555 1953 1897 12556 2020 1991 12557 1937 1992 12558 2034 790 12559 1990 1993 12560 1938 1994 12561 1990 1993 12562 1989 1995 12563 1958 1997 12564 1960 2000 12565 1961 1998 12566 1960 2000 12567 1962 2002 12568 1963 2001 12569 1962 2002 12570 1964 2005 12571 1935 2003 12572 1965 2004 12573 1934 2007 12574 1935 2003 12575 1966 2006 12576 1967 2009 12577 1934 2007 12578 1968 2008 12579 1969 2011 12580 1967 2009 12581 1968 2008 12582 1970 2013 12583 1971 2010 12584 1972 2012 12585 1973 2027 12586 1971 2010 12587 2033 2014 12588 1976 2018 12589 2025 2015 12590 1977 2017 12591 1978 2020 12592 1976 2018 12593 1958 1997 12594 1959 1999 12595 1978 2020 12596 2024 2021 12597 1963 2001 12598 1935 2003 12599 1961 1998 12600 1963 2001 12601 2024 2021 12602 1959 1999 12603 1961 1998 12604 2023 2023 12605 2022 2024 12606 1980 1968 12607 1984 1930 12608 1976 2018 12609 1978 2020 12610 2026 2025 12611 1974 2026 12612 2033 2014 12613 1973 2027 12614 2006 1977 12615 2019 1989 12616 2029 2028 12617 1979 1937 12618 1949 1879 12619 2010 1981 12620 1985 2030 12621 1936 2055 12622 2003 2031 12623 1933 2033 12624 1936 2055 12625 1985 2030 12626 1985 2030 12627 2000 2032 12628 1999 2035 12629 1986 2034 12630 1985 2030 12631 1987 2036 12632 1987 2036 12633 1999 2035 12634 2004 2038 12635 1988 2037 12636 1987 2036 12637 1989 1995 12638 2001 2041 12639 1939 1996 12640 2005 2039 12641 1939 1996 12642 1989 1995 12643 2005 2039 12644 1940 2040 12645 1939 1996 12646 2001 2041 12647 1995 2043 12648 1935 2003 12649 1934 2007 12650 1971 2010 12651 1973 2027 12652 1991 2045 12653 1992 2047 12654 1967 2009 12655 1969 2011 12656 1974 2026 12657 1975 2019 12658 1976 2018 12659 1993 2044 12660 1934 2007 12661 1967 2009 12662 1969 2011 12663 1971 2010 12664 1994 2046 12665 2012 2022 12666 1935 2003 12667 1995 2043 12668 2010 1981 12669 2007 1978 12670 2031 2050 12671 1998 2042 12672 1991 2045 12673 2032 2051 12674 2021 2016 12675 2010 1981 12676 2032 2051 12677 1994 2046 12678 1991 2045 12679 1998 2042 12680 2027 2049 12681 1995 2043 12682 2003 2031 12683 1999 2035 12684 1992 2047 12685 1996 2048 12686 2005 2039 12687 2004 2038 12688 1996 2048 12689 1996 2048 12690 1994 2046 12691 2001 2041 12692 2000 2032 12693 1993 2044 12694 1992 2047 12695 1993 2044 12696 2000 2032 12697 2003 2031 12698 1997 1965 12699 2027 2049 12700 2028 1985 12701 1950 1966 12702 2012 2022 12703 2027 2049 12704 1991 2045 12705 1973 2027 12706 2033 2014 12707 2021 2016 12708 2025 2015 12709 1983 1967 12710 1983 1967 12711 2025 2015 12712 2026 2025 12713 1959 1999 12714 2022 2024 12715 2026 2025 12716 1980 1968 12717 2022 2024 12718 2023 2023 12719 1981 1969 12720 2023 2023 12721 2024 2021 12722 1982 1970 12723 2024 2021 12724 2012 2022 12725 2008 1980 12726 2020 1991 12727 1938 1994 12728 2007 1978 12729 2006 1977 12730 2030 2029 12731 1938 1994 12732 2020 1991 12733 2018 1990 12734 1942 2052 12735 2030 2029 12736 2029 2028 12737 2017 1988 12738 2016 1987 12739 1933 2033 12740 1933 2033 12741 2016 1987 12742 2014 1984 12743 2015 1986 12744 2013 1983 12745 1942 2052 12746 1936 2055 12747 2014 1984 12748 2028 1985 12749 1942 2052 12750 2013 1983 12751 2011 1982 12752 2011 1982 12753 2009 1979 12754 1940 2040 12755 1940 2040 12756 1998 2042 12757 2031 2050 12758 1940 2040 12759 2009 1979 12760 2008 1980 12761 1941 2056 12762 2031 2050 12763 2030 2029 12764 2029 2028 12765 2019 1989 12766 2015 1986 12767 2035 2057 12768 1988 2037 12769 1990 1993 12770 1988 2037 12771 2035 2057 12772 1986 2034 12773 2035 2057 12774 1932 2054 12775 1986 2034 12776 2036 2058 12777 2037 2078 12778 2039 2059 12779 2038 2060 12780 2039 2059 12781 2041 2061 12782 2040 2062 12783 2041 2061 12784 2043 2063 12785 2043 2063 12786 2045 2066 12787 2044 2065 12788 2045 2066 12789 2047 2068 12790 2046 2067 12791 2047 2068 12792 2049 2070 12793 2048 2069 12794 2049 2070 12795 2051 2072 12796 2050 2071 12797 2051 2072 12798 2053 2087 12799 2052 2073 12800 2047 2068 12801 2045 2066 12802 2060 2074 12803 2052 2073 12804 2053 2087 12805 2055 2076 12806 2054 2077 12807 2055 2076 12808 2037 2078 12809 2040 2062 12810 2078 2101 12811 2077 2079 12812 2056 2080 12813 2066 2098 12814 2068 2081 12815 2043 2063 12816 2059 2084 12817 2060 2074 12818 2039 2059 12819 2037 2078 12820 2057 2083 12821 2043 2063 12822 2041 2061 12823 2058 2082 12824 2041 2061 12825 2039 2059 12826 2056 2080 12827 2037 2078 12828 2055 2076 12829 2065 2085 12830 2055 2076 12831 2053 2087 12832 2064 2086 12833 2051 2072 12834 2063 2088 12835 2064 2086 12836 2049 2070 12837 2062 2089 12838 2063 2088 12839 2047 2068 12840 2061 2075 12841 2062 2089 12842 2065 2085 12843 2064 2086 12844 2074 2090 12845 2062 2089 12846 2061 2075 12847 2071 2092 12848 2058 2082 12849 2068 2081 12850 2069 2094 12851 2057 2083 12852 2065 2085 12853 2075 2091 12854 2062 2089 12855 2072 2093 12856 2073 2096 12857 2060 2074 12858 2059 2084 12859 2069 2094 12860 2057 2083 12861 2067 2095 12862 2066 2098 12863 2063 2088 12864 2073 2096 12865 2074 2090 12866 2060 2074 12867 2070 2097 12868 2071 2092 12869 2079 2099 12870 2089 2110 12871 2088 2100 12872 2036 2058 12873 2076 2108 12874 2085 2102 12875 2054 2077 12876 2085 2102 12877 2084 2103 12878 2052 2073 12879 2084 2103 12880 2083 2104 12881 2050 2071 12882 2083 2104 12883 2082 2105 12884 2046 2067 12885 2048 2069 12886 2082 2105 12887 2046 2067 12888 2081 2106 12889 2080 2107 12890 2044 2065 12891 2080 2107 12892 2079 2099 12893 2036 2058 12894 2038 2060 12895 2077 2079 12896 2042 2064 12897 2079 2099 12898 2078 2101 12899 2095 2112 12900 2086 2114 12901 2087 2109 12902 2087 2109 12903 2088 2100 12904 2089 2110 12905 2089 2110 12906 2090 2117 12907 2093 2111 12908 2090 2117 12909 2091 2116 12910 2093 2111 12911 2091 2116 12912 2092 2113 12913 2093 2111 12914 2093 2111 12915 2094 2115 12916 2095 2112 12917 2095 2112 12918 2087 2109 12919 2093 2111 12920 2076 2108 12921 2086 2114 12922 2095 2112 12923 2082 2105 12924 2083 2104 12925 2093 2111 12926 2080 2107 12927 2090 2117 12928 2089 2110 12929 2077 2079 12930 2087 2109 12931 2086 2114 12932 2083 2104 12933 2084 2103 12934 2094 2115 12935 2080 2107 12936 2081 2106 12937 2091 2116 12938 2077 2079 12939 2078 2101 12940 2088 2100 12941 2085 2102 12942 2095 2112 12943 2094 2115 12944 2081 2106 12945 2082 2105 12946 2092 2113 12947 2096 2118 12948 2098 2122 12949 2099 2119 12950 2100 2121 12951 2101 2124 12952 2099 2119 12953 2102 2123 12954 2103 2126 12955 2101 2124 12956 2102 2123 12957 2104 2129 12958 2105 2125 12959 2097 2120 12960 2099 2119 12961 2105 2125 12962 2099 2119 12963 2101 2124 12964 2105 2125 12965 2101 2124 12966 2103 2126 12967 2105 2125 12968 2106 2128 12969 2107 2127 12970 2105 2125 12971 2096 2118 12972 2097 2120 12973 2107 2127 12974 2289 2130 12975 2295 2157 12976 2115 2131 12977 2133 2133 12978 2139 2159 12979 2151 2134 12980 2145 2135 12981 2151 2134 12982 2163 2136 12983 2157 2137 12984 2163 2136 12985 2175 2138 12986 2175 2138 12987 2187 2141 12988 2181 2140 12989 2187 2141 12990 2199 2143 12991 2193 2142 12992 2199 2143 12993 2211 2145 12994 2205 2144 12995 2211 2145 12996 2223 2147 12997 2217 2146 12998 2223 2147 12999 2235 2149 13000 2229 2148 13001 2235 2149 13002 2247 2151 13003 2241 2150 13004 2247 2151 13005 2259 2153 13006 2253 2152 13007 2259 2153 13008 2271 2295 13009 2265 2154 13010 2265 2154 13011 2271 2295 13012 2283 2155 13013 2277 2156 13014 2283 2155 13015 2295 2157 13016 2121 2158 13017 2127 2163 13018 2139 2159 13019 2138 2162 13020 2126 2179 13021 2114 2178 13022 2114 2178 13023 2294 2318 13024 2282 2307 13025 2282 2307 13026 2270 2299 13027 2258 2287 13028 2258 2287 13029 2246 2277 13030 2234 2160 13031 2234 2160 13032 2222 2258 13033 2210 2248 13034 2210 2248 13035 2198 2238 13036 2186 2161 13037 2186 2161 13038 2174 2220 13039 2162 2210 13040 2162 2210 13041 2150 2199 13042 2138 2162 13043 2138 2162 13044 2114 2178 13045 2282 2307 13046 2282 2307 13047 2258 2287 13048 2234 2160 13049 2234 2160 13050 2210 2248 13051 2186 2161 13052 2186 2161 13053 2162 2210 13054 2138 2162 13055 2138 2162 13056 2282 2307 13057 2234 2160 13058 2109 2132 13059 2115 2131 13060 2127 2163 13061 2121 2158 13062 2125 2181 13063 2113 2164 13064 2113 2164 13065 2125 2181 13066 2124 2165 13067 2124 2165 13068 2123 2183 13069 2111 2167 13070 2111 2167 13071 2123 2183 13072 2122 2168 13073 2122 2168 13074 2120 2185 13075 2108 2170 13076 2127 2163 13077 2115 2131 13078 2119 2171 13079 2119 2171 13080 2118 2174 13081 2130 2173 13082 2118 2174 13083 2117 2321 13084 2129 2175 13085 2129 2175 13086 2117 2321 13087 2116 2176 13088 2128 2177 13089 2116 2176 13090 2114 2178 13091 2121 2158 13092 2133 2133 13093 2137 2180 13094 2137 2180 13095 2136 2191 13096 2124 2165 13097 2124 2165 13098 2136 2191 13099 2135 2182 13100 2135 2182 13101 2134 2184 13102 2122 2168 13103 2134 2184 13104 2132 2194 13105 2120 2185 13106 2139 2159 13107 2127 2163 13108 2131 2172 13109 2131 2172 13110 2130 2173 13111 2142 2187 13112 2130 2173 13113 2129 2175 13114 2141 2188 13115 2141 2188 13116 2129 2175 13117 2128 2177 13118 2140 2189 13119 2128 2177 13120 2126 2179 13121 2133 2133 13122 2145 2135 13123 2149 2190 13124 2149 2190 13125 2148 2201 13126 2136 2191 13127 2136 2191 13128 2148 2201 13129 2147 2192 13130 2147 2192 13131 2146 2193 13132 2134 2184 13133 2146 2193 13134 2144 2205 13135 2132 2194 13136 2139 2159 13137 2143 2186 13138 2155 2195 13139 2143 2186 13140 2142 2187 13141 2154 2196 13142 2154 2196 13143 2142 2187 13144 2141 2188 13145 2141 2188 13146 2140 2189 13147 2152 2198 13148 2140 2189 13149 2138 2162 13150 2150 2199 13151 2157 2137 13152 2161 2200 13153 2149 2190 13154 2161 2200 13155 2160 2202 13156 2148 2201 13157 2160 2202 13158 2159 2214 13159 2147 2192 13160 2147 2192 13161 2159 2214 13162 2158 2203 13163 2146 2193 13164 2158 2203 13165 2156 2204 13166 2163 2136 13167 2151 2134 13168 2155 2195 13169 2155 2195 13170 2154 2196 13171 2166 2207 13172 2166 2207 13173 2154 2196 13174 2153 2197 13175 2153 2197 13176 2152 2198 13177 2164 2209 13178 2164 2209 13179 2152 2198 13180 2150 2199 13181 2157 2137 13182 2169 2139 13183 2173 2211 13184 2161 2200 13185 2173 2211 13186 2172 2212 13187 2160 2202 13188 2172 2212 13189 2171 2213 13190 2171 2213 13191 2170 2215 13192 2158 2203 13193 2170 2215 13194 2168 2223 13195 2156 2204 13196 2163 2136 13197 2167 2206 13198 2179 2216 13199 2179 2216 13200 2167 2206 13201 2166 2207 13202 2166 2207 13203 2165 2208 13204 2177 2218 13205 2177 2218 13206 2165 2208 13207 2164 2209 13208 2164 2209 13209 2162 2210 13210 2174 2220 13211 2181 2140 13212 2185 2228 13213 2173 2211 13214 2173 2211 13215 2185 2228 13216 2184 2221 13217 2184 2221 13218 2183 2230 13219 2171 2213 13220 2171 2213 13221 2183 2230 13222 2182 2222 13223 2182 2222 13224 2180 2233 13225 2168 2223 13226 2187 2141 13227 2175 2138 13228 2179 2216 13229 2191 2224 13230 2179 2216 13231 2178 2217 13232 2178 2217 13233 2177 2218 13234 2189 2226 13235 2189 2226 13236 2177 2218 13237 2176 2219 13238 2188 2227 13239 2176 2219 13240 2174 2220 13241 2193 2142 13242 2197 2240 13243 2185 2228 13244 2185 2228 13245 2197 2240 13246 2196 2229 13247 2196 2229 13248 2195 2242 13249 2183 2230 13250 2183 2230 13251 2195 2242 13252 2194 2231 13253 2182 2222 13254 2194 2231 13255 2192 2232 13256 2187 2141 13257 2191 2224 13258 2203 2234 13259 2203 2234 13260 2191 2224 13261 2190 2225 13262 2190 2225 13263 2189 2226 13264 2201 2236 13265 2201 2236 13266 2189 2226 13267 2188 2227 13268 2188 2227 13269 2186 2161 13270 2198 2238 13271 2193 2142 13272 2205 2144 13273 2209 2239 13274 2209 2239 13275 2208 2250 13276 2196 2229 13277 2196 2229 13278 2208 2250 13279 2207 2241 13280 2207 2241 13281 2206 2253 13282 2194 2231 13283 2194 2231 13284 2206 2253 13285 2204 2243 13286 2199 2143 13287 2203 2234 13288 2215 2244 13289 2215 2244 13290 2203 2234 13291 2202 2235 13292 2202 2235 13293 2201 2236 13294 2213 2246 13295 2213 2246 13296 2201 2236 13297 2200 2237 13298 2200 2237 13299 2198 2238 13300 2210 2248 13301 2217 2146 13302 2221 2249 13303 2209 2239 13304 2221 2249 13305 2220 2251 13306 2208 2250 13307 2220 2251 13308 2219 2261 13309 2207 2241 13310 2207 2241 13311 2219 2261 13312 2218 2252 13313 2218 2252 13314 2216 2263 13315 2204 2243 13316 2211 2145 13317 2215 2244 13318 2227 2254 13319 2227 2254 13320 2215 2244 13321 2214 2245 13322 2226 2255 13323 2214 2245 13324 2213 2246 13325 2213 2246 13326 2212 2247 13327 2224 2257 13328 2224 2257 13329 2212 2247 13330 2210 2248 13331 2229 2148 13332 2233 2269 13333 2221 2249 13334 2221 2249 13335 2233 2269 13336 2232 2259 13337 2220 2251 13338 2232 2259 13339 2231 2260 13340 2231 2260 13341 2230 2271 13342 2218 2252 13343 2218 2252 13344 2230 2271 13345 2228 2262 13346 2223 2147 13347 2227 2254 13348 2239 2264 13349 2239 2264 13350 2227 2254 13351 2226 2255 13352 2238 2265 13353 2226 2255 13354 2225 2256 13355 2225 2256 13356 2224 2257 13357 2236 2267 13358 2236 2267 13359 2224 2257 13360 2222 2258 13361 2229 2148 13362 2241 2150 13363 2245 2268 13364 2245 2268 13365 2244 2279 13366 2232 2259 13367 2232 2259 13368 2244 2279 13369 2243 2270 13370 2243 2270 13371 2242 2281 13372 2230 2271 13373 2230 2271 13374 2242 2281 13375 2240 2272 13376 2235 2149 13377 2239 2264 13378 2251 2273 13379 2251 2273 13380 2239 2264 13381 2238 2265 13382 2250 2274 13383 2238 2265 13384 2237 2266 13385 2249 2275 13386 2237 2266 13387 2236 2267 13388 2236 2267 13389 2234 2160 13390 2246 2277 13391 2253 2152 13392 2257 2289 13393 2245 2268 13394 2245 2268 13395 2257 2289 13396 2256 2278 13397 2244 2279 13398 2256 2278 13399 2255 2280 13400 2255 2280 13401 2254 2282 13402 2242 2281 13403 2254 2282 13404 2252 2293 13405 2240 2272 13406 2259 2153 13407 2247 2151 13408 2251 2273 13409 2251 2273 13410 2250 2274 13411 2262 2284 13412 2262 2284 13413 2250 2274 13414 2249 2275 13415 2261 2285 13416 2249 2275 13417 2248 2276 13418 2260 2286 13419 2248 2276 13420 2246 2277 13421 2253 2152 13422 2265 2154 13423 2269 2288 13424 2269 2288 13425 2268 2290 13426 2256 2278 13427 2268 2290 13428 2267 2301 13429 2255 2280 13430 2255 2280 13431 2267 2301 13432 2266 2291 13433 2254 2282 13434 2266 2291 13435 2264 2292 13436 2259 2153 13437 2263 2283 13438 2275 2294 13439 2275 2294 13440 2263 2283 13441 2262 2284 13442 2262 2284 13443 2261 2285 13444 2273 2297 13445 2261 2285 13446 2260 2286 13447 2272 2298 13448 2260 2286 13449 2258 2287 13450 2270 2299 13451 2277 2156 13452 2281 2309 13453 2269 2288 13454 2269 2288 13455 2281 2309 13456 2280 2300 13457 2280 2300 13458 2279 2311 13459 2267 2301 13460 2267 2301 13461 2279 2311 13462 2278 2302 13463 2278 2302 13464 2276 2313 13465 2264 2292 13466 2283 2155 13467 2271 2295 13468 2275 2294 13469 2275 2294 13470 2274 2296 13471 2286 2304 13472 2274 2296 13473 2273 2297 13474 2285 2305 13475 2273 2297 13476 2272 2298 13477 2284 2306 13478 2284 2306 13479 2272 2298 13480 2270 2299 13481 2277 2156 13482 2289 2130 13483 2293 2308 13484 2293 2308 13485 2292 2310 13486 2280 2300 13487 2292 2310 13488 2291 2319 13489 2279 2311 13490 2279 2311 13491 2291 2319 13492 2290 2312 13493 2290 2312 13494 2288 2320 13495 2276 2313 13496 2283 2155 13497 2287 2303 13498 2299 2314 13499 2287 2303 13500 2286 2304 13501 2298 2315 13502 2286 2304 13503 2285 2305 13504 2297 2316 13505 2297 2316 13506 2285 2305 13507 2284 2306 13508 2284 2306 13509 2282 2307 13510 2294 2318 13511 2289 2130 13512 2109 2132 13513 2113 2164 13514 2293 2308 13515 2113 2164 13516 2112 2166 13517 2292 2310 13518 2112 2166 13519 2111 2167 13520 2111 2167 13521 2110 2169 13522 2290 2312 13523 2290 2312 13524 2110 2169 13525 2108 2170 13526 2295 2157 13527 2299 2314 13528 2119 2171 13529 2299 2314 13530 2298 2315 13531 2118 2174 13532 2298 2315 13533 2297 2316 13534 2117 2321 13535 2117 2321 13536 2297 2316 13537 2296 2317 13538 2296 2317 13539 2294 2318 13540 2114 2178 13541 2312 2322 13542 2329 2360 13543 2328 2323 13544 2349 2325 13545 2301 2329 13546 2300 2326 13547 2350 2328 13548 2302 2331 13549 2301 2329 13550 2350 2328 13551 2351 2333 13552 2303 2330 13553 2352 2332 13554 2304 2335 13555 2303 2330 13556 2352 2332 13557 2353 2337 13558 2305 2334 13559 2354 2336 13560 2306 2339 13561 2305 2334 13562 2354 2336 13563 2355 2340 13564 2307 2338 13565 2355 2340 13566 2356 2342 13567 2308 2341 13568 2356 2342 13569 2357 2345 13570 2309 2343 13571 2358 2344 13572 2310 2346 13573 2309 2343 13574 2358 2344 13575 2359 2347 13576 2311 2324 13577 2359 2347 13578 2360 2349 13579 2312 2322 13580 2361 2348 13581 2313 2351 13582 2312 2322 13583 2361 2348 13584 2362 2352 13585 2314 2350 13586 2362 2352 13587 2363 2354 13588 2315 2353 13589 2348 2327 13590 2300 2326 13591 2315 2353 13592 2347 2385 13593 2332 2374 13594 2333 2373 13595 2333 2373 13596 2334 2375 13597 2335 2355 13598 2335 2355 13599 2336 2376 13600 2337 2378 13601 2337 2378 13602 2338 2377 13603 2339 2356 13604 2339 2356 13605 2340 2380 13606 2341 2379 13607 2341 2379 13608 2342 2381 13609 2339 2356 13610 2342 2381 13611 2343 2357 13612 2339 2356 13613 2343 2357 13614 2344 2382 13615 2345 2384 13616 2345 2384 13617 2346 2383 13618 2343 2357 13619 2346 2383 13620 2347 2385 13621 2343 2357 13622 2347 2385 13623 2333 2373 13624 2335 2355 13625 2335 2355 13626 2337 2378 13627 2339 2356 13628 2347 2385 13629 2335 2355 13630 2343 2357 13631 2304 2335 13632 2305 2334 13633 2322 2358 13634 2313 2351 13635 2330 2362 13636 2329 2360 13637 2306 2339 13638 2323 2363 13639 2322 2358 13640 2313 2351 13641 2314 2350 13642 2331 2361 13643 2307 2338 13644 2324 2366 13645 2323 2363 13646 2300 2326 13647 2301 2329 13648 2316 2364 13649 2315 2353 13650 2318 2367 13651 2331 2361 13652 2308 2341 13653 2325 2368 13654 2324 2366 13655 2315 2353 13656 2300 2326 13657 2317 2365 13658 2309 2343 13659 2326 2369 13660 2325 2368 13661 2302 2331 13662 2319 2371 13663 2316 2364 13664 2310 2346 13665 2327 2372 13666 2326 2369 13667 2302 2331 13668 2303 2330 13669 2320 2370 13670 2311 2324 13671 2328 2323 13672 2327 2372 13673 2303 2330 13674 2304 2335 13675 2321 2359 13676 2317 2365 13677 2316 2364 13678 2333 2373 13679 2316 2364 13680 2319 2371 13681 2334 2375 13682 2320 2370 13683 2335 2355 13684 2334 2375 13685 2320 2370 13686 2321 2359 13687 2336 2376 13688 2322 2358 13689 2337 2378 13690 2336 2376 13691 2322 2358 13692 2323 2363 13693 2338 2377 13694 2324 2366 13695 2339 2356 13696 2338 2377 13697 2325 2368 13698 2340 2380 13699 2339 2356 13700 2325 2368 13701 2326 2369 13702 2341 2379 13703 2326 2369 13704 2327 2372 13705 2342 2381 13706 2328 2323 13707 2343 2357 13708 2342 2381 13709 2328 2323 13710 2329 2360 13711 2344 2382 13712 2330 2362 13713 2345 2384 13714 2344 2382 13715 2330 2362 13716 2331 2361 13717 2346 2383 13718 2318 2367 13719 2347 2385 13720 2346 2383 13721 2317 2365 13722 2332 2374 13723 2347 2385 13724 2108 2170 13725 2348 2327 13726 2363 2354 13727 2276 2313 13728 2288 2320 13729 2363 2354 13730 2264 2292 13731 2276 2313 13732 2362 2352 13733 2264 2292 13734 2361 2348 13735 2360 2349 13736 2252 2293 13737 2360 2349 13738 2359 2347 13739 2228 2262 13740 2240 2272 13741 2359 2347 13742 2228 2262 13743 2358 2344 13744 2357 2345 13745 2204 2243 13746 2216 2263 13747 2357 2345 13748 2204 2243 13749 2356 2342 13750 2355 2340 13751 2192 2232 13752 2355 2340 13753 2354 2336 13754 2180 2233 13755 2354 2336 13756 2353 2337 13757 2156 2204 13758 2168 2223 13759 2353 2337 13760 2156 2204 13761 2352 2332 13762 2351 2333 13763 2132 2194 13764 2144 2205 13765 2351 2333 13766 2120 2185 13767 2132 2194 13768 2350 2328 13769 2108 2170 13770 2120 2185 13771 2349 2325 13772 2364 2386 13773 2365 2396 13774 2367 2387 13775 2366 2388 13776 2367 2387 13777 2369 2389 13778 2369 2389 13779 2371 2392 13780 2370 2391 13781 2371 2392 13782 2373 2394 13783 2372 2393 13784 2373 2394 13785 2375 2470 13786 2374 2395 13787 2374 2395 13788 2375 2470 13789 2365 2396 13790 2374 2395 13791 2364 2386 13792 2370 2391 13793 2364 2386 13794 2366 2388 13795 2370 2391 13796 2366 2388 13797 2368 2390 13798 2370 2391 13799 2377 2397 13800 2379 2471 13801 2378 2398 13802 2378 2398 13803 2379 2471 13804 2381 2400 13805 2380 2401 13806 2381 2400 13807 2383 2402 13808 2383 2402 13809 2385 2405 13810 2384 2404 13811 2385 2405 13812 2387 2407 13813 2386 2406 13814 2387 2407 13815 2377 2397 13816 2376 2399 13817 2386 2406 13818 2376 2399 13819 2378 2398 13820 2378 2398 13821 2380 2401 13822 2382 2403 13823 2382 2403 13824 2384 2404 13825 2386 2406 13826 2389 2408 13827 2391 2472 13828 2390 2409 13829 2390 2409 13830 2391 2472 13831 2393 2411 13832 2393 2411 13833 2395 2473 13834 2394 2413 13835 2394 2413 13836 2395 2473 13837 2397 2414 13838 2397 2414 13839 2399 2417 13840 2398 2416 13841 2399 2417 13842 2389 2408 13843 2388 2410 13844 2398 2416 13845 2388 2410 13846 2390 2409 13847 2390 2409 13848 2392 2412 13849 2398 2416 13850 2392 2412 13851 2394 2413 13852 2398 2416 13853 2400 2418 13854 2401 2474 13855 2403 2419 13856 2402 2420 13857 2403 2419 13858 2405 2421 13859 2405 2421 13860 2407 2475 13861 2406 2423 13862 2406 2423 13863 2407 2475 13864 2409 2424 13865 2409 2424 13866 2411 2427 13867 2410 2426 13868 2411 2427 13869 2401 2474 13870 2400 2418 13871 2410 2426 13872 2400 2418 13873 2402 2420 13874 2402 2420 13875 2404 2422 13876 2406 2423 13877 2406 2423 13878 2408 2425 13879 2410 2426 13880 2412 2428 13881 2413 2474 13882 2415 2429 13883 2414 2430 13884 2415 2429 13885 2417 2431 13886 2417 2431 13887 2419 2476 13888 2418 2433 13889 2418 2433 13890 2419 2476 13891 2421 2434 13892 2421 2434 13893 2423 2437 13894 2422 2436 13895 2423 2437 13896 2413 2474 13897 2412 2428 13898 2422 2436 13899 2412 2428 13900 2414 2430 13901 2414 2430 13902 2416 2432 13903 2418 2433 13904 2418 2433 13905 2420 2435 13906 2414 2430 13907 2425 2438 13908 2424 1868 13909 1846 1848 13910 2426 1871 13911 1844 1842 13912 2447 1844 13913 2425 2438 13914 1848 1850 13915 1847 1860 13916 2428 2439 13917 1827 1851 13918 1835 1864 13919 2429 1872 13920 1843 1841 13921 1840 1822 13922 2428 2439 13923 1845 1865 13924 2440 1845 13925 2435 2440 13926 1829 1856 13927 1837 1863 13928 2430 1133 13929 1824 1835 13930 2446 1857 13931 2434 1861 13932 2433 1849 13933 1837 1863 13934 2434 1861 13935 2432 1846 13936 1845 1865 13937 2442 1847 13938 2432 1846 13939 1830 1859 13940 2431 1133 13941 2442 1847 13942 2436 1824 13943 2441 1869 13944 2440 1845 13945 1843 1841 13946 2437 1852 13947 2441 1869 13948 2429 1872 13949 1813 2441 13950 2438 269 13951 2437 1852 13952 1843 1841 13953 2440 1845 13954 2442 1847 13955 1833 2442 13956 2439 301 13957 2436 1824 13958 2449 1843 13959 2446 1857 13960 1829 1856 13961 2448 1870 13962 2447 1844 13963 1846 1848 13964 2443 1826 13965 2448 1870 13966 2424 1868 13967 1825 1837 13968 2445 1855 13969 2446 1857 13970 2447 1844 13971 2449 1843 13972 2435 2440 13973 1832 1853 13974 2444 269 13975 2443 1826 13976 2468 290 13977 2465 304 13978 286 303 13979 2467 318 13980 2452 317 13981 301 289 13982 2451 2444 13983 305 297 13984 304 308 13985 2451 2444 13986 2455 315 13987 303 295 13988 2450 2445 13989 284 299 13990 292 311 13991 2454 319 13992 300 288 13993 297 268 13994 2450 2445 13995 302 312 13996 2473 292 13997 2475 294 13998 2461 293 13999 287 306 14000 2458 2443 14001 286 303 14002 294 310 14003 2457 2446 14004 281 2447 14005 2465 304 14006 2456 296 14007 294 310 14008 295 309 14009 2459 307 14010 2461 293 14011 302 312 14012 2455 315 14013 2467 318 14014 2466 291 14015 285 302 14016 2462 274 14017 2467 318 14018 281 2447 14019 282 283 14020 2464 269 14021 2466 291 14022 2468 290 14023 2458 2443 14024 289 301 14025 2463 272 14026 2462 274 14027 2460 1133 14028 2475 294 14029 2469 271 14030 2474 316 14031 2473 292 14032 300 288 14033 2470 300 14034 2474 316 14035 2454 319 14036 270 2448 14037 2471 298 14038 2470 300 14039 300 288 14040 2473 292 14041 2475 294 14042 290 2449 14043 2472 269 14044 2469 271 14045 1151 1215 14046 1090 1154 14047 1091 1161 14048 1091 1161 14049 1092 1155 14050 1140 1174 14051</p>
        </triangles>
      </mesh>
    </geometry>
  </library_geometries>
  <library_visual_scenes>
    <visual_scene id="Scene" name="Scene">
      <node id="truckd" name="truckd" type="NODE">
        <matrix sid="transform">-0.0577575 -1.88198e-8 -7.42433e-16 -0.7521889 -6.78421e-16 4.36057e-9 -0.0577575 -0.1776002 1.88198e-8 -0.0577575 -4.36057e-9 0.5611445 0 0 0 1</matrix>
      </node>
      <node id="Empty_001" name="Empty.001" type="NODE">
        <matrix sid="transform">1 0 0 0.2735489 0 1 0 -0.546509 0 0 1 0.6850372 0 0 0 1</matrix>
      </node>
      <node id="Empty" name="Empty" type="NODE">
        <matrix sid="transform">1 0 0 0.3798278 0 -1.62921e-7 -1 -1.09953e-7 0 1 -1.62921e-7 0.8183557 0 0 0 1</matrix>
      </node>
      <node id="Skateboard" name="Skateboard" type="NODE">
        <matrix sid="transform">1 0 0 0.005966991 0 1 1.62921e-7 -0.001226512 0 -1.62921e-7 1 -0.02016149 0 0 0 1</matrix>
        <instance_geometry url="#Cylinder_001-mesh" name="Skateboard"/>
      </node>
    </visual_scene>
  </library_visual_scenes>
  <scene>
    <instance_visual_scene url="#Scene"/>
  </scene>
</COLLADA>