# Blender v3.0.0 OBJ File: ''
# www.blender.org
mtllib shoe.mtl
o shoe
v 4.327524 -0.655342 0.397476
v 4.302159 -0.839765 0.166428
v 2.060852 -0.187351 0.087908
v 2.197275 -0.075463 0.323584
v 2.331363 0.204311 0.537056
v 4.415676 -0.307341 0.564106
v 2.465421 0.574431 0.606277
v 4.510216 0.018901 0.588751
v 2.508532 0.885415 0.528503
v 4.595808 0.315966 0.508711
v 2.516325 1.097313 0.412821
v 4.680254 0.502634 0.414392
v 2.511030 1.241160 0.218639
v 4.736057 0.628483 0.163914
v 2.508517 1.345822 0.116302
v 4.782920 0.716696 0.080339
v 2.480734 1.526079 0.052225
v 4.862812 0.885913 0.024393
v 2.467183 1.692257 0.019621
v 4.968462 1.083752 0.022953
v 5.509290 2.672717 -0.062773
v 2.303777 3.439109 -0.060606
v 2.492877 4.244467 0.022266
v 5.548268 3.512349 0.042271
v 2.321006 2.604338 -0.052153
v 5.301173 1.889426 -0.059069
v 2.851615 4.979300 0.195215
v 5.413802 4.359913 0.256649
v 3.387522 5.491437 0.562881
v 5.114542 5.078157 0.651031
v 3.668979 5.682842 0.796909
v 4.924411 5.382403 0.852732
v 3.949345 5.820712 1.011147
v 4.695609 5.645308 1.056765
v 4.205931 5.850883 1.456417
v 4.428239 5.787930 1.473408
v 4.252563 -1.066252 0.073135
v 1.925864 -0.400052 0.042448
v 4.183632 -1.318086 0.042690
v 1.752955 -0.727420 0.040174
v 3.984466 -2.022087 0.036388
v 1.425966 -1.416073 0.045780
v 3.849377 -2.396317 0.062273
v 1.352632 -1.807144 0.065535
v 3.659320 -2.745395 0.085855
v 1.350519 -2.192170 0.084536
v 3.373179 -3.045255 0.170877
v 1.464019 -2.559889 0.220671
v 3.115356 -3.169958 0.335443
v 1.595121 -2.773880 0.385731
v 2.786985 -3.236399 0.508057
v 1.835042 -2.988171 0.560514
v 2.565535 -3.241811 0.673609
v 2.018910 -3.093661 0.664434
v 2.443019 -3.181511 1.603495
v 2.424956 -3.100286 1.815134
v 2.109025 -2.987564 1.812572
v 2.066704 -3.066641 1.590763
v 2.341930 3.453641 0.806099
v 2.501728 4.148784 0.838505
v 2.745073 4.706596 0.998001
v 2.959053 5.039657 1.174654
v 3.326711 5.343715 1.505148
v 3.766577 5.554991 1.686262
v 3.813587 5.682068 1.405010
v 4.151778 5.644091 1.780294
v 4.184699 5.778939 1.584888
v 4.388889 5.577249 1.780153
v 4.415489 5.714010 1.588657
v 4.716531 5.374460 1.720139
v 4.752465 5.577179 1.383873
v 5.001427 5.110005 1.636530
v 5.282862 4.682865 1.402708
v 5.468663 4.123374 1.064426
v 5.553926 3.372321 0.837307
v 5.502742 2.636261 0.776825
v 5.350640 2.011211 0.837790
v 5.078121 1.351816 0.507086
v 5.023726 1.225877 1.171438
v 4.989282 1.138280 0.582270
v 4.875080 0.914434 0.667011
v 4.811402 0.762821 0.856522
v 4.832106 0.758308 1.360628
v 4.728769 0.508954 1.472881
v 4.585608 0.106357 1.571301
v 4.498560 -0.174552 1.532881
v 4.366304 -0.568439 1.010530
v 4.318789 -0.761632 1.011786
v 4.247871 -1.045883 0.971241
v 4.327406 -0.721146 1.449831
v 4.177204 -1.316575 1.521574
v 4.179784 -1.317182 0.927950
v 4.008492 -1.969625 1.708433
v 3.998975 -1.990404 1.046160
v 3.859361 -2.373662 1.714857
v 3.856213 -2.380807 1.193686
v 3.641292 -2.716449 1.602619
v 3.686260 -2.755004 1.338961
v 3.349530 -2.943479 1.697741
v 3.389170 -3.008625 1.483116
v 3.042594 -3.076100 1.765617
v 3.070709 -3.142981 1.559982
v 2.705749 -3.121715 1.807856
v 2.724320 -3.198699 1.588301
v 1.810966 -2.822370 1.772238
v 1.781802 -2.899569 1.547897
v 1.573817 -2.558193 1.730564
v 1.521725 -2.645811 1.464985
v 1.462229 -2.300749 1.678190
v 1.394065 -2.389924 1.331308
v 1.408560 -2.027390 1.641397
v 1.389378 -2.081849 1.126852
v 1.382298 -1.758708 0.976980
v 1.442794 -1.372977 0.878323
v 1.686220 -0.773232 0.805960
v 1.809487 -0.512606 0.787169
v 1.781553 -0.381901 1.501966
v 1.927312 -0.020633 1.452759
v 2.061446 0.303607 1.480854
v 2.212483 0.683279 1.569742
v 2.298458 1.001013 1.525715
v 2.405820 1.167516 0.930214
v 2.437799 1.323366 0.883736
v 2.446070 1.498792 0.798832
v 2.444744 1.665844 0.639324
v 2.414157 1.919575 0.646090
v 2.407783 1.800412 1.262314
v 2.374189 2.194333 1.097876
v 2.335489 2.646885 0.914913
v 5.264862 2.172361 1.390259
v 5.393217 2.688289 1.330038
v 5.456856 3.332553 1.349401
v 5.371494 4.058349 1.478354
v 5.080414 2.388143 2.050753
v 4.801752 1.570753 2.460546
v 4.967302 1.337066 1.772345
v 4.653800 1.172998 2.691725
v 4.818877 0.922943 1.969116
v 4.523966 0.852231 2.913765
v 4.698075 0.643854 2.129023
v 4.343234 0.346029 3.112719
v 4.516958 0.192861 2.275288
v 4.239767 -0.180051 3.047718
v 4.399592 -0.190109 2.314104
v 4.141547 -0.668846 3.164471
v 4.288037 -0.710675 2.200220
v 5.211302 2.879434 1.781723
v 5.287676 3.312167 1.736753
v 5.205986 3.962964 1.818586
v 4.153984 -1.258803 2.065435
v 3.949608 -1.787472 2.466446
v 3.676038 -2.160719 2.805285
v 3.553451 -2.550797 2.234663
v 3.326791 -2.787184 2.292322
v 3.019040 -2.946384 2.318018
v 2.678712 -3.006222 2.337393
v 2.409867 -2.985741 2.342260
v 2.149957 -2.896199 2.320389
v 1.858452 -2.706319 2.310522
v 1.611298 -2.431359 2.262764
v 1.507002 -2.184066 2.250708
v 1.447462 -1.926835 2.189695
v 1.427369 -1.639326 2.147221
v 1.406090 -1.719865 1.707926
v 1.451616 -1.547554 2.647787
v 1.461297 -1.242664 2.469164
v 1.460531 -1.283701 2.113005
v 1.572500 -0.806855 2.028065
v 2.314179 2.476926 1.524105
v 2.330106 2.847531 1.400568
v 2.427319 3.525496 1.277267
v 2.542406 4.076974 1.267218
v 2.801630 4.600837 1.337488
v 3.014811 4.917425 1.424589
v 3.341109 5.162289 1.662607
v 3.736790 5.360804 1.855024
v 4.062031 5.369340 1.965805
v 4.354285 5.333765 1.990623
v 4.692604 5.202186 1.956528
v 4.960789 4.968446 1.854795
v 5.218609 4.539248 1.647240
v 2.489438 2.813506 2.132902
v 2.525007 3.180678 1.953745
v 2.573449 3.571494 1.753052
v 2.610550 4.021008 1.587893
v 2.871226 4.496962 1.632465
v 3.095285 4.768471 1.695412
v 3.345047 4.981844 1.836176
v 3.704846 5.123182 2.052162
v 3.978036 5.132979 2.147648
v 4.321443 5.095611 2.203573
v 4.635301 4.993204 2.164528
v 4.888003 4.804770 2.063908
v 5.112723 4.355396 1.886292
v 2.385798 1.423615 1.409296
v 2.234566 1.536144 1.992956
v 2.310851 2.147229 1.647314
v 2.372820 1.872629 2.650957
v 2.449288 2.338716 2.387156
v 2.210070 1.245623 2.978720
v 2.158834 1.078847 2.196365
v 2.062687 0.747275 2.301657
v 2.055663 0.850791 3.075861
v 1.904362 0.423268 3.019709
v 1.969104 0.358636 2.269613
v 1.843721 -0.034447 2.232136
v 1.774155 0.048985 3.000618
v 1.725804 -0.402299 2.105209
v 1.622897 -0.216100 3.365565
v 1.654223 -0.736222 1.573317
v 4.033873 -1.178634 3.221876
v 3.662428 -2.064251 3.310286
v 3.849087 -1.688295 3.269588
v 3.281301 -2.534596 3.319754
v 3.299632 -2.600494 3.002533
v 3.035125 -2.737635 3.307802
v 2.996512 -2.822321 2.846350
v 2.637987 -2.781378 3.258488
v 2.658967 -2.921873 2.724129
v 2.413728 -2.760733 3.252691
v 2.399701 -2.908567 2.697414
v 2.224645 -2.678099 3.247421
v 2.178741 -2.831954 2.677473
v 1.925199 -2.521837 3.223488
v 1.899638 -2.605669 2.777376
v 1.555755 -2.017128 3.281157
v 1.558259 -2.050493 2.906101
v 1.657959 -2.273462 2.925304
v 1.705115 -2.250264 3.250080
v 1.453405 -1.754197 3.270697
v 1.489589 -1.817943 2.783457
v 1.389404 -1.424347 3.259319
v 1.378665 -1.095528 3.266058
v 1.498811 -0.470072 3.301546
v 4.713023 3.117087 2.568081
v 4.562682 2.581083 2.809109
v 4.363307 1.870548 3.178402
v 4.239823 1.509162 3.383021
v 4.085643 0.789599 4.007122
v 4.181930 1.164291 3.626148
v 4.148619 -0.022784 3.772862
v 4.170364 -0.603597 4.364508
v 4.095727 -1.121756 4.711559
v 4.072770 0.509225 4.924522
v 4.213025 -0.110426 4.771568
v 4.251059 -0.784928 5.249918
v 4.238022 -1.185218 5.643169
v 4.791552 3.414642 2.391115
v 4.910824 3.791859 2.174835
v 2.969320 3.610619 2.456503
v 3.011811 3.848944 2.343933
v 3.042091 4.168509 2.185230
v 3.021351 4.424635 1.953119
v 2.877919 2.939544 2.829382
v 2.769032 2.411817 3.100555
v 2.656919 2.022493 3.309027
v 2.503724 1.486121 3.717706
v 1.850012 0.601948 3.695961
v 1.788808 0.601092 4.584135
v 2.244376 1.017967 4.471106
v 1.665715 0.175450 3.792209
v 1.561377 -0.056189 3.854462
v 1.567363 0.216933 4.561926
v 1.456350 -0.043001 4.500463
v 3.954952 -1.665853 4.141176
v 3.923331 -1.835852 5.203397
v 3.760643 -2.024519 3.908882
v 3.728373 -2.183233 4.973322
v 3.362875 -2.555520 3.867239
v 3.335113 -2.569700 4.622784
v 2.910887 -2.800272 3.660328
v 2.875482 -2.767966 4.392753
v 2.624925 -2.761695 3.665001
v 2.615940 -2.803400 4.327679
v 2.408157 -2.732097 3.644338
v 2.382937 -2.789971 4.297637
v 2.195932 -2.723306 4.310377
v 2.221422 -2.654441 3.634589
v 1.933576 -2.565226 3.637693
v 1.956848 -2.576791 4.340863
v 1.667022 -2.301098 3.854153
v 1.712812 -2.351838 4.424242
v 1.444239 -1.971179 4.661373
v 1.476639 -1.997304 3.865006
v 1.319555 -1.704288 4.826214
v 1.391330 -1.684679 3.837074
v 1.205921 -1.286066 5.076839
v 1.312511 -1.292149 3.918941
v 1.260081 -0.916175 4.227062
v 1.199380 -0.945130 5.317599
v 1.275137 -0.282881 4.903530
v 1.179785 -0.460591 5.681379
v 1.365724 0.052108 5.897017
v 1.363306 0.033743 5.255618
v 1.638077 0.588065 5.416332
v 1.579531 0.425939 5.933029
v 1.868662 0.740780 5.842842
v 2.051684 0.910778 5.300592
v 4.298781 -0.102737 5.576969
v 4.151201 0.298896 5.727461
v 4.239815 -0.487780 5.037930
v 4.316213 -0.443403 5.563789
v 4.271218 -0.144444 5.919927
v 4.304416 -0.455534 5.907026
v 4.274057 -0.850673 5.832616
v 4.297592 -0.704472 5.554831
v 4.063144 -0.180103 6.058924
v 4.194768 0.145351 5.868357
v 4.021802 0.142150 5.932720
v 4.050924 -0.494941 6.098007
v 4.074076 -0.873557 6.030796
v 4.055229 -1.257491 5.913424
v 3.907647 -1.842570 5.564077
v 3.694237 -2.174752 5.285419
v 3.833694 0.124030 6.673157
v 3.944351 -0.198028 6.629513
v 4.045878 -0.496153 6.334259
v 3.326370 -2.537177 4.996644
v 2.903041 -2.757663 4.820599
v 2.390466 -2.801919 4.743040
v 2.186653 -2.751329 4.732368
v 2.596409 -2.813428 4.759460
v 1.691402 -2.393865 4.850633
v 1.457281 -2.016006 5.014754
v 1.911023 -2.613650 4.770564
v 1.253644 -1.313096 5.480445
v 1.259355 -0.974609 5.694653
v 1.336944 -1.712869 5.187141
v 1.320680 -0.524537 5.880416
v 1.527365 -0.014229 6.017585
v 1.723649 0.323381 6.027666
v 1.825185 0.518291 5.954411
v 1.827400 0.266087 6.059487
v 1.948830 0.442914 6.010550
v 1.736520 0.092144 6.024131
v 1.401257 -0.571854 5.917276
v 1.354308 -0.973579 5.737048
v 1.357366 -1.315877 5.538519
v 1.439108 -1.702461 5.250600
v 1.536533 -1.991107 5.085889
v 3.960918 -0.492226 6.102287
v 3.996156 -0.885342 6.065264
v 3.971242 -1.269400 5.964445
v 3.836424 -1.812603 5.660741
v 3.612463 -2.154855 5.348330
v 3.281286 -2.470963 5.060627
v 2.880360 -2.687192 4.887960
v 2.568033 -2.731725 4.820147
v 2.392460 -2.729226 4.793819
v 2.216274 -2.676766 4.786453
v 1.970528 -2.543497 4.829753
v 1.751276 -2.341025 4.909916
v 3.458097 0.792411 6.050528
v 3.508303 0.870600 5.623287
v 3.248880 0.996690 5.563962
v 3.236745 0.887662 6.038785
v 2.859148 0.938861 6.022164
v 2.874913 1.025007 5.610126
v 2.198937 0.723597 5.664406
v 2.275825 0.754040 5.961414
v 2.203928 0.540355 6.656096
v 1.901148 0.297754 6.628118
v 3.747429 0.539075 6.065491
v 3.771724 0.603193 5.642775
v 3.206419 4.419408 2.019108
v 3.214325 4.003662 2.267561
v 4.749815 3.982673 2.148438
v 4.671418 3.703026 2.275343
v 3.434051 4.457121 2.106995
v 3.707140 4.407756 2.170559
v 4.069918 4.320538 2.192896
v 4.413520 4.228914 2.179249
v 4.026437 4.021427 2.282408
v 3.613726 4.063531 2.280746
v 4.321145 3.941518 2.256269
v 3.343721 4.116281 2.257149
v 3.154059 3.866979 2.311556
v 3.663054 -0.553810 6.557133
v 3.532916 -0.376549 6.698195
v 3.518312 -0.274249 5.984219
v 3.672929 -0.598248 6.022504
v 3.623713 -0.232563 6.817669
v 3.747732 -0.447593 6.689913
v 3.360160 -0.212351 6.769444
v 3.376334 -0.056667 5.892948
v 3.457095 -0.047996 6.890189
v 3.206292 -0.106459 6.803894
v 3.252284 0.055513 5.849874
v 3.280721 0.078788 6.927576
v 2.987440 -0.011693 6.825151
v 3.040227 0.158253 5.817964
v 3.047768 0.172493 6.943822
v 2.759438 0.032043 6.824162
v 2.859691 0.193423 5.783700
v 2.774883 0.217399 6.935764
v 2.536255 0.018656 6.791403
v 2.670466 0.177750 5.760929
v 2.511069 0.200088 6.901575
v 2.331287 -0.037616 6.730091
v 2.505655 0.124182 5.764731
v 2.267381 0.123527 6.836988
v 2.175273 -0.099832 6.662245
v 2.338119 0.023328 5.784725
v 2.219734 0.303557 6.857771
v 2.032283 0.202347 6.771694
v 2.090711 0.035507 6.759216
v 2.004370 -0.195323 6.500757
v 2.037911 -0.178391 5.802979
v 1.876709 0.085417 6.645747
v 1.923747 -0.081878 6.623463
v 2.495110 0.392160 6.928860
v 2.793519 0.408415 6.969191
v 3.106007 0.369131 6.972467
v 3.359035 0.289047 6.936302
v 3.561474 0.144052 6.891705
v 3.721387 -0.062960 6.834013
v 3.836824 -0.311682 6.728762
v 1.839514 -0.147277 6.481531
v 1.879320 -0.122305 5.810066
v 1.811606 0.074167 6.428599
v 1.852862 0.105960 5.779266
v 1.748589 0.112705 6.442337
v 2.239539 0.447540 6.672112
v 2.569729 0.595412 6.640956
v 2.571318 0.690180 6.623772
v 2.933766 0.632893 6.623020
v 2.960658 0.735512 6.606674
v 3.155587 0.577590 6.647890
v 3.180202 0.676568 6.614822
v 3.352663 0.500543 6.626090
v 3.382713 0.603903 6.612576
v 3.592820 0.288528 6.670307
v 3.651553 0.385932 6.638204
v 3.758283 0.040154 6.705947
v 2.065297 0.587560 5.890388
v 3.877264 -0.247907 6.662392
v 3.952487 -0.509707 6.341963
v 3.819582 -0.592159 6.534065
v 3.813571 -0.660193 6.356392
v 3.913627 -0.600279 6.398690
v 3.884777 -0.621084 6.009995
v 3.884439 -1.180311 5.958206
v 3.762192 -1.766614 5.621758
v 3.260944 -2.378769 5.043105
v 3.565057 -2.070032 5.315498
v 2.238674 -2.607407 4.764557
v 2.045936 -2.492449 4.771551
v 2.410759 -2.649535 4.777792
v 2.584418 -2.631621 4.787248
v 2.868978 -2.601651 4.876473
v 1.474458 -0.586166 5.872240
v 1.425766 -0.950540 5.701628
v 1.426717 -1.294925 5.502592
v 1.498328 -1.665293 5.210745
v 1.595287 -1.931473 5.047745
v 1.804103 -2.275341 4.861677
v 2.905843 1.074760 5.118212
v 3.242970 1.008798 5.186440
v 3.559807 0.878461 5.137354
v 2.983753 1.195847 4.460819
v 3.331681 1.171945 4.501806
v 3.637946 1.015967 4.456617
v 3.383521 1.403673 4.049110
v 3.058308 1.445084 3.995022
v 3.716144 1.273722 3.961035
v 1.459673 -1.329756 1.713293
v 3.915000 2.113293 3.247015
v 3.812304 1.663438 3.568598
v 4.228697 3.410069 2.483265
v 3.772374 3.205950 2.727043
v 3.673227 2.819332 2.955309
v 4.012213 2.602293 2.939953
v 4.127220 3.055395 2.702177
v 3.585319 2.221968 3.324692
v 3.464477 1.791975 3.641965
v 3.891340 3.605840 2.483187
v 3.259983 2.311699 3.235954
v 3.143628 1.840874 3.571304
v 3.389437 2.849209 2.912771
v 3.493567 3.238378 2.707479
v 3.559069 3.661996 2.478159
v 3.058627 0.371369 4.899077
v 3.235823 0.319703 4.902369
v 2.906635 0.387611 4.874163
v 2.746234 0.370459 4.850733
v 2.605725 0.324458 4.849759
v 2.461926 0.247540 4.855644
v 2.204026 0.064180 4.867851
v 2.103756 0.054650 4.951265
v 2.095304 0.455761 4.870159
v 1.679334 -0.400397 4.949642
v 1.618058 -0.734086 4.762398
v 1.603588 -1.049417 4.552332
v 1.644503 -1.386455 4.244507
v 1.709976 -1.627263 4.066954
v 1.877149 -1.939466 3.877156
v 2.037126 -2.125700 3.735744
v 2.340035 -2.368669 3.723514
v 2.486917 -2.423767 3.706801
v 2.637815 -2.437989 3.664150
v 2.877894 -2.393242 3.771299
v 3.214228 -2.184640 3.931439
v 3.625341 -1.673623 4.288942
v 3.734704 -1.414658 4.654928
v 3.844580 -0.873910 4.995844
v 3.862942 -0.360020 5.075377
v 3.701830 -0.231148 5.022857
v 3.567669 -0.021538 5.118520
v 3.410112 0.175925 5.030932
vt 0.210841 0.410031
vt 0.213642 0.430337
vt 0.052697 0.441883
vt 0.058740 0.422462
vt 0.060919 0.396537
vt 0.208561 0.382784
vt 0.061318 0.368927
vt 0.207391 0.359285
vt 0.057149 0.346973
vt 0.206309 0.337250
vt 0.052831 0.330855
vt 0.207600 0.321722
vt 0.048859 0.314635
vt 0.207839 0.301978
vt 0.486039 0.056044
vt 0.476673 0.215251
vt 0.466647 0.216583
vt 0.477304 0.053885
vt 0.453999 0.220871
vt 0.464178 0.050758
vt 0.442704 0.224060
vt 0.449326 0.046341
vt 0.334025 0.031704
vt 0.326514 0.259276
vt 0.269101 0.257617
vt 0.276196 0.040670
vt 0.382780 0.246557
vt 0.389923 0.034950
vt 0.213121 0.243458
vt 0.218706 0.061386
vt 0.164320 0.213690
vt 0.166146 0.090873
vt 0.141368 0.196733
vt 0.143070 0.107485
vt 0.122013 0.179116
vt 0.122253 0.126062
vt 0.091757 0.160421
vt 0.091757 0.144416
vt 0.215778 0.447470
vt 0.048975 0.459171
vt 0.217232 0.465572
vt 0.045462 0.484507
vt 0.220894 0.515986
vt 0.040460 0.536937
vt 0.220943 0.543530
vt 0.044914 0.564096
vt 0.216829 0.570728
vt 0.053851 0.589184
vt 0.205389 0.597627
vt 0.070046 0.612271
vt 0.191866 0.616008
vt 0.083911 0.627711
vt 0.172465 0.633371
vt 0.104926 0.641785
vt 0.158699 0.646620
vt 0.119631 0.648839
vt 0.171491 0.780609
vt 0.178719 0.766913
vt 0.201060 0.773604
vt 0.196764 0.789703
vt 0.654585 0.971038
vt 0.666827 0.911370
vt 0.714079 0.919984
vt 0.711459 0.977026
vt 0.769246 0.974572
vt 0.756312 0.916957
vt 0.824319 0.954247
vt 0.784099 0.909125
vt 0.850497 0.938491
vt 0.817093 0.890273
vt 0.848257 0.875737
vt 0.857195 0.895716
vt 0.872496 0.864021
vt 0.880631 0.878346
vt 0.885919 0.854489
vt 0.894131 0.869117
vt 0.821136 0.750571
vt 0.807926 0.739295
vt 0.824314 0.718646
vt 0.845411 0.734778
vt 0.840410 0.696353
vt 0.907000 0.705505
vt 0.886807 0.727824
vt 0.863627 0.666168
vt 0.943284 0.653440
vt 0.890819 0.629686
vt 0.963120 0.593238
vt 0.909346 0.579789
vt 0.971719 0.534263
vt 0.913990 0.529794
vt 0.970353 0.477915
vt 0.908449 0.486236
vt 0.930022 0.438551
vt 0.963492 0.418772
vt 0.883125 0.428759
vt 0.924550 0.423010
vt 0.918197 0.406191
vt 0.905017 0.395013
vt 0.953351 0.384596
vt 0.959236 0.391097
vt 0.869029 0.394349
vt 0.930164 0.362274
vt 0.936120 0.376044
vt 0.861510 0.375397
vt 0.926104 0.341626
vt 0.856220 0.345518
vt 0.930549 0.319518
vt 0.861115 0.325153
vt 0.901089 0.299281
vt 0.944710 0.296345
vt 0.902500 0.285656
vt 0.961994 0.285088
vt 0.907948 0.265724
vt 0.970331 0.269944
vt 0.871799 0.286198
vt 0.872373 0.243752
vt 0.913480 0.246790
vt 0.865527 0.196255
vt 0.911545 0.198514
vt 0.868544 0.166935
vt 0.904865 0.169408
vt 0.878672 0.139833
vt 0.897602 0.141018
vt 0.873142 0.114360
vt 0.889056 0.114506
vt 0.868624 0.091362
vt 0.883790 0.091465
vt 0.865088 0.067892
vt 0.881125 0.067932
vt 0.863582 0.048451
vt 0.879439 0.048778
vt 0.223244 0.782284
vt 0.217617 0.797967
vt 0.246991 0.789969
vt 0.240178 0.808564
vt 0.266003 0.796527
vt 0.257773 0.820395
vt 0.285177 0.801690
vt 0.277181 0.836324
vt 0.298500 0.848883
vt 0.287121 0.910048
vt 0.260185 0.905604
vt 0.325105 0.858435
vt 0.314621 0.914455
vt 0.369892 0.868829
vt 0.366638 0.921772
vt 0.389692 0.872948
vt 0.391975 0.925386
vt 0.409760 0.924987
vt 0.405112 0.825546
vt 0.425137 0.911347
vt 0.432099 0.831850
vt 0.448574 0.899658
vt 0.457517 0.831772
vt 0.475416 0.896929
vt 0.487850 0.826962
vt 0.495594 0.902230
vt 0.510783 0.830675
vt 0.517888 0.872840
vt 0.508301 0.910709
vt 0.528174 0.877397
vt 0.515204 0.924720
vt 0.538753 0.885245
vt 0.520538 0.932567
vt 0.547970 0.898159
vt 0.531548 0.938368
vt 0.564900 0.900314
vt 0.541852 0.942144
vt 0.563612 0.855868
vt 0.587965 0.871419
vt 0.615689 0.890177
vt 0.600879 0.957738
vt 0.869309 0.494084
vt 0.874749 0.530329
vt 0.873449 0.574140
vt 0.861836 0.622466
vt 0.821610 0.504943
vt 0.790531 0.445123
vt 0.840322 0.433185
vt 0.233959 0.892796
vt 0.217081 0.879193
vt 0.773160 0.415802
vt 0.826012 0.402866
vt 0.757794 0.391722
vt 0.815047 0.381805
vt 0.746709 0.353408
vt 0.806794 0.347806
vt 0.756436 0.315132
vt 0.807030 0.319794
vt 0.754188 0.278440
vt 0.819888 0.282924
vt 0.840674 0.540715
vt 0.844278 0.571014
vt 0.835573 0.614901
vt 0.834553 0.243938
vt 0.812338 0.200990
vt 0.791840 0.165687
vt 0.833280 0.141436
vt 0.830926 0.118150
vt 0.829802 0.093717
vt 0.827991 0.069529
vt 0.826356 0.050761
vt 0.210092 0.739213
vt 0.191912 0.732598
vt 0.233712 0.745860
vt 0.258773 0.754507
vt 0.277434 0.758448
vt 0.295642 0.765503
vt 0.315831 0.771215
vt 0.307276 0.799961
vt 0.325230 0.738696
vt 0.346460 0.753483
vt 0.341142 0.776444
vt 0.376286 0.786501
vt 0.611876 0.845203
vt 0.634738 0.859586
vt 0.678003 0.879588
vt 0.715038 0.889570
vt 0.754837 0.891823
vt 0.781112 0.889610
vt 0.809114 0.875291
vt 0.838385 0.860981
vt 0.856929 0.846275
vt 0.873306 0.834827
vt 0.810473 0.704357
vt 0.792685 0.721143
vt 0.826519 0.684913
vt 0.847008 0.654757
vt 0.644367 0.808416
vt 0.666913 0.826674
vt 0.690052 0.846857
vt 0.717096 0.866832
vt 0.754250 0.869543
vt 0.778438 0.867474
vt 0.800976 0.859635
vt 0.826040 0.843746
vt 0.841394 0.831659
vt 0.859473 0.816261
vt 0.779657 0.701968
vt 0.797010 0.688588
vt 0.812035 0.672717
vt 0.828937 0.641493
vt 0.539577 0.841611
vt 0.552971 0.801105
vt 0.591302 0.832008
vt 0.585941 0.759527
vt 0.615240 0.783759
vt 0.543713 0.732061
vt 0.522098 0.784434
vt 0.498188 0.776694
vt 0.513349 0.725525
vt 0.479348 0.728699
vt 0.468671 0.778565
vt 0.438448 0.779397
vt 0.449902 0.729193
vt 0.408703 0.785208
vt 0.431691 0.703742
vt 0.378944 0.817568
vt 0.756723 0.240079
vt 0.758072 0.168755
vt 0.758353 0.199785
vt 0.759834 0.123973
vt 0.781503 0.122679
vt 0.761276 0.100622
vt 0.792792 0.096063
vt 0.763775 0.071778
vt 0.801003 0.070779
vt 0.762828 0.055661
vt 0.801496 0.052335
vt 0.225411 0.676377
vt 0.215843 0.715019
vt 0.200170 0.709285
vt 0.211311 0.671608
vt 0.249018 0.684866
vt 0.241895 0.714317
vt 0.294589 0.690907
vt 0.289591 0.715407
vt 0.272190 0.710802
vt 0.274505 0.688901
vt 0.314572 0.695253
vt 0.306248 0.726764
vt 0.338545 0.699965
vt 0.362369 0.703230
vt 0.409986 0.705835
vt 0.777107 0.553158
vt 0.759396 0.514497
vt 0.732743 0.461814
vt 0.716596 0.435127
vt 0.677308 0.379412
vt 0.701291 0.408625
vt 0.705887 0.321892
vt 0.675345 0.275232
vt 0.657537 0.235157
vt 0.619762 0.347914
vt 0.642004 0.306507
vt 0.617128 0.253971
vt 0.593135 0.223711
vt 0.788054 0.575224
vt 0.802911 0.602234
vt 0.713035 0.796420
vt 0.727850 0.808013
vt 0.745550 0.824802
vt 0.758467 0.844819
vt 0.671534 0.761160
vt 0.637359 0.734911
vt 0.610999 0.715429
vt 0.576919 0.680951
vt 0.496419 0.683210
vt 0.500706 0.625036
vt 0.543357 0.627836
vt 0.463209 0.677466
vt 0.444980 0.671968
vt 0.468139 0.627051
vt 0.447459 0.630269
vt 0.699492 0.199510
vt 0.627692 0.179926
vt 0.717669 0.172087
vt 0.645320 0.155295
vt 0.722771 0.125472
vt 0.671373 0.120134
vt 0.737012 0.090328
vt 0.687097 0.086193
vt 0.735914 0.070064
vt 0.690488 0.067950
vt 0.736752 0.054868
vt 0.691203 0.051674
vt 0.226437 0.601145
vt 0.239542 0.605052
vt 0.230911 0.650928
vt 0.217535 0.645070
vt 0.251532 0.656531
vt 0.258371 0.608636
vt 0.279412 0.648146
vt 0.281553 0.608027
vt 0.314570 0.597097
vt 0.303920 0.652124
vt 0.334982 0.589162
vt 0.325695 0.658327
vt 0.364691 0.577178
vt 0.353948 0.657497
vt 0.382314 0.640342
vt 0.388071 0.564643
vt 0.429716 0.601586
vt 0.421078 0.546059
vt 0.455727 0.535458
vt 0.453335 0.579813
vt 0.493901 0.568550
vt 0.481468 0.531233
vt 0.506766 0.533859
vt 0.527054 0.569542
vt 0.587453 0.294359
vt 0.571024 0.319491
vt 0.628638 0.276559
vt 0.591582 0.272294
vt 0.564282 0.286104
vt 0.567124 0.266672
vt 0.576299 0.242548
vt 0.594469 0.255681
vt 0.547758 0.283407
vt 0.564260 0.306415
vt 0.552433 0.309373
vt 0.545287 0.258225
vt 0.558070 0.234936
vt 0.573132 0.211587
vt 0.602396 0.176074
vt 0.623601 0.152031
vt 0.501872 0.300121
vt 0.508185 0.279900
vt 0.528725 0.262691
vt 0.645167 0.119599
vt 0.657679 0.087960
vt 0.231812 0.570803
vt 0.245146 0.576065
vt 0.660548 0.066971
vt 0.659908 0.053063
vt 0.285517 0.577654
vt 0.315051 0.571310
vt 0.265120 0.579032
vt 0.366259 0.548465
vt 0.389344 0.536608
vt 0.337363 0.563404
vt 0.418962 0.528124
vt 0.456124 0.521186
vt 0.481617 0.516539
vt 0.495504 0.522404
vt 0.481923 0.508707
vt 0.498318 0.511557
vt 0.467862 0.509621
vt 0.417256 0.521313
vt 0.388770 0.529270
vt 0.365088 0.539821
vt 0.335970 0.554914
vt 0.314311 0.563483
vt 0.539747 0.253193
vt 0.553997 0.230703
vt 0.567596 0.207413
vt 0.594127 0.173809
vt 0.617244 0.148032
vt 0.638129 0.118445
vt 0.650790 0.087700
vt 0.653329 0.065577
vt 0.653718 0.053410
vt 0.246750 0.569619
vt 0.234864 0.565452
vt 0.265754 0.571396
vt 0.286228 0.570561
vt 0.523518 0.362787
vt 0.551817 0.374195
vt 0.545884 0.393108
vt 0.514844 0.376685
vt 0.568654 0.501094
vt 0.575305 0.531013
vt 0.528628 0.535451
vt 0.530175 0.514409
vt 0.510278 0.467870
vt 0.484601 0.470843
vt 0.534142 0.338749
vt 0.561163 0.350122
vt 0.767512 0.834508
vt 0.747093 0.808124
vt 0.794008 0.617504
vt 0.784550 0.598282
vt 0.780476 0.823249
vt 0.792635 0.807199
vt 0.808952 0.787065
vt 0.751608 0.650468
vt 0.773207 0.638841
vt 0.791834 0.773191
vt 0.770997 0.793010
vt 0.744786 0.629047
vt 0.763734 0.619796
vt 0.759244 0.807791
vt 0.737178 0.803288
vt 0.865080 0.747731
vt 0.829095 0.756485
vt 0.898693 0.877457
vt 0.885891 0.887049
vt 0.872869 0.921171
vt 0.281481 0.495568
vt 0.271713 0.480175
vt 0.323404 0.478202
vt 0.316830 0.501883
vt 0.257441 0.480545
vt 0.268716 0.495781
vt 0.266778 0.463643
vt 0.329657 0.461791
vt 0.251121 0.464374
vt 0.264852 0.450285
vt 0.331931 0.450625
vt 0.248580 0.449688
vt 0.264216 0.432744
vt 0.333581 0.434310
vt 0.248463 0.432608
vt 0.265384 0.415638
vt 0.336561 0.421444
vt 0.250445 0.414090
vt 0.268937 0.399671
vt 0.340126 0.408173
vt 0.254489 0.396673
vt 0.274483 0.385321
vt 0.342234 0.396315
vt 0.261273 0.380449
vt 0.280229 0.374791
vt 0.342858 0.383181
vt 0.249484 0.375086
vt 0.258605 0.362251
vt 0.268875 0.368550
vt 0.292523 0.363323
vt 0.342192 0.358256
vt 0.271637 0.350998
vt 0.280675 0.357931
vt 0.241292 0.392765
vt 0.236723 0.411602
vt 0.233662 0.431686
vt 0.232681 0.449283
vt 0.235986 0.466117
vt 0.244247 0.482811
vt 0.257816 0.498183
vt 0.291820 0.353319
vt 0.339543 0.346928
vt 0.287068 0.340032
vt 0.333020 0.332855
vt 0.313739 0.329111
vt 0.285199 0.335280
vt 0.468293 0.482977
vt 0.471124 0.466298
vt 0.463892 0.480203
vt 0.484478 0.456587
vt 0.507921 0.461425
vt 0.532507 0.457865
vt 0.535967 0.463705
vt 0.556585 0.450520
vt 0.560581 0.456607
vt 0.591420 0.491263
vt 0.599358 0.526802
vt 0.569519 0.442067
vt 0.573488 0.449147
vt 0.482175 0.336265
vt 0.487423 0.341509
vt 0.477774 0.352310
vt 0.472470 0.346813
vt 0.490260 0.315618
vt 0.496780 0.320671
vt 0.495532 0.295285
vt 0.512918 0.519344
vt 0.503142 0.275144
vt 0.525480 0.257663
vt 0.280486 0.506578
vt 0.293031 0.510684
vt 0.286573 0.516265
vt 0.939506 0.971366
vt 0.958377 0.963100
vt 0.939557 0.983745
vt 0.310411 0.526291
vt 0.289825 0.518600
vt 0.317135 0.516265
vt 0.281894 0.517674
vt 0.276340 0.523186
vt 0.293883 0.525297
vt 0.963681 0.940338
vt 0.972377 0.938702
vt 0.977778 0.893683
vt 0.983956 0.894917
vt 0.978092 0.821108
vt 0.984210 0.819335
vt 0.984415 0.858087
vt 0.977618 0.859152
vt 0.095242 0.941070
vt 0.090615 0.939508
vt 0.094488 0.923224
vt 0.101660 0.922038
vt 0.085823 0.951135
vt 0.091183 0.953373
vt 0.974192 0.751318
vt 0.979656 0.749290
vt 0.981829 0.761636
vt 0.974703 0.763214
vt 0.984361 0.784430
vt 0.978685 0.785109
vt 0.124988 0.754338
vt 0.130713 0.752516
vt 0.132209 0.783712
vt 0.126465 0.782902
vt 0.129854 0.811648
vt 0.124380 0.811143
vt 0.121115 0.845416
vt 0.115785 0.844248
vt 0.116212 0.869686
vt 0.110478 0.867540
vt 0.108142 0.900791
vt 0.101931 0.899175
vt 0.498497 0.448316
vt 0.091391 0.709841
vt 0.109524 0.704163
vt 0.516865 0.438581
vt 0.535323 0.428764
vt 0.554636 0.418804
vt 0.452854 0.328249
vt 0.466417 0.315800
vt 0.477556 0.302520
vt 0.487273 0.287236
vt 0.497826 0.270469
vt 0.581068 0.566433
vt 0.601874 0.553553
vt 0.585341 0.382477
vt 0.571743 0.402276
vt 0.593863 0.612758
vt 0.974770 0.252309
vt 0.615582 0.599321
vt 0.631782 0.399449
vt 0.617253 0.419690
vt 0.981365 0.201552
vt 0.627235 0.632849
vt 0.607624 0.646442
vt 0.982866 0.173393
vt 0.662781 0.421791
vt 0.643016 0.440051
vt 0.335372 0.802889
vt 0.705817 0.484888
vt 0.686788 0.451128
vt 0.749778 0.581939
vt 0.714362 0.569888
vt 0.701784 0.541565
vt 0.722448 0.522025
vt 0.736887 0.555344
vt 0.684532 0.497825
vt 0.665657 0.468301
vt 0.729308 0.599545
vt 0.646977 0.663117
vt 0.673972 0.686958
vt 0.659713 0.706708
vt 0.629748 0.679923
vt 0.709164 0.719205
vt 0.694931 0.733591
vt 0.721215 0.751246
vt 0.735159 0.737256
vt 0.763397 0.755513
vt 0.747177 0.772380
vt 0.963205 0.403629
vt 0.983773 0.144964
vt 0.399870 0.431347
vt 0.400044 0.443665
vt 0.401738 0.421216
vt 0.403735 0.410305
vt 0.404176 0.399805
vt 0.404002 0.387574
vt 0.401874 0.362755
vt 0.397192 0.354016
vt 0.404034 0.323971
vt 0.059499 0.770762
vt 0.021223 0.716023
vt 0.059094 0.797269
vt 0.055471 0.822259
vt 0.044484 0.849563
vt 0.037754 0.866988
vt 0.029211 0.888790
vt 0.019380 0.901667
vt 0.016557 0.924141
vt 0.011831 0.933229
vt 0.893064 0.758092
vt 0.896302 0.747702
vt 0.899669 0.773344
vt 0.902779 0.797786
vt 0.902216 0.841358
vt 0.911104 0.868384
vt 0.900700 0.909808
vt 0.878989 0.938943
vt 0.388856 0.495187
vt 0.383737 0.509076
vt 0.385133 0.476414
vt 0.391158 0.458764
vt 0.196105 0.862822
vt 0.182855 0.852256
vt 0.144924 0.839801
vt 0.944110 0.055666
vt 0.956040 0.070674
vt 0.968501 0.094148
vt 0.979523 0.114954
vn 0.8359 0.2622 -0.4822
vn 0.7613 0.2515 -0.5976
vn -0.3861 0.6385 -0.6658
vn -0.3947 0.7365 -0.5493
vn -0.5016 0.4752 -0.7229
vn 0.7625 0.0038 -0.6470
vn -0.6079 0.1398 -0.7816
vn 0.6810 -0.2592 -0.6849
vn -0.6820 -0.1997 -0.7036
vn 0.5692 -0.4874 -0.6621
vn -0.7580 -0.4102 -0.5071
vn 0.5674 -0.6938 -0.4434
vn -0.7330 -0.4898 -0.4720
vn 0.4061 -0.7867 -0.4650
vn -0.6676 -0.3714 -0.6452
vn 0.4738 -0.6202 -0.6252
vn -0.6931 -0.1907 -0.6951
vn 0.5525 -0.4245 -0.7173
vn -0.6770 -0.1408 -0.7224
vn 0.6441 -0.3569 -0.6766
vn 0.7110 -0.0763 -0.6990
vn -0.7217 0.1175 -0.6821
vn -0.6574 0.3478 -0.6685
vn 0.7253 0.1351 -0.6751
vn -0.7201 -0.0771 -0.6896
vn 0.6632 -0.2582 -0.7025
vn -0.5147 0.5983 -0.6141
vn 0.6933 0.3701 -0.6183
vn -0.3357 0.8025 -0.4933
vn 0.6535 0.5929 -0.4706
vn -0.2537 0.8885 -0.3824
vn 0.6155 0.6885 -0.3836
vn -0.1181 0.9566 -0.2662
vn 0.5179 0.8083 -0.2800
vn -0.0174 0.9849 0.1722
vn 0.3765 0.9118 0.1636
vn 0.7005 -0.0545 -0.7116
vn -0.5531 0.4045 -0.7283
vn 0.6788 -0.1633 -0.7160
vn -0.6217 0.3110 -0.7189
vn 0.6670 -0.2331 -0.7077
vn -0.7029 0.1899 -0.6855
vn 0.6510 -0.3208 -0.6879
vn -0.7389 0.0254 -0.6733
vn 0.5396 -0.5042 -0.6743
vn -0.7198 -0.1556 -0.6765
vn 0.2966 -0.7611 -0.5769
vn -0.6758 -0.4533 -0.5812
vn 0.0970 -0.9211 -0.3770
vn -0.5957 -0.7081 -0.3791
vn -0.0565 -0.9475 -0.3146
vn -0.4670 -0.8339 -0.2942
vn -0.1675 -0.9767 -0.1340
vn -0.3529 -0.9237 -0.1490
vn -0.1619 -0.9668 0.1975
vn -0.1933 -0.9415 0.2762
vn -0.4157 -0.8664 0.2767
vn -0.4044 -0.8918 0.2028
vn -0.9904 0.1234 0.0625
vn -0.9455 0.3101 0.0994
vn -0.8680 0.4748 0.1452
vn -0.7772 0.5915 0.2147
vn -0.6475 0.6710 0.3613
vn -0.4330 0.7327 0.5250
vn -0.4618 0.8523 0.2455
vn -0.0834 0.7524 0.6535
vn -0.0881 0.8813 0.4643
vn 0.3174 0.6898 0.6507
vn 0.3942 0.7843 0.4790
vn 0.5787 0.6256 0.5232
vn 0.6962 0.6743 0.2462
vn 0.8031 0.5052 0.3160
vn 0.9188 0.3420 0.1973
vn 0.9759 0.1864 0.1134
vn 0.9958 0.0124 0.0910
vn 0.9836 -0.1564 0.0902
vn 0.9535 -0.2885 0.0872
vn 0.9200 -0.3920 0.0034
vn 0.9345 -0.3480 0.0745
vn 0.9059 -0.4235 0.0068
vn 0.9031 -0.4293 -0.0058
vn 0.9125 -0.4082 -0.0271
vn 0.9297 -0.3661 0.0410
vn 0.9366 -0.3482 0.0391
vn 0.9508 -0.3063 0.0452
vn 0.9596 -0.2793 0.0332
vn 0.9690 -0.2459 -0.0251
vn 0.9724 -0.2333 -0.0051
vn 0.9701 -0.2427 0.0056
vn 0.9649 -0.2610 0.0306
vn 0.9677 -0.2489 0.0396
vn 0.9668 -0.2554 0.0027
vn 0.9444 -0.3178 0.0841
vn 0.9533 -0.3019 -0.0014
vn 0.8744 -0.4643 0.1408
vn 0.9157 -0.4016 0.0103
vn 0.7632 -0.6131 0.2040
vn 0.7975 -0.5990 0.0718
vn 0.5623 -0.7799 0.2750
vn 0.5651 -0.8090 0.1621
vn 0.3069 -0.9082 0.2846
vn 0.3109 -0.9311 0.1910
vn 0.0552 -0.9587 0.2791
vn 0.0779 -0.9783 0.1919
vn -0.6304 -0.7244 0.2790
vn -0.6196 -0.7596 0.1977
vn -0.8354 -0.4937 0.2418
vn -0.8210 -0.5451 0.1701
vn -0.9583 -0.2351 0.1623
vn -0.9597 -0.2641 0.0962
vn -0.9942 -0.0729 0.0796
vn -0.9969 -0.0675 0.0392
vn -0.9966 0.0779 0.0264
vn -0.9635 0.2678 -0.0047
vn -0.9198 0.3893 -0.0481
vn -0.8945 0.4399 -0.0798
vn -0.9109 0.4009 -0.0983
vn -0.8853 0.4389 -0.1539
vn -0.8979 0.3875 -0.2087
vn -0.9357 0.2705 -0.2266
vn -0.9665 0.1390 -0.2156
vn -0.9862 0.0173 -0.1647
vn -0.9926 0.0252 -0.1186
vn -0.9960 -0.0523 -0.0721
vn -0.9937 -0.1034 -0.0435
vn -0.9935 -0.1113 -0.0234
vn -0.9907 -0.0478 -0.1277
vn -0.9947 -0.0837 -0.0593
vn -0.9995 -0.0328 0.0040
vn 0.9445 -0.2054 0.2563
vn 0.9495 -0.1364 0.2826
vn 0.9527 -0.0238 0.3029
vn 0.9334 0.1021 0.3441
vn 0.8967 -0.0645 0.4378
vn 0.9046 -0.0946 0.4156
vn 0.9440 -0.2432 0.2228
vn 0.9166 -0.0955 0.3882
vn 0.9430 -0.2668 0.1989
vn 0.9310 -0.1065 0.3492
vn 0.9393 -0.2799 0.1982
vn 0.9508 -0.1445 0.2742
vn 0.9430 -0.2758 0.1860
vn 0.9740 -0.1494 0.1703
vn 0.9561 -0.2467 0.1582
vn 0.9835 -0.1624 0.0794
vn 0.9645 -0.2381 0.1146
vn 0.8863 -0.0580 0.4594
vn 0.8684 -0.0087 0.4958
vn 0.8369 0.0714 0.5427
vn 0.9623 -0.2518 0.1026
vn 0.9248 -0.3481 0.1535
vn 0.8298 -0.5282 0.1802
vn 0.7471 -0.6208 0.2375
vn 0.6039 -0.7619 0.2340
vn 0.3247 -0.9169 0.2319
vn 0.0555 -0.9740 0.2195
vn -0.2040 -0.9578 0.2026
vn -0.4379 -0.8762 0.2015
vn -0.6472 -0.7334 0.2078
vn -0.8396 -0.5127 0.1795
vn -0.9476 -0.2910 0.1322
vn -0.9873 -0.1299 0.0917
vn -0.9989 0.0171 0.0425
vn -0.9982 0.0492 0.0354
vn -0.9983 -0.0564 -0.0157
vn -0.9925 0.1087 -0.0562
vn -0.9857 0.1674 -0.0196
vn -0.9516 0.2916 -0.0971
vn -0.9976 0.0394 0.0564
vn -0.9888 0.0957 0.1147
vn -0.9702 0.1716 0.1710
vn -0.9281 0.2992 0.2215
vn -0.8518 0.4224 0.3100
vn -0.7778 0.4607 0.4275
vn -0.6528 0.5217 0.5492
vn -0.4271 0.6040 0.6729
vn -0.1310 0.6340 0.7622
vn 0.1972 0.6357 0.7463
vn 0.5126 0.5857 0.6278
vn 0.7572 0.4080 0.5101
vn 0.8836 0.2176 0.4146
vn -0.9213 0.2401 0.3060
vn -0.9046 0.2611 0.3368
vn -0.8972 0.2560 0.3598
vn -0.8786 0.3049 0.3675
vn -0.7988 0.4399 0.4104
vn -0.6913 0.4840 0.5364
vn -0.5994 0.4623 0.6535
vn -0.4011 0.4366 0.8053
vn -0.1690 0.3912 0.9046
vn 0.0773 0.3544 0.9319
vn 0.3385 0.3122 0.8877
vn 0.5762 0.2252 0.7857
vn 0.7507 0.1381 0.6460
vn -0.9819 0.0626 -0.1787
vn -0.9875 0.1381 -0.0758
vn -0.9987 0.0471 -0.0191
vn -0.9328 0.3062 0.1903
vn -0.9307 0.2633 0.2540
vn -0.9278 0.3491 0.1317
vn -0.9690 0.2240 -0.1046
vn -0.9492 0.2927 -0.1158
vn -0.9101 0.4140 -0.0183
vn -0.9250 0.3626 -0.1135
vn -0.9389 0.3220 -0.1218
vn -0.9332 0.3417 -0.1116
vn -0.9311 0.3360 -0.1420
vn -0.9238 0.3660 -0.1125
vn -0.9096 0.3788 -0.1708
vn -0.9403 0.3332 -0.0690
vn 0.9683 -0.2457 0.0460
vn 0.8436 -0.5368 0.0163
vn 0.9285 -0.3701 0.0295
vn 0.6857 -0.7272 0.0316
vn 0.6691 -0.7215 0.1780
vn 0.3730 -0.9259 0.0608
vn 0.3357 -0.9170 0.2152
vn -0.0111 -0.9921 0.1251
vn 0.0458 -0.9723 0.2293
vn -0.2435 -0.9564 0.1612
vn -0.2175 -0.9484 0.2305
vn -0.4180 -0.8989 0.1313
vn -0.4456 -0.8674 0.2216
vn -0.6316 -0.7713 0.0786
vn -0.6482 -0.7329 0.2066
vn -0.9083 -0.4172 -0.0306
vn -0.9302 -0.3579 0.0818
vn -0.8348 -0.5300 0.1494
vn -0.8172 -0.5761 0.0196
vn -0.9657 -0.2526 -0.0600
vn -0.9794 -0.1996 0.0311
vn -0.9903 -0.1084 -0.0871
vn -0.9901 0.0733 -0.1197
vn -0.9363 0.3174 -0.1504
vn 0.5469 0.2636 0.7947
vn 0.5870 0.2276 0.7769
vn 0.6500 0.2180 0.7280
vn 0.7125 0.2534 0.6544
vn 0.8945 0.3161 0.3161
vn 0.8033 0.2531 0.5392
vn 0.9964 -0.0146 0.0838
vn 0.9930 -0.1048 -0.0539
vn 0.9695 -0.2280 -0.0898
vn 0.8482 0.5222 0.0893
vn 0.9935 0.0959 -0.0609
vn 0.9829 -0.1340 -0.1263
vn 0.9402 -0.3063 0.1493
vn 0.5299 0.2541 0.8091
vn 0.5788 0.1875 0.7936
vn -0.5117 0.4594 0.7260
vn -0.4691 0.4315 0.7706
vn -0.4425 0.4848 0.7544
vn -0.6063 0.4863 0.6292
vn -0.5142 0.4655 0.7203
vn -0.5532 0.4958 0.6694
vn -0.6054 0.5495 0.5758
vn -0.6017 0.6987 0.3869
vn -0.8635 0.4987 -0.0755
vn -0.7993 0.5962 -0.0750
vn -0.5103 0.8514 0.1214
vn -0.9148 0.3743 -0.1518
vn -0.9238 0.3403 -0.1756
vn -0.8887 0.4389 -0.1328
vn -0.9136 0.3721 -0.1642
vn 0.9312 -0.3584 -0.0664
vn 0.8972 -0.4411 0.0214
vn 0.8438 -0.5308 -0.0795
vn 0.7909 -0.6117 0.0194
vn 0.6438 -0.7642 -0.0406
vn 0.5841 -0.8115 0.0196
vn 0.2341 -0.9719 -0.0267
vn 0.2546 -0.9670 0.0141
vn -0.0496 -0.9985 -0.0216
vn -0.0007 -0.9996 -0.0271
vn -0.2430 -0.9699 -0.0157
vn -0.2015 -0.9774 -0.0647
vn -0.3865 -0.9194 -0.0736
vn -0.3880 -0.9212 -0.0288
vn -0.5767 -0.8157 -0.0456
vn -0.5811 -0.8112 -0.0645
vn -0.7826 -0.6214 -0.0383
vn -0.7730 -0.6327 -0.0467
vn -0.8957 -0.4431 -0.0377
vn -0.8987 -0.4344 -0.0600
vn -0.9535 -0.3007 -0.0218
vn -0.9642 -0.2538 -0.0774
vn -0.9893 -0.1457 0.0039
vn -0.9896 -0.1097 -0.0929
vn -0.9908 0.0742 -0.1132
vn -0.9979 -0.0330 0.0557
vn -0.9602 0.2565 -0.1110
vn -0.9675 0.0769 0.2409
vn -0.8449 0.2872 0.4513
vn -0.9094 0.4107 -0.0660
vn -0.7740 0.6330 -0.0170
vn -0.6706 0.5085 0.5401
vn -0.2138 0.8171 0.5353
vn -0.3944 0.9116 0.1159
vn 0.9846 0.1741 -0.0148
vn 0.7315 0.5911 0.3398
vn 0.9913 -0.0595 -0.1171
vn 0.9992 -0.0107 -0.0396
vn 0.8248 0.2070 0.5261
vn 0.8857 -0.0222 0.4637
vn 0.9086 -0.1860 0.3740
vn 0.9943 -0.0947 -0.0496
vn 0.8122 0.1910 0.5513
vn 0.7097 0.4534 0.5392
vn 0.6704 0.5037 0.5448
vn 0.6659 -0.2883 0.6881
vn 0.5504 -0.2094 0.8082
vn 0.6940 -0.4004 0.5984
vn 0.6830 -0.6077 0.4052
vn 0.5787 -0.7319 0.3596
vn 0.6531 0.3214 0.6857
vn 0.7571 -0.0896 0.6472
vn 0.7467 -0.5888 0.3095
vn 0.3879 -0.8318 0.3970
vn 0.1828 -0.9007 0.3941
vn -0.1774 -0.8880 0.4243
vn -0.3338 -0.8555 0.3958
vn -0.0066 -0.9168 0.3993
vn -0.6418 -0.6710 0.3712
vn -0.7343 -0.5681 0.3716
vn -0.4936 -0.7842 0.3760
vn -0.7872 -0.3924 0.4758
vn -0.7576 -0.2910 0.5842
vn -0.7714 -0.4932 0.4021
vn -0.6087 -0.1412 0.7807
vn -0.3776 0.0090 0.9259
vn -0.2514 0.2596 0.9324
vn -0.1162 0.4640 0.8782
vn -0.5881 0.5224 0.6175
vn -0.4485 0.6813 0.5785
vn -0.1289 -0.5619 0.8171
vn 0.1340 -0.3661 0.9209
vn 0.0125 -0.4499 0.8930
vn 0.0619 -0.5442 0.8367
vn 0.1133 -0.5324 0.8389
vn 0.1130 -0.4240 0.8986
vn 0.3740 -0.8032 0.4637
vn -0.0659 -0.1807 0.9813
vn 0.0343 -0.3959 0.9177
vn -0.0153 -0.5528 0.8332
vn -0.2088 -0.5401 0.8153
vn -0.2041 -0.4242 0.8822
vn -0.1702 -0.3354 0.9266
vn -0.1475 -0.2261 0.9629
vn -0.1142 -0.2079 0.9715
vn -0.0245 -0.1728 0.9846
vn 0.1123 -0.1979 0.9738
vn 0.1176 -0.3072 0.9444
vn 0.5035 0.8221 0.2657
vn 0.5466 0.8263 0.1360
vn 0.2613 0.9566 0.1288
vn 0.2521 0.9274 0.2765
vn -0.1009 0.9670 0.2338
vn -0.0889 0.9787 0.1849
vn -0.1384 0.9432 0.3021
vn -0.4774 0.8652 0.1531
vn -0.3831 0.5975 0.7045
vn -0.7541 0.4647 0.4640
vn 0.7364 0.6384 0.2241
vn 0.6656 0.7208 0.1935
vn -0.3697 0.4799 0.7956
vn -0.1381 0.4172 0.8982
vn 0.3308 0.1882 0.9247
vn 0.2001 0.3698 0.9073
vn -0.3283 0.3366 0.8825
vn -0.1125 0.2208 0.9688
vn 0.0257 0.1429 0.9894
vn 0.1615 0.1134 0.9803
vn 0.1005 0.3300 0.9386
vn -0.0015 0.3878 0.9217
vn 0.1816 0.3055 0.9347
vn -0.2093 0.4211 0.8825
vn -0.0703 0.4235 0.9031
vn -0.5456 -0.7635 0.3457
vn -0.5534 -0.6933 0.4617
vn -0.8229 -0.5531 -0.1301
vn -0.5979 -0.7884 -0.1449
vn 0.0407 -0.4170 0.9080
vn 0.2615 -0.5717 0.7777
vn -0.5064 -0.7370 0.4476
vn -0.6766 -0.7139 -0.1801
vn 0.0103 -0.3206 0.9471
vn -0.3907 -0.8086 0.4399
vn -0.4840 -0.8519 -0.2000
vn -0.0121 -0.2976 0.9546
vn -0.2442 -0.8637 0.4408
vn -0.2613 -0.9441 -0.2008
vn -0.0517 -0.3135 0.9482
vn -0.0841 -0.8852 0.4575
vn -0.0199 -0.9825 -0.1853
vn -0.0901 -0.3251 0.9414
vn 0.0580 -0.8853 0.4614
vn 0.2024 -0.9665 -0.1580
vn -0.1277 -0.3358 0.9332
vn 0.1637 -0.8756 0.4544
vn 0.3870 -0.9140 -0.1214
vn -0.1821 -0.3699 0.9110
vn 0.1795 -0.8764 0.4468
vn 0.5093 -0.8568 -0.0809
vn -0.3798 0.3232 0.8668
vn -0.5114 0.1563 0.8450
vn -0.2878 -0.4370 0.8522
vn 0.0454 -0.9665 0.2526
vn 0.1259 -0.9841 -0.1255
vn -0.7488 -0.1277 0.6503
vn -0.5392 -0.5042 0.6746
vn -0.2307 0.4192 0.8781
vn -0.0462 0.4229 0.9050
vn 0.1441 0.4097 0.9008
vn 0.3396 0.3965 0.8529
vn 0.4836 0.2908 0.8256
vn 0.5742 0.0817 0.8146
vn 0.6864 -0.1954 0.7005
vn -0.7532 -0.6178 0.2260
vn -0.7519 -0.6334 -0.1830
vn -0.8674 -0.4420 0.2284
vn -0.2434 -0.9685 0.0523
vn -0.9644 -0.0896 0.2487
vn -0.2635 0.4853 0.8337
vn -0.0784 0.5169 0.8525
vn -0.1467 0.6774 0.7208
vn 0.0226 0.5186 0.8547
vn 0.0321 0.6952 0.7181
vn 0.1557 0.5494 0.8209
vn 0.1764 0.6428 0.7454
vn 0.2487 0.4756 0.8438
vn 0.3453 0.6050 0.7175
vn 0.3767 0.4471 0.8113
vn 0.4941 0.5078 0.7057
vn 0.5735 0.2689 0.7738
vn -0.2836 0.8041 0.5225
vn 0.7359 -0.1366 0.6632
vn 0.6800 -0.6573 0.3250
vn 0.2718 -0.8145 0.5125
vn 0.0953 -0.9888 0.1144
vn 0.7288 -0.6198 0.2910
vn -0.6078 -0.7537 0.2501
vn -0.8179 -0.0820 0.5695
vn -0.8576 -0.0545 0.5114
vn -0.7265 0.3942 0.5628
vn -0.8579 0.1752 0.4830
vn 0.3322 0.6509 0.6827
vn 0.5736 0.5522 0.6051
vn 0.0458 0.6932 0.7193
vn -0.1779 0.7475 0.6399
vn -0.4537 0.5860 0.6714
vn 0.7911 -0.4043 0.4591
vn 0.7850 -0.3374 0.5195
vn 0.8224 -0.2765 0.4971
vn 0.8701 -0.1181 0.4785
vn 0.8519 0.0817 0.5173
vn 0.7598 0.3191 0.5664
vn -0.0550 0.9837 0.1711
vn 0.2666 0.9538 0.1387
vn 0.5377 0.8267 0.1655
vn -0.0706 0.9405 0.3325
vn 0.2595 0.8987 0.3535
vn 0.5487 0.7617 0.3446
vn 0.2168 0.7804 0.5865
vn -0.1052 0.8094 0.5778
vn 0.5267 0.6114 0.5905
vn -0.9769 0.2127 -0.0216
vn 0.3445 0.4436 0.8274
vn 0.4341 0.5021 0.7480
vn 0.1919 0.4305 0.8819
vn 0.1311 0.4680 0.8739
vn 0.1157 0.4813 0.8689
vn 0.2790 0.4219 0.8626
vn 0.2208 0.4266 0.8771
vn 0.1456 0.5316 0.8344
vn 0.1635 0.6286 0.7604
vn 0.1327 0.4323 0.8919
vn -0.1041 0.5468 0.8308
vn -0.1273 0.6511 0.7482
vn -0.0693 0.5038 0.8611
vn -0.0340 0.4913 0.8703
vn -0.0210 0.4593 0.8880
vn -0.2191 -0.9488 -0.2277
vn -0.4176 -0.8785 -0.2320
vn 0.0109 -0.9776 -0.2101
vn 0.2087 -0.9599 -0.1870
vn 0.3834 -0.9097 -0.1593
vn 0.5146 -0.8473 -0.1315
vn 0.3613 -0.9162 -0.1735
vn -0.6673 -0.6687 -0.3279
vn -0.0676 -0.9433 -0.3251
vn 0.9312 -0.3439 0.1209
vn 0.9732 -0.1659 0.1593
vn 0.9852 -0.0374 0.1671
vn 0.9759 0.1232 0.1799
vn 0.9286 0.3108 0.2029
vn 0.8195 0.5253 0.2291
vn 0.6658 0.7040 0.2472
vn 0.4318 0.8684 0.2437
vn 0.1313 0.9693 0.2081
vn -0.0955 0.9791 0.1795
vn -0.3488 0.9222 0.1672
vn -0.6584 0.7357 0.1589
vn -0.8528 0.5023 0.1431
vn -0.9535 0.2815 0.1076
vn -0.9945 0.0843 0.0621
vn -0.7527 -0.6306 -0.1891
vn -0.6821 -0.6878 -0.2482
vn -0.8083 -0.5530 -0.2023
vn -0.6228 -0.7501 -0.2226
usemtl Material
s 1
f 1/1/1 2/2/2 3/3/3 4/4/4
f 4/4/4 5/5/5 6/6/6 1/1/1
f 6/6/6 5/5/5 7/7/7 8/8/8
f 7/7/7 9/9/9 10/10/10 8/8/8
f 10/10/10 9/9/9 11/11/11 12/12/12
f 11/11/11 13/13/13 14/14/14 12/12/12
f 14/15/14 13/16/13 15/17/15 16/18/16
f 15/17/15 17/19/17 18/20/18 16/18/16
f 18/20/18 17/19/17 19/21/19 20/22/20
f 21/23/21 22/24/22 23/25/23 24/26/24
f 25/27/25 22/24/22 21/23/21 26/28/26
f 20/22/20 19/21/19 25/27/25 26/28/26
f 23/25/23 27/29/27 28/30/28 24/26/24
f 28/30/28 27/29/27 29/31/29 30/32/30
f 29/31/29 31/33/31 32/34/32 30/32/30
f 32/34/32 31/33/31 33/35/33 34/36/34
f 33/35/33 35/37/35 36/38/36 34/36/34
f 2/2/2 37/39/37 38/40/38 3/3/3
f 38/40/38 37/39/37 39/41/39 40/42/40
f 39/41/39 41/43/41 42/44/42 40/42/40
f 42/44/42 41/43/41 43/45/43 44/46/44
f 43/45/43 45/47/45 46/48/46 44/46/44
f 46/48/46 45/47/45 47/49/47 48/50/48
f 48/50/48 47/49/47 49/51/49 50/52/50
f 49/51/49 51/53/51 52/54/52 50/52/50
f 52/54/52 51/53/51 53/55/53 54/56/54
f 55/57/55 56/58/56 57/59/57 58/60/58
f 22/61/22 59/62/59 60/63/60 23/64/23
f 27/65/27 23/64/23 60/63/60 61/66/61
f 29/67/29 27/65/27 61/66/61 62/68/62
f 31/69/31 29/67/29 62/68/62 63/70/63
f 63/70/63 64/71/64 65/72/65
f 65/72/65 64/71/64 66/73/66 67/74/67
f 67/74/67 66/73/66 68/75/68 69/76/69
f 69/77/69 68/78/68 70/79/70 71/80/71
f 71/80/71 70/79/70 72/81/72
f 30/82/30 32/83/32 72/81/72 73/84/73
f 28/85/28 30/82/30 73/84/73 74/86/74
f 24/87/24 28/85/28 74/86/74 75/88/75
f 21/89/21 24/87/24 75/88/75 76/90/76
f 26/91/26 21/89/21 76/90/76 77/92/77
f 78/93/78 20/94/20 26/91/26 77/92/77
f 78/93/78 77/92/77 79/95/79 80/96/80
f 80/96/80 79/95/79 81/97/81
f 82/98/82 14/99/14 16/100/16 81/97/81
f 82/98/82 81/97/81 79/95/79 83/101/83
f 10/102/10 12/103/12 83/101/83 84/104/84
f 8/105/8 10/102/10 84/104/84 85/106/85
f 6/107/6 8/105/8 85/106/85 86/108/86
f 87/109/87 1/110/1 6/107/6 86/108/86
f 88/111/88 2/112/2 1/110/1 87/109/87
f 89/113/89 37/114/37 2/112/2 88/111/88
f 89/113/89 88/111/88 90/115/90 91/116/91
f 92/117/92 91/116/91 93/118/93 94/119/94
f 94/119/94 93/118/93 95/120/95 96/121/96
f 95/120/95 97/122/97 98/123/98 96/121/96
f 98/123/98 97/122/97 99/124/99 100/125/100
f 100/125/100 99/124/99 101/126/101 102/127/102
f 102/127/102 101/126/101 103/128/103 104/129/104
f 104/129/104 103/128/103 56/130/56 55/131/55
f 58/60/58 57/59/57 105/132/105 106/133/106
f 106/133/106 105/132/105 107/134/107 108/135/108
f 108/135/108 107/134/107 109/136/109 110/137/110
f 110/137/110 109/136/109 111/138/111 112/139/112
f 113/140/113 44/141/44 46/142/46 112/139/112
f 114/143/114 42/144/42 44/141/44 113/140/113
f 115/145/115 40/146/40 42/144/42 114/143/114
f 116/147/116 38/148/38 40/146/40 115/145/115
f 3/149/3 38/148/38 116/147/116 117/150/117
f 4/151/4 3/149/3 117/150/117 118/152/118
f 5/153/5 4/151/4 118/152/118 119/154/119
f 7/155/7 5/153/5 119/154/119 120/156/120
f 9/157/9 7/155/7 120/156/120 121/158/121
f 122/159/122 11/160/11 9/157/9 121/158/121
f 123/161/123 13/162/13 11/160/11 122/159/122
f 124/163/124 15/164/15 13/162/13 123/161/123
f 125/165/125 17/166/17 15/164/15 124/163/124
f 126/167/126 19/168/19 17/166/17 125/165/125
f 126/167/126 127/169/127 128/170/128 129/171/129
f 129/171/129 59/62/59 22/61/22 25/172/25
f 130/173/130 77/92/77 76/90/76 131/174/131
f 131/174/131 76/90/76 75/88/75 132/175/132
f 132/175/132 75/88/75 74/86/74 133/176/133
f 130/173/130 134/177/134 135/178/135 136/179/136
f 110/137/110 48/180/48 50/181/50 108/135/108
f 136/179/136 135/178/135 137/182/137 138/183/138
f 138/183/138 137/182/137 139/184/139 140/185/140
f 140/185/140 139/184/139 141/186/141 142/187/142
f 142/187/142 141/186/141 143/188/143 144/189/144
f 144/189/144 143/188/143 145/190/145 146/191/146
f 131/174/131 147/192/147 134/177/134 130/173/130
f 136/179/136 79/95/79 77/92/77 130/173/130
f 112/139/112 46/142/46 48/180/48 110/137/110
f 138/183/138 83/101/83 79/95/79 136/179/136
f 140/185/140 84/104/84 83/101/83 138/183/138
f 142/187/142 85/106/85 84/104/84 140/185/140
f 144/189/144 86/108/86 85/106/85 142/187/142
f 146/191/146 90/115/90 86/108/86 144/189/144
f 132/175/132 148/193/148 147/192/147 131/174/131
f 133/176/133 149/194/149 148/193/148 132/175/132
f 146/191/146 150/195/150 91/116/91 90/115/90
f 150/195/150 151/196/151 93/118/93 91/116/91
f 151/196/151 152/197/152 95/120/95 93/118/93
f 152/197/152 153/198/153 97/122/97 95/120/95
f 154/199/154 99/124/99 97/122/97 153/198/153
f 155/200/155 101/126/101 99/124/99 154/199/154
f 156/201/156 103/128/103 101/126/101 155/200/155
f 157/202/157 56/130/56 103/128/103 156/201/156
f 158/203/158 57/59/57 56/58/56 157/204/157
f 159/205/159 105/132/105 57/59/57 158/203/158
f 160/206/160 107/134/107 105/132/105 159/205/159
f 161/207/161 109/136/109 107/134/107 160/206/160
f 162/208/162 111/138/111 109/136/109 161/207/161
f 163/209/163 164/210/164 111/138/111 162/208/162
f 163/209/163 165/211/165 166/212/166 167/213/167
f 167/213/167 166/212/166 168/214/168
f 169/215/169 170/216/170 129/171/129 128/170/128
f 171/217/171 59/62/59 129/171/129 170/216/170
f 172/218/172 60/63/60 59/62/59 171/217/171
f 173/219/173 61/66/61 60/63/60 172/218/172
f 174/220/174 62/68/62 61/66/61 173/219/173
f 175/221/175 63/70/63 62/68/62 174/220/174
f 176/222/176 64/71/64 63/70/63 175/221/175
f 177/223/177 66/73/66 64/71/64 176/222/176
f 178/224/178 68/75/68 66/73/66 177/223/177
f 179/225/179 70/79/70 68/78/68 178/226/178
f 180/227/180 72/81/72 70/79/70 179/225/179
f 181/228/181 73/84/73 72/81/72 180/227/180
f 182/229/182 183/230/183 170/216/170 169/215/169
f 183/230/183 184/231/184 171/217/171 170/216/170
f 171/217/171 184/231/184 185/232/185 172/218/172
f 172/218/172 185/232/185 186/233/186 173/219/173
f 173/219/173 186/233/186 187/234/187 174/220/174
f 174/220/174 187/234/187 188/235/188 175/221/175
f 175/221/175 188/235/188 189/236/189 176/222/176
f 176/222/176 189/236/189 190/237/190 177/223/177
f 177/223/177 190/237/190 191/238/191 178/224/178
f 178/226/178 191/239/191 192/240/192 179/225/179
f 179/225/179 192/240/192 193/241/193 180/227/180
f 180/227/180 193/241/193 194/242/194 181/228/181
f 181/228/181 133/176/133 74/86/74 73/84/73
f 194/242/194 149/194/149 133/176/133 181/228/181
f 127/169/127 195/243/195 196/244/196 197/245/197
f 197/245/197 196/244/196 198/246/198 199/247/199
f 200/248/200 198/246/198 196/244/196 201/249/201
f 196/244/196 195/243/195 121/158/121 201/249/201
f 121/158/121 120/156/120 202/250/202 201/249/201
f 201/249/201 202/250/202 203/251/203 200/248/200
f 204/252/204 203/251/203 202/250/202 205/253/205
f 120/156/120 119/154/119 205/253/205 202/250/202
f 119/154/119 118/152/118 206/254/206 205/253/205
f 207/255/207 204/252/204 205/253/205 206/254/206
f 207/255/207 206/254/206 208/256/208 209/257/209
f 208/256/208 206/254/206 118/152/118 117/150/117
f 208/256/208 117/150/117 210/258/210 168/214/168
f 211/259/211 150/195/150 146/191/146 145/190/145
f 212/260/212 152/197/152 151/196/151 213/261/213
f 214/262/214 215/263/215 152/197/152 212/260/212
f 216/264/216 217/265/217 215/263/215 214/262/214
f 218/266/218 219/267/219 217/265/217 216/264/216
f 220/268/220 221/269/221 219/267/219 218/266/218
f 222/270/222 223/271/223 221/272/221 220/273/220
f 224/274/224 225/275/225 223/271/223 222/270/222
f 226/276/226 227/277/227 228/278/228 229/279/229
f 230/280/230 231/281/231 227/277/227 226/276/226
f 232/282/232 165/211/165 231/281/231 230/280/230
f 233/283/233 166/212/166 165/211/165 232/282/232
f 234/284/234 168/214/168 166/212/166 233/283/233
f 209/257/209 208/256/208 168/214/168 234/284/234
f 229/279/229 228/278/228 225/275/225 224/274/224
f 213/261/213 151/196/151 150/195/150 211/259/211
f 235/285/235 236/286/236 134/177/134 147/192/147
f 236/286/236 237/287/237 135/178/135 134/177/134
f 158/203/158 223/271/223 225/275/225 159/205/159
f 137/182/137 135/178/135 237/287/237 238/288/238
f 157/204/157 221/272/221 223/271/223 158/203/158
f 239/289/239 141/186/141 139/184/139 240/290/240
f 143/188/143 141/186/141 239/289/239 241/291/241
f 242/292/242 243/293/243 211/259/211 145/190/145
f 241/291/241 239/289/239 244/294/244 245/295/245
f 246/296/246 247/297/247 243/293/243
f 248/298/248 235/285/235 147/192/147 148/193/148
f 248/298/248 148/193/148 149/194/149 249/299/249
f 149/194/149 194/242/194 249/299/249
f 250/300/250 251/301/251 184/231/184 183/230/183
f 185/232/185 184/231/184 251/301/251 252/302/252
f 253/303/253 186/233/186 185/232/185 252/302/252
f 253/303/253 187/234/187 186/233/186
f 254/304/254 182/229/182 199/247/199 255/305/255
f 198/246/198 256/306/256 255/305/255 199/247/199
f 256/306/256 198/246/198 200/248/200 257/307/257
f 200/248/200 203/251/203 257/307/257
f 258/308/258 259/309/259 260/310/260 257/307/257
f 257/307/257 203/251/203 204/252/204 258/308/258
f 261/311/261 258/308/258 204/252/204 207/255/207
f 209/257/209 262/312/262 261/311/261 207/255/207
f 258/308/258 261/311/261 263/313/263 259/309/259
f 264/314/264 263/313/263 261/311/261 262/312/262
f 265/315/265 243/293/243 247/297/247 266/316/266
f 267/317/267 265/315/265 266/316/266 268/318/268
f 269/319/269 267/317/267 268/318/268 270/320/270
f 271/321/271 269/319/269 270/320/270 272/322/272
f 273/323/273 271/321/271 272/322/272 274/324/274
f 275/325/275 273/323/273 274/324/274 276/326/276
f 276/327/276 277/328/277 278/329/278 275/330/275
f 279/331/279 278/329/278 277/328/277 280/332/280
f 281/333/281 279/331/279 280/332/280 282/334/282
f 283/335/283 284/336/284 281/333/281 282/334/282
f 285/337/285 286/338/286 284/336/284 283/335/283
f 285/337/285 287/339/287 288/340/288 286/338/286
f 289/341/289 288/340/288 287/339/287 290/342/290
f 291/343/291 289/341/289 290/342/290 292/344/292
f 291/343/291 264/314/264 262/312/262 209/257/209
f 292/344/292 293/345/293 294/346/294 291/343/291
f 294/346/294 263/313/263 264/314/264 291/343/291
f 294/346/294 295/347/295 259/309/259 263/313/263
f 293/345/293 296/348/296 295/347/295 294/346/294
f 295/347/295 296/348/296 297/349/297
f 298/350/298 260/310/260 259/309/259 295/347/295
f 299/351/299 245/295/245 244/294/244 300/352/300
f 211/259/211 243/293/243 265/315/265 213/261/213
f 213/261/213 265/315/265 267/317/267 212/260/212
f 212/260/212 267/317/267 269/319/269 214/262/214
f 214/262/214 269/319/269 271/321/271 216/264/216
f 216/264/216 271/321/271 273/323/273 218/266/218
f 218/266/218 273/323/273 275/325/275 220/268/220
f 220/273/220 275/330/275 278/329/278 222/270/222
f 222/270/222 278/329/278 279/331/279 224/274/224
f 224/274/224 279/331/279 281/333/281 229/279/229
f 229/279/229 281/333/281 284/336/284 226/276/226
f 226/276/226 284/336/284 286/338/286 230/280/230
f 230/280/230 286/338/286 288/340/288 232/282/232
f 232/282/232 288/340/288 289/341/289 233/283/233
f 233/283/233 289/341/289 291/343/291 234/284/234
f 234/284/234 291/343/291 209/257/209
f 145/190/145 143/188/143 241/291/241 242/292/242
f 242/292/242 241/291/241 245/295/245 301/353/301
f 156/201/156 219/267/219 221/269/221 157/202/157
f 302/354/302 299/351/299 303/355/303 304/356/304
f 301/353/301 245/295/245 299/351/299 302/354/302
f 302/354/302 304/356/304 305/357/305 306/358/306
f 243/293/243 242/292/242 301/353/301 246/296/246
f 246/296/246 301/353/301 302/354/302 306/358/306
f 305/357/305 247/297/247 246/296/246 306/358/306
f 307/359/307 303/355/303 308/360/308 309/361/309
f 310/362/310 304/356/304 303/355/303 307/359/307
f 311/363/311 305/357/305 304/356/304 310/362/310
f 312/364/312 247/297/247 305/357/305 311/363/311
f 266/316/266 247/297/247 312/364/312 313/365/313
f 268/318/268 266/316/266 313/365/313 314/366/314
f 309/361/309 315/367/315 316/368/316 307/359/307
f 317/369/317 310/362/310 307/359/307 316/368/316
f 268/318/268 314/366/314 318/370/318 270/320/270
f 272/322/272 270/320/270 318/370/318 319/371/319
f 320/372/320 321/373/321 277/328/277 276/327/276
f 276/326/276 274/324/274 322/374/322 320/375/320
f 322/374/322 274/324/274 272/322/272 319/371/319
f 323/376/323 324/377/324 283/335/283 282/334/282
f 325/378/325 323/376/323 282/334/282 280/332/280
f 280/332/280 277/328/277 321/373/321 325/378/325
f 326/379/326 327/380/327 290/342/290 287/339/287
f 328/381/328 326/379/326 287/339/287 285/337/285
f 324/377/324 328/381/328 285/337/285 283/335/283
f 290/342/290 327/380/327 329/382/329 292/344/292
f 292/344/292 329/382/329 330/383/330 293/345/293
f 331/384/331 296/348/296 293/345/293 330/383/330
f 332/385/332 297/349/297 296/348/296 331/384/331
f 331/384/331 333/386/333 334/387/334 332/385/332
f 335/388/335 333/386/333 331/384/331 330/383/330
f 330/383/330 329/382/329 336/389/336 335/388/335
f 337/390/337 336/389/336 329/382/329 327/380/327
f 337/390/337 327/380/327 326/379/326 338/391/338
f 328/381/328 339/392/339 338/391/338 326/379/326
f 340/393/340 339/392/339 328/381/328 324/377/324
f 341/394/341 342/395/342 311/363/311 310/362/310
f 311/363/311 342/395/342 343/396/343 312/364/312
f 344/397/344 313/365/313 312/364/312 343/396/343
f 345/398/345 314/366/314 313/365/313 344/397/344
f 318/370/318 314/366/314 345/398/345 346/399/346
f 319/371/319 318/370/318 346/399/346 347/400/347
f 319/371/319 347/400/347 348/401/348 322/374/322
f 322/374/322 348/401/348 349/402/349 320/375/320
f 350/403/350 321/373/321 320/372/320 349/404/349
f 351/405/351 325/378/325 321/373/321 350/403/350
f 352/406/352 323/376/323 325/378/325 351/405/351
f 323/376/323 352/406/352 340/393/340 324/377/324
f 353/407/353 354/408/354 355/409/355 356/410/356
f 155/200/155 217/265/217 219/267/219 156/201/156
f 357/411/357 358/412/358 359/413/359 360/414/360
f 361/415/361 334/387/334 333/386/333 362/416/362
f 363/417/363 364/418/364 354/408/354 353/407/353
f 309/361/309 364/418/364 363/417/363
f 365/419/365 253/303/253 252/302/252 366/420/366
f 187/234/187 253/303/253 365/419/365 188/235/188
f 249/299/249 367/421/367 368/422/368 248/298/248
f 193/241/193 367/421/367 249/299/249 194/242/194
f 188/235/188 365/419/365 369/423/369 189/236/189
f 189/236/189 369/423/369 370/424/370 190/237/190
f 190/237/190 370/424/370 371/425/371 191/238/191
f 192/240/192 191/239/191 371/426/371 372/427/372
f 367/421/367 193/241/193 192/240/192 372/427/372
f 373/428/373 371/425/371 370/424/370 374/429/374
f 373/430/373 375/431/375 372/427/372 371/426/371
f 375/431/375 368/422/368 367/421/367 372/427/372
f 370/424/370 369/423/369 376/432/376 374/429/374
f 252/302/252 251/301/251 377/433/377 366/420/366
f 366/420/366 376/432/376 369/423/369 365/419/365
f 72/81/72 32/83/32 34/434/34 71/80/71
f 71/80/71 34/434/34 36/435/36 69/77/69
f 69/76/69 36/436/36 35/437/35 67/74/67
f 67/74/67 35/437/35 33/438/33 65/72/65
f 65/72/65 33/438/33 31/69/31 63/70/63
f 378/439/378 379/440/379 380/441/380 381/442/381
f 382/443/382 379/440/379 378/439/378 383/444/383
f 379/440/379 384/445/384 385/446/385 380/441/380
f 386/447/386 384/445/384 379/440/379 382/443/382
f 384/445/384 387/448/387 388/449/388 385/446/385
f 389/450/389 387/448/387 384/445/384 386/447/386
f 387/448/387 390/451/390 391/452/391 388/449/388
f 392/453/392 390/451/390 387/448/387 389/450/389
f 390/451/390 393/454/393 394/455/394 391/452/391
f 395/456/395 393/454/393 390/451/390 392/453/392
f 393/454/393 396/457/396 397/458/397 394/455/394
f 398/459/398 396/457/396 393/454/393 395/456/395
f 396/457/396 399/460/399 400/461/400 397/458/397
f 401/462/401 399/460/399 396/457/396 398/459/398
f 399/460/399 402/463/402 403/464/403 400/461/400
f 401/462/401 404/465/404 405/466/405 406/467/406
f 402/463/402 407/468/407 408/469/408 403/464/403
f 406/467/406 405/466/405 409/470/409 410/471/410
f 398/459/398 411/472/411 404/465/404 401/462/401
f 406/467/406 402/463/402 399/460/399 401/462/401
f 410/471/410 407/468/407 402/463/402 406/467/406
f 395/456/395 412/473/412 411/472/411 398/459/398
f 392/453/392 413/474/413 412/473/412 395/456/395
f 389/450/389 414/475/414 413/474/413 392/453/392
f 386/447/386 415/476/415 414/475/414 389/450/389
f 382/443/382 416/477/416 415/476/415 386/447/386
f 383/444/383 417/478/417 416/477/416 382/443/382
f 407/468/407 418/479/418 419/480/419 408/469/408
f 419/480/419 418/479/418 420/481/420 421/482/421
f 418/479/418 407/468/407 410/471/410
f 420/481/420 418/479/418 410/471/410 409/470/409
f 335/483/335 421/482/421 420/481/420 422/484/422
f 422/485/422 362/416/362 333/386/333 335/388/335
f 409/486/409 362/416/362 422/485/422 420/487/420
f 405/488/405 362/416/362 409/486/409
f 423/489/423 361/415/361 362/416/362
f 424/490/424 425/491/425 361/415/361 423/489/423
f 426/492/426 427/493/427 425/491/425 424/490/424
f 356/494/356 355/495/355 358/412/358 357/411/357
f 428/496/428 429/497/429 427/493/427 426/492/426
f 430/498/430 431/499/431 429/500/429 428/501/428
f 432/502/432 433/503/433 431/499/431 430/498/430
f 434/504/434 315/367/315 433/503/433 432/502/432
f 360/414/360 359/413/359 435/505/435
f 359/413/359 298/350/298 297/349/297
f 238/288/238 240/290/240 139/184/139 137/182/137
f 436/506/436 316/368/316 315/367/315 434/504/434
f 437/507/437 317/369/317 316/368/316 436/506/436
f 383/444/383 378/439/378 438/508/438
f 438/508/438 378/439/378 381/442/381 439/509/439
f 438/508/438 439/509/439 440/510/440
f 441/511/441 342/512/342 341/513/341
f 310/362/310 317/369/317 437/507/437 341/394/341
f 341/514/341 440/515/440 439/509/439 441/516/441
f 440/517/440 437/518/437 417/478/417 383/444/383 438/508/438
f 437/519/437 440/515/440 341/514/341
f 381/442/381 441/516/441 439/509/439
f 441/511/441 442/520/442 343/521/343 342/512/342
f 442/520/442 443/522/443 344/523/344 343/521/343
f 444/524/444 346/525/346 345/526/345 445/527/445
f 445/527/445 345/526/345 344/523/344 443/522/443
f 350/528/350 446/529/446 447/530/447 351/531/351
f 448/532/448 446/529/446 350/528/350 349/533/349
f 448/534/448 349/535/349 348/536/348 449/537/449
f 449/537/449 348/536/348 347/538/347 450/539/450
f 450/539/450 347/538/347 346/525/346 444/524/444
f 451/540/451 336/541/336 337/542/337 452/543/452
f 452/543/452 337/542/337 338/544/338 453/545/453
f 453/545/453 338/544/338 339/546/339 454/547/454
f 454/547/454 339/546/339 340/548/340 455/549/455
f 352/550/352 456/551/456 455/549/455 340/548/340
f 456/551/456 352/550/352 351/531/351 447/530/447
f 362/416/362 405/488/405 404/552/404 423/489/423
f 421/553/421 335/554/335 336/541/336 451/540/451
f 423/489/423 404/552/404 411/555/411 424/490/424
f 424/490/424 411/555/411 412/556/412 426/492/426
f 426/492/426 412/556/412 413/557/413 428/496/428
f 428/501/428 413/558/413 414/559/414 430/498/430
f 430/498/430 414/559/414 415/560/415 432/502/432
f 432/502/432 415/560/415 416/561/416 434/504/434
f 434/504/434 416/561/416 417/562/417 436/506/436
f 436/506/436 417/562/417 437/507/437
f 358/412/358 457/563/457 298/350/298 359/413/359
f 154/199/154 215/263/215 217/265/217 155/200/155
f 457/563/457 358/412/358 355/495/355 458/564/458
f 354/408/354 459/565/459 458/566/458 355/409/355
f 364/418/364 459/565/459 354/408/354
f 244/294/244 459/565/459 364/418/364 300/352/300
f 457/563/457 460/567/460 260/310/260 298/350/298
f 92/117/92 39/568/39 37/114/37 89/113/89
f 458/564/458 461/569/461 460/567/460 457/563/457
f 459/565/459 462/570/462 461/571/461 458/566/458
f 94/119/94 41/572/41 39/568/39 92/117/92
f 239/289/239 462/570/462 459/565/459 244/294/244
f 460/567/460 461/569/461 463/573/463 464/574/464
f 96/121/96 43/575/43 41/572/41 94/119/94
f 464/574/464 257/307/257 260/310/260 460/567/460
f 462/570/462 465/576/465 463/577/463 461/571/461
f 462/570/462 239/289/239 240/290/240 465/576/465
f 115/145/115 210/258/210 117/150/117 116/147/116
f 114/143/114 466/578/466 210/258/210 115/145/115
f 238/288/238 237/287/237 467/579/467 468/580/468
f 113/140/113 164/210/164 466/578/466 114/143/114
f 368/422/368 375/431/375 469/581/469
f 368/422/368 469/581/469 248/298/248
f 470/582/470 471/583/471 472/584/472 473/585/473
f 112/139/112 111/138/111 164/210/164 113/140/113
f 467/579/467 472/584/472 471/583/471 474/586/474
f 468/580/468 467/579/467 474/586/474 475/587/475
f 469/581/469 375/431/375 373/430/373 476/588/476
f 465/576/465 468/580/468 475/587/475 463/577/463
f 475/589/475 474/590/474 477/591/477 478/592/478
f 474/590/474 471/593/471 479/594/479 477/591/477
f 480/595/480 479/594/479 471/593/471 470/596/470
f 463/573/463 475/589/475 478/592/478 464/574/464
f 476/597/476 373/428/373 374/429/374 481/598/481
f 87/109/87 86/108/86 90/115/90 88/111/88
f 89/113/89 91/116/91 92/117/92
f 80/96/80 18/599/18 20/94/20 78/93/78
f 374/429/374 376/432/376 481/598/481
f 81/97/81 16/100/16 18/599/18 80/96/80
f 478/592/478 477/591/477 255/305/255 256/306/256
f 477/591/477 479/594/479 254/304/254 255/305/255
f 250/300/250 254/304/254 479/594/479 480/595/480
f 464/574/464 478/592/478 256/306/256 257/307/257
f 481/598/481 376/432/376 366/420/366 377/433/377
f 468/580/468 465/576/465 240/290/240 238/288/238
f 472/584/472 467/579/467 237/287/237 236/286/236
f 183/230/183 182/229/182 254/304/254 250/300/250
f 470/596/470 476/597/476 481/598/481 480/595/480
f 83/101/83 12/103/12 14/99/14 82/98/82
f 473/585/473 469/581/469 476/588/476 470/582/470
f 98/123/98 45/600/45 43/575/43 96/121/96
f 480/595/480 481/598/481 377/433/377 251/301/251 250/300/250
f 473/585/473 235/285/235 248/298/248 469/581/469
f 473/585/473 472/584/472 236/286/236 235/285/235
f 388/449/388 391/452/391 482/601/482 483/602/483
f 391/452/391 394/455/394 484/603/484 482/601/482
f 394/455/394 397/458/397 485/604/485 484/603/484
f 397/458/397 400/461/400 486/605/486 485/604/485
f 400/461/400 403/464/403 487/606/487 486/605/486
f 403/464/403 408/469/408 488/607/488 487/606/487
f 489/608/489 488/607/488 408/469/408 419/480/419
f 490/609/490 489/608/489 419/480/419 421/482/421
f 491/610/491 490/611/490 421/553/421 451/540/451
f 451/540/451 452/543/452 492/612/492 491/610/491
f 452/543/452 453/545/453 493/613/493 492/612/492
f 453/545/453 454/547/454 494/614/494 493/613/493
f 454/547/454 455/549/455 495/615/495 494/614/494
f 455/549/455 456/551/456 496/616/496 495/615/495
f 456/551/456 447/530/447 497/617/497 496/616/496
f 447/530/447 446/529/446 498/618/498 497/617/497
f 446/529/446 448/532/448 499/619/499 498/618/498
f 448/534/448 449/537/449 500/620/500 499/621/499
f 449/537/449 450/539/450 501/622/501 500/620/500
f 450/539/450 444/524/444 502/623/502 501/622/501
f 444/524/444 445/527/445 503/624/503 502/623/502
f 445/527/445 443/522/443 504/625/504 503/624/503
f 443/522/443 442/520/442 505/626/505 504/625/504
f 442/520/442 441/511/441 506/627/506 505/626/505
f 441/516/441 381/442/381 507/628/507 506/629/506
f 381/442/381 380/441/380 508/630/508 507/628/507
f 380/441/380 385/446/385 509/631/509 508/630/508
f 385/446/385 388/449/388 483/602/483 509/631/509
f 108/135/108 50/181/50 52/632/52 106/133/106
f 106/133/106 52/632/52 54/633/54 58/60/58
f 58/60/58 54/633/54 53/634/53 55/57/55
f 55/131/55 53/635/53 51/636/51 104/129/104
f 104/129/104 51/636/51 49/637/49 102/127/102
f 102/127/102 49/637/49 47/638/47 100/125/100
f 100/125/100 47/638/47 45/600/45 98/123/98
f 153/198/153 152/197/152 215/263/215 154/199/154
f 297/349/297 332/385/332 334/387/334 435/505/435
f 435/505/435 334/387/334 361/415/361
f 435/505/435 361/415/361 360/414/360
f 360/414/360 361/415/361 425/491/425 357/411/357
f 425/491/425 427/493/427 357/411/357
f 357/411/357 427/493/427 429/497/429 356/494/356
f 356/410/356 429/500/429 431/499/431 353/407/353
f 353/407/353 431/499/431 433/503/433 363/417/363
f 363/417/363 433/503/433 315/367/315 309/361/309
f 297/349/297 435/505/435 359/413/359
f 364/418/364 309/361/309 308/360/308 300/352/300
f 300/352/300 308/360/308 303/355/303 299/351/299
f 297/349/297 298/350/298 295/347/295
f 159/205/159 225/275/225 228/278/228 160/206/160
f 160/206/160 228/278/228 227/277/227 161/207/161
f 161/207/161 227/277/227 231/281/231 162/208/162
f 162/208/162 231/281/231 165/211/165 163/209/163
f 168/214/168 210/258/210 466/578/466 167/213/167
f 167/213/167 466/578/466 164/210/164 163/209/163
f 129/171/129 25/172/25 19/168/19 126/167/126
f 122/159/122 121/158/121 195/243/195 123/161/123
f 123/161/123 195/243/195 127/169/127 124/163/124
f 124/163/124 127/169/127 126/167/126 125/165/125
f 128/170/128 127/169/127 197/245/197 169/215/169
f 169/215/169 197/245/197 199/247/199 182/229/182
o shoe.001_shoe.002
v -4.312312 -0.655342 0.397476
v -4.286947 -0.839765 0.166428
v -2.045640 -0.187351 0.087908
v -2.182063 -0.075463 0.323584
v -2.316151 0.204311 0.537056
v -4.400464 -0.307341 0.564106
v -2.450209 0.574431 0.606277
v -4.495004 0.018901 0.588751
v -2.493320 0.885415 0.528503
v -4.580596 0.315966 0.508711
v -2.501113 1.097313 0.412821
v -4.665041 0.502634 0.414392
v -2.495818 1.241160 0.218639
v -4.720845 0.628483 0.163914
v -2.493305 1.345822 0.116302
v -4.767708 0.716696 0.080339
v -2.465522 1.526079 0.052225
v -4.847600 0.885913 0.024393
v -2.451971 1.692257 0.019621
v -4.953250 1.083752 0.022953
v -5.494078 2.672717 -0.062773
v -2.288565 3.439109 -0.060606
v -2.477665 4.244467 0.022266
v -5.533056 3.512349 0.042271
v -2.305794 2.604338 -0.052153
v -5.285961 1.889426 -0.059069
v -2.836403 4.979300 0.195215
v -5.398590 4.359913 0.256649
v -3.372310 5.491437 0.562881
v -5.099330 5.078157 0.651031
v -3.653767 5.682842 0.796909
v -4.909199 5.382403 0.852732
v -3.934133 5.820712 1.011147
v -4.680397 5.645308 1.056765
v -4.190719 5.850883 1.456417
v -4.413027 5.787930 1.473408
v -4.237351 -1.066252 0.073135
v -1.910652 -0.400052 0.042448
v -4.168420 -1.318086 0.042690
v -1.737743 -0.727420 0.040174
v -3.969254 -2.022087 0.036388
v -1.410754 -1.416073 0.045780
v -3.834165 -2.396317 0.062273
v -1.337420 -1.807144 0.065535
v -3.644108 -2.745395 0.085855
v -1.335307 -2.192170 0.084536
v -3.357967 -3.045255 0.170877
v -1.448807 -2.559889 0.220671
v -3.100144 -3.169958 0.335443
v -1.579909 -2.773880 0.385731
v -2.771773 -3.236399 0.508057
v -1.819830 -2.988171 0.560514
v -2.550323 -3.241811 0.673609
v -2.003698 -3.093661 0.664434
v -2.427807 -3.181511 1.603495
v -2.409744 -3.100286 1.815134
v -2.093812 -2.987564 1.812572
v -2.051492 -3.066641 1.590763
v -2.326718 3.453641 0.806099
v -2.486516 4.148784 0.838505
v -2.729861 4.706596 0.998001
v -2.943841 5.039657 1.174654
v -3.311499 5.343715 1.505148
v -3.751365 5.554991 1.686262
v -3.798375 5.682068 1.405010
v -4.136566 5.644091 1.780294
v -4.169487 5.778939 1.584888
v -4.373677 5.577249 1.780153
v -4.400277 5.714010 1.588657
v -4.701319 5.374460 1.720139
v -4.737253 5.577179 1.383873
v -4.986215 5.110005 1.636530
v -5.267650 4.682865 1.402708
v -5.453451 4.123374 1.064426
v -5.538713 3.372321 0.837307
v -5.487530 2.636261 0.776825
v -5.335428 2.011211 0.837790
v -5.062909 1.351816 0.507086
v -5.008514 1.225877 1.171438
v -4.974070 1.138280 0.582270
v -4.859868 0.914434 0.667011
v -4.796190 0.762821 0.856522
v -4.816894 0.758308 1.360628
v -4.713557 0.508954 1.472881
v -4.570395 0.106357 1.571301
v -4.483348 -0.174552 1.532881
v -4.351092 -0.568439 1.010530
v -4.303576 -0.761632 1.011786
v -4.232659 -1.045883 0.971241
v -4.312194 -0.721146 1.449831
v -4.161992 -1.316575 1.521574
v -4.164572 -1.317182 0.927950
v -3.993280 -1.969625 1.708433
v -3.983763 -1.990404 1.046160
v -3.844149 -2.373662 1.714857
v -3.841001 -2.380807 1.193686
v -3.626080 -2.716449 1.602619
v -3.671048 -2.755004 1.338961
v -3.334317 -2.943479 1.697741
v -3.373958 -3.008625 1.483116
v -3.027382 -3.076100 1.765617
v -3.055497 -3.142981 1.559982
v -2.690537 -3.121715 1.807856
v -2.709108 -3.198699 1.588301
v -1.795754 -2.822370 1.772238
v -1.766590 -2.899569 1.547897
v -1.558605 -2.558193 1.730564
v -1.506513 -2.645811 1.464985
v -1.447016 -2.300749 1.678190
v -1.378853 -2.389924 1.331308
v -1.393348 -2.027390 1.641397
v -1.374166 -2.081849 1.126852
v -1.367086 -1.758708 0.976980
v -1.427582 -1.372977 0.878323
v -1.671008 -0.773232 0.805960
v -1.794275 -0.512606 0.787169
v -1.766340 -0.381901 1.501966
v -1.912100 -0.020633 1.452759
v -2.046234 0.303607 1.480854
v -2.197271 0.683279 1.569742
v -2.283246 1.001013 1.525715
v -2.390608 1.167516 0.930214
v -2.422587 1.323366 0.883736
v -2.430858 1.498792 0.798832
v -2.429532 1.665844 0.639324
v -2.398945 1.919575 0.646090
v -2.392570 1.800412 1.262314
v -2.358977 2.194333 1.097876
v -2.320277 2.646885 0.914913
v -5.249650 2.172361 1.390259
v -5.378005 2.688289 1.330038
v -5.441644 3.332553 1.349401
v -5.356282 4.058349 1.478354
v -5.065202 2.388143 2.050753
v -4.786540 1.570753 2.460546
v -4.952090 1.337066 1.772345
v -4.638587 1.172998 2.691725
v -4.803665 0.922943 1.969116
v -4.508754 0.852231 2.913765
v -4.682863 0.643854 2.129023
v -4.328022 0.346029 3.112719
v -4.501746 0.192861 2.275288
v -4.224555 -0.180051 3.047718
v -4.384380 -0.190109 2.314104
v -4.126335 -0.668846 3.164471
v -4.272825 -0.710675 2.200220
v -5.196090 2.879434 1.781723
v -5.272464 3.312167 1.736753
v -5.190774 3.962964 1.818586
v -4.138772 -1.258803 2.065435
v -3.934396 -1.787472 2.466446
v -3.660826 -2.160719 2.805285
v -3.538239 -2.550797 2.234663
v -3.311579 -2.787184 2.292322
v -3.003828 -2.946384 2.318018
v -2.663500 -3.006222 2.337393
v -2.394655 -2.985741 2.342260
v -2.134745 -2.896199 2.320389
v -1.843240 -2.706319 2.310522
v -1.596086 -2.431359 2.262764
v -1.491790 -2.184066 2.250708
v -1.432250 -1.926835 2.189695
v -1.412157 -1.639326 2.147221
v -1.390878 -1.719865 1.707926
v -1.436404 -1.547554 2.647787
v -1.446085 -1.242664 2.469164
v -1.445319 -1.283701 2.113005
v -1.557288 -0.806855 2.028065
v -2.298967 2.476926 1.524105
v -2.314894 2.847531 1.400568
v -2.412107 3.525496 1.277267
v -2.527194 4.076974 1.267218
v -2.786418 4.600837 1.337488
v -2.999599 4.917425 1.424589
v -3.325897 5.162289 1.662607
v -3.721578 5.360804 1.855024
v -4.046819 5.369340 1.965805
v -4.339073 5.333765 1.990623
v -4.677392 5.202186 1.956528
v -4.945577 4.968446 1.854795
v -5.203397 4.539248 1.647240
v -2.474226 2.813506 2.132902
v -2.509795 3.180678 1.953745
v -2.558237 3.571494 1.753052
v -2.595338 4.021008 1.587893
v -2.856014 4.496962 1.632465
v -3.080073 4.768471 1.695412
v -3.329835 4.981844 1.836176
v -3.689634 5.123182 2.052162
v -3.962824 5.132979 2.147648
v -4.306231 5.095611 2.203573
v -4.620089 4.993204 2.164528
v -4.872791 4.804770 2.063908
v -5.097511 4.355396 1.886292
v -2.370586 1.423615 1.409296
v -2.219354 1.536144 1.992956
v -2.295639 2.147229 1.647314
v -2.357608 1.872629 2.650957
v -2.434076 2.338716 2.387156
v -2.194858 1.245623 2.978720
v -2.143621 1.078847 2.196365
v -2.047475 0.747275 2.301657
v -2.040451 0.850791 3.075861
v -1.889150 0.423268 3.019709
v -1.953892 0.358636 2.269613
v -1.828509 -0.034447 2.232136
v -1.758943 0.048985 3.000618
v -1.710592 -0.402299 2.105209
v -1.607685 -0.216100 3.365565
v -1.639011 -0.736222 1.573317
v -4.018661 -1.178634 3.221876
v -3.647216 -2.064251 3.310286
v -3.833874 -1.688295 3.269588
v -3.266089 -2.534596 3.319754
v -3.284420 -2.600494 3.002533
v -3.019913 -2.737635 3.307802
v -2.981300 -2.822321 2.846350
v -2.622775 -2.781378 3.258488
v -2.643755 -2.921873 2.724129
v -2.398516 -2.760733 3.252691
v -2.384489 -2.908567 2.697414
v -2.209433 -2.678099 3.247421
v -2.163529 -2.831954 2.677473
v -1.909987 -2.521837 3.223488
v -1.884426 -2.605669 2.777376
v -1.540543 -2.017128 3.281157
v -1.543047 -2.050493 2.906101
v -1.642747 -2.273462 2.925304
v -1.689903 -2.250264 3.250080
v -1.438193 -1.754197 3.270697
v -1.474377 -1.817943 2.783457
v -1.374192 -1.424347 3.259319
v -1.363453 -1.095528 3.266058
v -1.483599 -0.470072 3.301546
v -4.697811 3.117087 2.568081
v -4.547470 2.581083 2.809109
v -4.348095 1.870548 3.178402
v -4.224611 1.509162 3.383021
v -4.070431 0.789599 4.007122
v -4.166718 1.164291 3.626148
v -4.133407 -0.022784 3.772862
v -4.155152 -0.603597 4.364508
v -4.080515 -1.121756 4.711559
v -4.057558 0.509225 4.924522
v -4.197813 -0.110426 4.771568
v -4.235847 -0.784928 5.249918
v -4.222810 -1.185218 5.643169
v -4.776340 3.414642 2.391115
v -4.895612 3.791859 2.174835
v -2.954108 3.610619 2.456503
v -2.996599 3.848944 2.343933
v -3.026879 4.168509 2.185230
v -3.006139 4.424635 1.953119
v -2.862707 2.939544 2.829382
v -2.753819 2.411817 3.100555
v -2.641707 2.022493 3.309027
v -2.488512 1.486121 3.717706
v -1.834800 0.601948 3.695961
v -1.773596 0.601092 4.584135
v -2.229164 1.017967 4.471106
v -1.650503 0.175450 3.792209
v -1.546165 -0.056189 3.854462
v -1.552151 0.216933 4.561926
v -1.441138 -0.043001 4.500463
v -3.939739 -1.665853 4.141176
v -3.908119 -1.835852 5.203397
v -3.745431 -2.024519 3.908882
v -3.713161 -2.183233 4.973322
v -3.347663 -2.555520 3.867239
v -3.319901 -2.569700 4.622784
v -2.895675 -2.800272 3.660328
v -2.860270 -2.767966 4.392753
v -2.609713 -2.761695 3.665001
v -2.600728 -2.803400 4.327679
v -2.392945 -2.732097 3.644338
v -2.367725 -2.789971 4.297637
v -2.180720 -2.723306 4.310377
v -2.206210 -2.654441 3.634589
v -1.918364 -2.565226 3.637693
v -1.941636 -2.576791 4.340863
v -1.651810 -2.301098 3.854153
v -1.697600 -2.351838 4.424242
v -1.429027 -1.971179 4.661373
v -1.461427 -1.997304 3.865006
v -1.304343 -1.704288 4.826214
v -1.376118 -1.684679 3.837074
v -1.190709 -1.286066 5.076839
v -1.297299 -1.292149 3.918941
v -1.244869 -0.916175 4.227062
v -1.184168 -0.945130 5.317599
v -1.259925 -0.282881 4.903530
v -1.164573 -0.460591 5.681379
v -1.350512 0.052108 5.897017
v -1.348094 0.033743 5.255618
v -1.622865 0.588065 5.416332
v -1.564319 0.425939 5.933029
v -1.853450 0.740780 5.842842
v -2.036472 0.910778 5.300592
v -4.283569 -0.102737 5.576969
v -4.135989 0.298896 5.727461
v -4.224603 -0.487780 5.037930
v -4.301001 -0.443403 5.563789
v -4.256006 -0.144444 5.919927
v -4.289204 -0.455534 5.907026
v -4.258845 -0.850673 5.832616
v -4.282380 -0.704472 5.554831
v -4.047932 -0.180103 6.058924
v -4.179556 0.145351 5.868357
v -4.006590 0.142150 5.932720
v -4.035712 -0.494941 6.098007
v -4.058864 -0.873557 6.030796
v -4.040017 -1.257491 5.913424
v -3.892435 -1.842570 5.564077
v -3.679024 -2.174752 5.285419
v -3.818481 0.124030 6.673157
v -3.929139 -0.198028 6.629513
v -4.030666 -0.496153 6.334259
v -3.311158 -2.537177 4.996644
v -2.887829 -2.757663 4.820599
v -2.375254 -2.801919 4.743040
v -2.171441 -2.751329 4.732368
v -2.581197 -2.813428 4.759460
v -1.676190 -2.393865 4.850633
v -1.442069 -2.016006 5.014754
v -1.895811 -2.613650 4.770564
v -1.238431 -1.313096 5.480445
v -1.244143 -0.974609 5.694653
v -1.321732 -1.712869 5.187141
v -1.305468 -0.524537 5.880416
v -1.512153 -0.014229 6.017585
v -1.708437 0.323381 6.027666
v -1.809973 0.518291 5.954411
v -1.812188 0.266087 6.059487
v -1.933617 0.442914 6.010550
v -1.721308 0.092144 6.024131
v -1.386045 -0.571854 5.917276
v -1.339096 -0.973579 5.737048
v -1.342154 -1.315877 5.538519
v -1.423896 -1.702461 5.250600
v -1.521321 -1.991107 5.085889
v -3.945706 -0.492226 6.102287
v -3.980944 -0.885342 6.065264
v -3.956030 -1.269400 5.964445
v -3.821212 -1.812603 5.660741
v -3.597250 -2.154855 5.348330
v -3.266074 -2.470963 5.060627
v -2.865148 -2.687192 4.887960
v -2.552821 -2.731725 4.820147
v -2.377248 -2.729226 4.793819
v -2.201062 -2.676766 4.786453
v -1.955316 -2.543497 4.829753
v -1.736064 -2.341025 4.909916
v -3.442885 0.792411 6.050528
v -3.493091 0.870600 5.623287
v -3.233668 0.996690 5.563962
v -3.221533 0.887662 6.038785
v -2.843935 0.938861 6.022164
v -2.859701 1.025007 5.610126
v -2.183725 0.723597 5.664406
v -2.260613 0.754040 5.961414
v -2.188716 0.540355 6.656096
v -1.885936 0.297754 6.628118
v -3.732217 0.539075 6.065491
v -3.756512 0.603193 5.642775
v -3.191207 4.419408 2.019108
v -3.199113 4.003662 2.267561
v -4.734602 3.982673 2.148438
v -4.656206 3.703026 2.275343
v -3.418839 4.457121 2.106995
v -3.691928 4.407756 2.170559
v -4.054706 4.320538 2.192896
v -4.398308 4.228914 2.179249
v -4.011225 4.021427 2.282408
v -3.598514 4.063531 2.280746
v -4.305933 3.941518 2.256269
v -3.328509 4.116281 2.257149
v -3.138847 3.866979 2.311556
v -3.647842 -0.553810 6.557133
v -3.517704 -0.376549 6.698195
v -3.503100 -0.274249 5.984219
v -3.657717 -0.598248 6.022504
v -3.608501 -0.232563 6.817669
v -3.732520 -0.447593 6.689913
v -3.344948 -0.212351 6.769444
v -3.361122 -0.056667 5.892948
v -3.441883 -0.047996 6.890189
v -3.191080 -0.106459 6.803894
v -3.237072 0.055513 5.849874
v -3.265509 0.078788 6.927576
v -2.972228 -0.011693 6.825151
v -3.025015 0.158253 5.817964
v -3.032556 0.172493 6.943822
v -2.744226 0.032043 6.824162
v -2.844479 0.193423 5.783700
v -2.759671 0.217399 6.935764
v -2.521043 0.018656 6.791403
v -2.655254 0.177750 5.760929
v -2.495857 0.200088 6.901575
v -2.316075 -0.037616 6.730091
v -2.490443 0.124182 5.764731
v -2.252169 0.123527 6.836988
v -2.160061 -0.099832 6.662245
v -2.322907 0.023328 5.784725
v -2.204522 0.303557 6.857771
v -2.017071 0.202347 6.771694
v -2.075499 0.035507 6.759216
v -1.989158 -0.195323 6.500757
v -2.022699 -0.178391 5.802979
v -1.861497 0.085417 6.645747
v -1.908535 -0.081878 6.623463
v -2.479898 0.392160 6.928860
v -2.778306 0.408415 6.969191
v -3.090795 0.369131 6.972467
v -3.343822 0.289047 6.936302
v -3.546262 0.144052 6.891705
v -3.706175 -0.062960 6.834013
v -3.821612 -0.311682 6.728762
v -1.824301 -0.147277 6.481531
v -1.864108 -0.122305 5.810066
v -1.796394 0.074167 6.428599
v -1.837650 0.105960 5.779266
v -1.733377 0.112705 6.442337
v -2.224327 0.447540 6.672112
v -2.554517 0.595412 6.640956
v -2.556106 0.690180 6.623772
v -2.918554 0.632893 6.623020
v -2.945446 0.735512 6.606674
v -3.140375 0.577590 6.647890
v -3.164989 0.676568 6.614822
v -3.337451 0.500543 6.626090
v -3.367501 0.603903 6.612576
v -3.577608 0.288528 6.670307
v -3.636341 0.385932 6.638204
v -3.743071 0.040154 6.705947
v -2.050085 0.587560 5.890388
v -3.862052 -0.247907 6.662392
v -3.937274 -0.509707 6.341963
v -3.804370 -0.592159 6.534065
v -3.798359 -0.660193 6.356392
v -3.898415 -0.600279 6.398690
v -3.869565 -0.621084 6.009995
v -3.869227 -1.180311 5.958206
v -3.746980 -1.766614 5.621758
v -3.245732 -2.378769 5.043105
v -3.549845 -2.070032 5.315498
v -2.223462 -2.607407 4.764557
v -2.030724 -2.492449 4.771551
v -2.395547 -2.649535 4.777792
v -2.569206 -2.631621 4.787248
v -2.853765 -2.601651 4.876473
v -1.459246 -0.586166 5.872240
v -1.410554 -0.950540 5.701628
v -1.411505 -1.294925 5.502592
v -1.483116 -1.665293 5.210745
v -1.580075 -1.931473 5.047745
v -1.788891 -2.275341 4.861677
v -2.890631 1.074760 5.118212
v -3.227758 1.008798 5.186440
v -3.544595 0.878461 5.137354
v -2.968541 1.195847 4.460819
v -3.316469 1.171945 4.501806
v -3.622734 1.015967 4.456617
v -3.368309 1.403673 4.049110
v -3.043096 1.445084 3.995022
v -3.700932 1.273722 3.961035
v -1.444461 -1.329756 1.713293
v -3.899788 2.113293 3.247015
v -3.797092 1.663438 3.568598
v -4.213485 3.410069 2.483265
v -3.757162 3.205950 2.727043
v -3.658015 2.819332 2.955309
v -3.997001 2.602293 2.939953
v -4.112008 3.055395 2.702177
v -3.570107 2.221968 3.324692
v -3.449265 1.791975 3.641965
v -3.876128 3.605840 2.483187
v -3.244771 2.311699 3.235954
v -3.128416 1.840874 3.571304
v -3.374225 2.849209 2.912771
v -3.478355 3.238378 2.707479
v -3.543857 3.661996 2.478159
v -3.043415 0.371369 4.899077
v -3.220611 0.319703 4.902369
v -2.891423 0.387611 4.874163
v -2.731022 0.370459 4.850733
v -2.590513 0.324458 4.849759
v -2.446714 0.247540 4.855644
v -2.188814 0.064180 4.867851
v -2.088544 0.054650 4.951265
v -2.080091 0.455761 4.870159
v -1.664122 -0.400397 4.949642
v -1.602846 -0.734086 4.762398
v -1.588376 -1.049417 4.552332
v -1.629291 -1.386455 4.244507
v -1.694764 -1.627263 4.066954
v -1.861937 -1.939466 3.877156
v -2.021914 -2.125700 3.735744
v -2.324823 -2.368669 3.723514
v -2.471705 -2.423767 3.706801
v -2.622602 -2.437989 3.664150
v -2.862682 -2.393242 3.771299
v -3.199016 -2.184640 3.931439
v -3.610129 -1.673623 4.288942
v -3.719492 -1.414658 4.654928
v -3.829368 -0.873910 4.995844
v -3.847730 -0.360020 5.075377
v -3.686618 -0.231148 5.022857
v -3.552457 -0.021538 5.118520
v -3.394900 0.175925 5.030932
vt 0.210841 0.410031
vt 0.058740 0.422462
vt 0.052697 0.441883
vt 0.213642 0.430337
vt 0.208561 0.382784
vt 0.060919 0.396537
vt 0.207391 0.359285
vt 0.061318 0.368927
vt 0.206309 0.337250
vt 0.057149 0.346973
vt 0.207600 0.321722
vt 0.052831 0.330855
vt 0.207839 0.301978
vt 0.048859 0.314635
vt 0.486039 0.056044
vt 0.477304 0.053885
vt 0.466647 0.216583
vt 0.476673 0.215251
vt 0.464178 0.050758
vt 0.453999 0.220871
vt 0.449326 0.046341
vt 0.442704 0.224060
vt 0.334025 0.031704
vt 0.276196 0.040670
vt 0.269101 0.257617
vt 0.326514 0.259276
vt 0.382780 0.246557
vt 0.389923 0.034950
vt 0.218706 0.061386
vt 0.213121 0.243458
vt 0.166146 0.090873
vt 0.164320 0.213690
vt 0.143070 0.107485
vt 0.141368 0.196733
vt 0.122253 0.126062
vt 0.122013 0.179116
vt 0.091757 0.144416
vt 0.091757 0.160421
vt 0.048975 0.459171
vt 0.215778 0.447470
vt 0.045462 0.484507
vt 0.217232 0.465572
vt 0.040460 0.536937
vt 0.220894 0.515986
vt 0.044914 0.564096
vt 0.220943 0.543530
vt 0.053851 0.589184
vt 0.216829 0.570728
vt 0.070046 0.612271
vt 0.205389 0.597627
vt 0.083911 0.627711
vt 0.191866 0.616008
vt 0.104926 0.641785
vt 0.172465 0.633371
vt 0.119631 0.648839
vt 0.158699 0.646620
vt 0.171491 0.780609
vt 0.196764 0.789703
vt 0.201060 0.773604
vt 0.178719 0.766913
vt 0.654585 0.971038
vt 0.711459 0.977026
vt 0.714079 0.919984
vt 0.666827 0.911370
vt 0.769246 0.974572
vt 0.756312 0.916957
vt 0.824319 0.954247
vt 0.784099 0.909125
vt 0.850497 0.938491
vt 0.817093 0.890273
vt 0.857195 0.895716
vt 0.848257 0.875737
vt 0.880631 0.878346
vt 0.872496 0.864021
vt 0.894131 0.869117
vt 0.885919 0.854489
vt 0.821136 0.750571
vt 0.845411 0.734778
vt 0.824314 0.718646
vt 0.807926 0.739295
vt 0.840410 0.696353
vt 0.907000 0.705505
vt 0.863627 0.666168
vt 0.886807 0.727824
vt 0.943284 0.653440
vt 0.890819 0.629686
vt 0.963120 0.593238
vt 0.909346 0.579789
vt 0.971719 0.534263
vt 0.913990 0.529794
vt 0.970353 0.477915
vt 0.908449 0.486236
vt 0.930022 0.438551
vt 0.963492 0.418772
vt 0.924550 0.423010
vt 0.883125 0.428759
vt 0.918197 0.406191
vt 0.905017 0.395013
vt 0.959236 0.391097
vt 0.953351 0.384596
vt 0.869029 0.394349
vt 0.930164 0.362274
vt 0.861510 0.375397
vt 0.936120 0.376044
vt 0.926104 0.341626
vt 0.856220 0.345518
vt 0.930549 0.319518
vt 0.861115 0.325153
vt 0.901089 0.299281
vt 0.944710 0.296345
vt 0.902500 0.285656
vt 0.961994 0.285088
vt 0.907948 0.265724
vt 0.970331 0.269944
vt 0.872373 0.243752
vt 0.871799 0.286198
vt 0.913480 0.246790
vt 0.911545 0.198514
vt 0.865527 0.196255
vt 0.904865 0.169408
vt 0.868544 0.166935
vt 0.897602 0.141018
vt 0.878672 0.139833
vt 0.889056 0.114506
vt 0.873142 0.114360
vt 0.883790 0.091465
vt 0.868624 0.091362
vt 0.881125 0.067932
vt 0.865088 0.067892
vt 0.879439 0.048778
vt 0.863582 0.048451
vt 0.217617 0.797967
vt 0.223244 0.782284
vt 0.240178 0.808564
vt 0.246991 0.789969
vt 0.257773 0.820395
vt 0.266003 0.796527
vt 0.277181 0.836324
vt 0.285177 0.801690
vt 0.298500 0.848883
vt 0.260185 0.905604
vt 0.287121 0.910048
vt 0.325105 0.858435
vt 0.314621 0.914455
vt 0.369892 0.868829
vt 0.366638 0.921772
vt 0.389692 0.872948
vt 0.391975 0.925386
vt 0.409760 0.924987
vt 0.405112 0.825546
vt 0.425137 0.911347
vt 0.432099 0.831850
vt 0.448574 0.899658
vt 0.457517 0.831772
vt 0.475416 0.896929
vt 0.487850 0.826962
vt 0.495594 0.902230
vt 0.510783 0.830675
vt 0.517888 0.872840
vt 0.508301 0.910709
vt 0.528174 0.877397
vt 0.515204 0.924720
vt 0.538753 0.885245
vt 0.520538 0.932567
vt 0.547970 0.898159
vt 0.531548 0.938368
vt 0.564900 0.900314
vt 0.541852 0.942144
vt 0.615689 0.890177
vt 0.587965 0.871419
vt 0.563612 0.855868
vt 0.600879 0.957738
vt 0.869309 0.494084
vt 0.874749 0.530329
vt 0.873449 0.574140
vt 0.861836 0.622466
vt 0.840322 0.433185
vt 0.790531 0.445123
vt 0.821610 0.504943
vt 0.217081 0.879193
vt 0.233959 0.892796
vt 0.826012 0.402866
vt 0.773160 0.415802
vt 0.815047 0.381805
vt 0.757794 0.391722
vt 0.806794 0.347806
vt 0.746709 0.353408
vt 0.807030 0.319794
vt 0.756436 0.315132
vt 0.819888 0.282924
vt 0.754188 0.278440
vt 0.840674 0.540715
vt 0.844278 0.571014
vt 0.835573 0.614901
vt 0.834553 0.243938
vt 0.812338 0.200990
vt 0.791840 0.165687
vt 0.833280 0.141436
vt 0.830926 0.118150
vt 0.829802 0.093717
vt 0.827991 0.069529
vt 0.826356 0.050761
vt 0.210092 0.739213
vt 0.191912 0.732598
vt 0.233712 0.745860
vt 0.258773 0.754507
vt 0.277434 0.758448
vt 0.295642 0.765503
vt 0.315831 0.771215
vt 0.307276 0.799961
vt 0.341142 0.776444
vt 0.346460 0.753483
vt 0.325230 0.738696
vt 0.376286 0.786501
vt 0.611876 0.845203
vt 0.634738 0.859586
vt 0.678003 0.879588
vt 0.715038 0.889570
vt 0.754837 0.891823
vt 0.781112 0.889610
vt 0.809114 0.875291
vt 0.838385 0.860981
vt 0.856929 0.846275
vt 0.873306 0.834827
vt 0.810473 0.704357
vt 0.792685 0.721143
vt 0.826519 0.684913
vt 0.847008 0.654757
vt 0.644367 0.808416
vt 0.666913 0.826674
vt 0.690052 0.846857
vt 0.717096 0.866832
vt 0.754250 0.869543
vt 0.778438 0.867474
vt 0.800976 0.859635
vt 0.826040 0.843746
vt 0.841394 0.831659
vt 0.859473 0.816261
vt 0.797010 0.688588
vt 0.779657 0.701968
vt 0.812035 0.672717
vt 0.828937 0.641493
vt 0.591302 0.832008
vt 0.552971 0.801105
vt 0.539577 0.841611
vt 0.615240 0.783759
vt 0.585941 0.759527
vt 0.543713 0.732061
vt 0.522098 0.784434
vt 0.498188 0.776694
vt 0.513349 0.725525
vt 0.479348 0.728699
vt 0.468671 0.778565
vt 0.438448 0.779397
vt 0.449902 0.729193
vt 0.431691 0.703742
vt 0.408703 0.785208
vt 0.378944 0.817568
vt 0.756723 0.240079
vt 0.758072 0.168755
vt 0.758353 0.199785
vt 0.759834 0.123973
vt 0.781503 0.122679
vt 0.761276 0.100622
vt 0.792792 0.096063
vt 0.763775 0.071778
vt 0.801003 0.070779
vt 0.762828 0.055661
vt 0.801496 0.052335
vt 0.225411 0.676377
vt 0.211311 0.671608
vt 0.200170 0.709285
vt 0.215843 0.715019
vt 0.249018 0.684866
vt 0.241895 0.714317
vt 0.294589 0.690907
vt 0.274505 0.688901
vt 0.272190 0.710802
vt 0.289591 0.715407
vt 0.314572 0.695253
vt 0.306248 0.726764
vt 0.338545 0.699965
vt 0.362369 0.703230
vt 0.409986 0.705835
vt 0.777107 0.553158
vt 0.759396 0.514497
vt 0.732743 0.461814
vt 0.716596 0.435127
vt 0.677308 0.379412
vt 0.701291 0.408625
vt 0.705887 0.321892
vt 0.675345 0.275232
vt 0.657537 0.235157
vt 0.642004 0.306507
vt 0.619762 0.347914
vt 0.617128 0.253971
vt 0.593135 0.223711
vt 0.788054 0.575224
vt 0.802911 0.602234
vt 0.713035 0.796420
vt 0.727850 0.808013
vt 0.745550 0.824802
vt 0.758467 0.844819
vt 0.671534 0.761160
vt 0.637359 0.734911
vt 0.610999 0.715429
vt 0.576919 0.680951
vt 0.496419 0.683210
vt 0.543357 0.627836
vt 0.500706 0.625036
vt 0.463209 0.677466
vt 0.444980 0.671968
vt 0.468139 0.627051
vt 0.447459 0.630269
vt 0.699492 0.199510
vt 0.627692 0.179926
vt 0.717669 0.172087
vt 0.645320 0.155295
vt 0.722771 0.125472
vt 0.671373 0.120134
vt 0.737012 0.090328
vt 0.687097 0.086193
vt 0.735914 0.070064
vt 0.690488 0.067950
vt 0.736752 0.054868
vt 0.691203 0.051674
vt 0.226437 0.601145
vt 0.217535 0.645070
vt 0.230911 0.650928
vt 0.239542 0.605052
vt 0.251532 0.656531
vt 0.258371 0.608636
vt 0.279412 0.648146
vt 0.281553 0.608027
vt 0.314570 0.597097
vt 0.303920 0.652124
vt 0.334982 0.589162
vt 0.325695 0.658327
vt 0.353948 0.657497
vt 0.364691 0.577178
vt 0.382314 0.640342
vt 0.388071 0.564643
vt 0.429716 0.601586
vt 0.421078 0.546059
vt 0.453335 0.579813
vt 0.455727 0.535458
vt 0.493901 0.568550
vt 0.481468 0.531233
vt 0.506766 0.533859
vt 0.527054 0.569542
vt 0.587453 0.294359
vt 0.571024 0.319491
vt 0.628638 0.276559
vt 0.591582 0.272294
vt 0.567124 0.266672
vt 0.564282 0.286104
vt 0.594469 0.255681
vt 0.576299 0.242548
vt 0.547758 0.283407
vt 0.552433 0.309373
vt 0.564260 0.306415
vt 0.545287 0.258225
vt 0.558070 0.234936
vt 0.573132 0.211587
vt 0.602396 0.176074
vt 0.623601 0.152031
vt 0.508185 0.279900
vt 0.501872 0.300121
vt 0.528725 0.262691
vt 0.645167 0.119599
vt 0.657679 0.087960
vt 0.231812 0.570803
vt 0.245146 0.576065
vt 0.659908 0.053063
vt 0.660548 0.066971
vt 0.285517 0.577654
vt 0.315051 0.571310
vt 0.265120 0.579032
vt 0.366259 0.548465
vt 0.389344 0.536608
vt 0.337363 0.563404
vt 0.418962 0.528124
vt 0.456124 0.521186
vt 0.481617 0.516539
vt 0.495504 0.522404
vt 0.498318 0.511557
vt 0.481923 0.508707
vt 0.467862 0.509621
vt 0.417256 0.521313
vt 0.388770 0.529270
vt 0.365088 0.539821
vt 0.335970 0.554914
vt 0.314311 0.563483
vt 0.539747 0.253193
vt 0.553997 0.230703
vt 0.567596 0.207413
vt 0.594127 0.173809
vt 0.617244 0.148032
vt 0.638129 0.118445
vt 0.650790 0.087700
vt 0.653329 0.065577
vt 0.653718 0.053410
vt 0.246750 0.569619
vt 0.234864 0.565452
vt 0.265754 0.571396
vt 0.286228 0.570561
vt 0.523518 0.362787
vt 0.514844 0.376685
vt 0.545884 0.393108
vt 0.551817 0.374195
vt 0.568654 0.501094
vt 0.530175 0.514409
vt 0.528628 0.535451
vt 0.575305 0.531013
vt 0.510278 0.467870
vt 0.484601 0.470843
vt 0.534142 0.338749
vt 0.561163 0.350122
vt 0.767512 0.834508
vt 0.747093 0.808124
vt 0.784550 0.598282
vt 0.794008 0.617504
vt 0.780476 0.823249
vt 0.792635 0.807199
vt 0.808952 0.787065
vt 0.773207 0.638841
vt 0.751608 0.650468
vt 0.791834 0.773191
vt 0.770997 0.793010
vt 0.744786 0.629047
vt 0.763734 0.619796
vt 0.759244 0.807791
vt 0.737178 0.803288
vt 0.865080 0.747731
vt 0.829095 0.756485
vt 0.885891 0.887049
vt 0.898693 0.877457
vt 0.872869 0.921171
vt 0.281481 0.495568
vt 0.316830 0.501883
vt 0.323404 0.478202
vt 0.271713 0.480175
vt 0.257441 0.480545
vt 0.268716 0.495781
vt 0.329657 0.461791
vt 0.266778 0.463643
vt 0.251121 0.464374
vt 0.331931 0.450625
vt 0.264852 0.450285
vt 0.248580 0.449688
vt 0.333581 0.434310
vt 0.264216 0.432744
vt 0.248463 0.432608
vt 0.336561 0.421444
vt 0.265384 0.415638
vt 0.250445 0.414090
vt 0.340126 0.408173
vt 0.268937 0.399671
vt 0.254489 0.396673
vt 0.342234 0.396315
vt 0.274483 0.385321
vt 0.261273 0.380449
vt 0.342858 0.383181
vt 0.280229 0.374791
vt 0.268875 0.368550
vt 0.258605 0.362251
vt 0.249484 0.375086
vt 0.342192 0.358256
vt 0.292523 0.363323
vt 0.280675 0.357931
vt 0.271637 0.350998
vt 0.241292 0.392765
vt 0.236723 0.411602
vt 0.233662 0.431686
vt 0.232681 0.449283
vt 0.235986 0.466117
vt 0.244247 0.482811
vt 0.257816 0.498183
vt 0.339543 0.346928
vt 0.291820 0.353319
vt 0.333020 0.332855
vt 0.287068 0.340032
vt 0.313739 0.329111
vt 0.285199 0.335280
vt 0.468293 0.482977
vt 0.471124 0.466298
vt 0.463892 0.480203
vt 0.484478 0.456587
vt 0.507921 0.461425
vt 0.532507 0.457865
vt 0.535967 0.463705
vt 0.556585 0.450520
vt 0.560581 0.456607
vt 0.591420 0.491263
vt 0.599358 0.526802
vt 0.569519 0.442067
vt 0.573488 0.449147
vt 0.482175 0.336265
vt 0.472470 0.346813
vt 0.477774 0.352310
vt 0.487423 0.341509
vt 0.490260 0.315618
vt 0.496780 0.320671
vt 0.495532 0.295285
vt 0.512918 0.519344
vt 0.503142 0.275144
vt 0.525480 0.257663
vt 0.280486 0.506578
vt 0.293031 0.510684
vt 0.286573 0.516265
vt 0.939506 0.971366
vt 0.939557 0.983745
vt 0.958377 0.963100
vt 0.310411 0.526291
vt 0.317135 0.516265
vt 0.289825 0.518600
vt 0.281894 0.517674
vt 0.276340 0.523186
vt 0.293883 0.525297
vt 0.972377 0.938702
vt 0.963681 0.940338
vt 0.983956 0.894917
vt 0.977778 0.893683
vt 0.978092 0.821108
vt 0.977618 0.859152
vt 0.984415 0.858087
vt 0.984210 0.819335
vt 0.095242 0.941070
vt 0.101660 0.922038
vt 0.094488 0.923224
vt 0.090615 0.939508
vt 0.085823 0.951135
vt 0.091183 0.953373
vt 0.974192 0.751318
vt 0.974703 0.763214
vt 0.981829 0.761636
vt 0.979656 0.749290
vt 0.978685 0.785109
vt 0.984361 0.784430
vt 0.124988 0.754338
vt 0.126465 0.782902
vt 0.132209 0.783712
vt 0.130713 0.752516
vt 0.124380 0.811143
vt 0.129854 0.811648
vt 0.115785 0.844248
vt 0.121115 0.845416
vt 0.110478 0.867540
vt 0.116212 0.869686
vt 0.108142 0.900791
vt 0.101931 0.899175
vt 0.498497 0.448316
vt 0.091391 0.709841
vt 0.109524 0.704163
vt 0.516865 0.438581
vt 0.535323 0.428764
vt 0.554636 0.418804
vt 0.466417 0.315800
vt 0.452854 0.328249
vt 0.477556 0.302520
vt 0.487273 0.287236
vt 0.497826 0.270469
vt 0.581068 0.566433
vt 0.601874 0.553553
vt 0.571743 0.402276
vt 0.585341 0.382477
vt 0.593863 0.612758
vt 0.974770 0.252309
vt 0.615582 0.599321
vt 0.617253 0.419690
vt 0.631782 0.399449
vt 0.981365 0.201552
vt 0.607624 0.646442
vt 0.627235 0.632849
vt 0.982866 0.173393
vt 0.643016 0.440051
vt 0.662781 0.421791
vt 0.335372 0.802889
vt 0.686788 0.451128
vt 0.705817 0.484888
vt 0.749778 0.581939
vt 0.714362 0.569888
vt 0.736887 0.555344
vt 0.722448 0.522025
vt 0.701784 0.541565
vt 0.684532 0.497825
vt 0.665657 0.468301
vt 0.729308 0.599545
vt 0.646977 0.663117
vt 0.629748 0.679923
vt 0.659713 0.706708
vt 0.673972 0.686958
vt 0.694931 0.733591
vt 0.709164 0.719205
vt 0.721215 0.751246
vt 0.735159 0.737256
vt 0.763397 0.755513
vt 0.747177 0.772380
vt 0.963205 0.403629
vt 0.983773 0.144964
vt 0.400044 0.443665
vt 0.399870 0.431347
vt 0.401738 0.421216
vt 0.403735 0.410305
vt 0.404176 0.399805
vt 0.404002 0.387574
vt 0.401874 0.362755
vt 0.397192 0.354016
vt 0.404034 0.323971
vt 0.059499 0.770762
vt 0.021223 0.716023
vt 0.059094 0.797269
vt 0.055471 0.822259
vt 0.044484 0.849563
vt 0.037754 0.866988
vt 0.029211 0.888790
vt 0.019380 0.901667
vt 0.016557 0.924141
vt 0.011831 0.933229
vt 0.896302 0.747702
vt 0.893064 0.758092
vt 0.899669 0.773344
vt 0.902779 0.797786
vt 0.902216 0.841358
vt 0.911104 0.868384
vt 0.900700 0.909808
vt 0.878989 0.938943
vt 0.383737 0.509076
vt 0.388856 0.495187
vt 0.385133 0.476414
vt 0.391158 0.458764
vt 0.196105 0.862822
vt 0.182855 0.852256
vt 0.144924 0.839801
vt 0.956040 0.070674
vt 0.944110 0.055666
vt 0.968501 0.094148
vt 0.979523 0.114954
vn -0.8359 0.2622 -0.4822
vn 0.3947 0.7365 -0.5493
vn 0.3861 0.6385 -0.6658
vn -0.7613 0.2515 -0.5976
vn -0.7625 0.0038 -0.6470
vn 0.5016 0.4752 -0.7229
vn -0.6810 -0.2592 -0.6849
vn 0.6079 0.1398 -0.7816
vn -0.5692 -0.4874 -0.6621
vn 0.6820 -0.1997 -0.7036
vn -0.5674 -0.6938 -0.4434
vn 0.7580 -0.4102 -0.5071
vn -0.4061 -0.7867 -0.4650
vn 0.7330 -0.4898 -0.4720
vn -0.4738 -0.6202 -0.6252
vn 0.6676 -0.3714 -0.6452
vn -0.5525 -0.4245 -0.7173
vn 0.6931 -0.1907 -0.6951
vn -0.6441 -0.3569 -0.6766
vn 0.6770 -0.1408 -0.7224
vn -0.7110 -0.0763 -0.6990
vn -0.7253 0.1351 -0.6751
vn 0.6574 0.3478 -0.6685
vn 0.7217 0.1175 -0.6821
vn 0.7201 -0.0771 -0.6896
vn -0.6632 -0.2582 -0.7025
vn -0.6933 0.3701 -0.6183
vn 0.5147 0.5983 -0.6141
vn -0.6535 0.5929 -0.4706
vn 0.3357 0.8025 -0.4933
vn -0.6155 0.6885 -0.3836
vn 0.2537 0.8885 -0.3824
vn -0.5179 0.8083 -0.2800
vn 0.1181 0.9566 -0.2662
vn -0.3765 0.9118 0.1636
vn 0.0174 0.9849 0.1722
vn 0.5531 0.4045 -0.7283
vn -0.7005 -0.0545 -0.7116
vn 0.6217 0.3110 -0.7189
vn -0.6788 -0.1633 -0.7160
vn 0.7029 0.1899 -0.6855
vn -0.6670 -0.2331 -0.7077
vn 0.7389 0.0254 -0.6733
vn -0.6510 -0.3208 -0.6879
vn 0.7198 -0.1556 -0.6765
vn -0.5396 -0.5042 -0.6743
vn 0.6758 -0.4533 -0.5812
vn -0.2966 -0.7611 -0.5769
vn 0.5957 -0.7081 -0.3791
vn -0.0970 -0.9211 -0.3770
vn 0.4670 -0.8339 -0.2942
vn 0.0565 -0.9475 -0.3146
vn 0.3529 -0.9237 -0.1490
vn 0.1675 -0.9767 -0.1340
vn 0.1619 -0.9668 0.1975
vn 0.4044 -0.8918 0.2028
vn 0.4157 -0.8664 0.2767
vn 0.1933 -0.9415 0.2762
vn 0.9455 0.3101 0.0994
vn 0.9904 0.1234 0.0625
vn 0.8680 0.4748 0.1452
vn 0.7772 0.5915 0.2147
vn 0.6475 0.6710 0.3613
vn 0.4618 0.8523 0.2455
vn 0.4330 0.7327 0.5250
vn 0.0881 0.8813 0.4643
vn 0.0834 0.7524 0.6535
vn -0.3942 0.7843 0.4790
vn -0.3174 0.6898 0.6507
vn -0.6962 0.6743 0.2462
vn -0.5787 0.6256 0.5232
vn -0.8031 0.5052 0.3160
vn -0.9188 0.3420 0.1973
vn -0.9759 0.1864 0.1134
vn -0.9958 0.0124 0.0910
vn -0.9836 -0.1564 0.0902
vn -0.9535 -0.2885 0.0872
vn -0.9200 -0.3920 0.0034
vn -0.9059 -0.4235 0.0068
vn -0.9345 -0.3480 0.0745
vn -0.9031 -0.4293 -0.0058
vn -0.9125 -0.4082 -0.0271
vn -0.9297 -0.3661 0.0410
vn -0.9366 -0.3482 0.0391
vn -0.9508 -0.3063 0.0452
vn -0.9596 -0.2793 0.0332
vn -0.9690 -0.2459 -0.0251
vn -0.9724 -0.2333 -0.0051
vn -0.9701 -0.2427 0.0056
vn -0.9677 -0.2489 0.0396
vn -0.9649 -0.2610 0.0306
vn -0.9668 -0.2554 0.0027
vn -0.9533 -0.3019 -0.0014
vn -0.9444 -0.3178 0.0841
vn -0.9157 -0.4016 0.0103
vn -0.8744 -0.4643 0.1408
vn -0.7975 -0.5990 0.0718
vn -0.7632 -0.6131 0.2040
vn -0.5651 -0.8090 0.1621
vn -0.5623 -0.7799 0.2750
vn -0.3109 -0.9311 0.1910
vn -0.3069 -0.9082 0.2846
vn -0.0779 -0.9783 0.1919
vn -0.0552 -0.9587 0.2791
vn 0.6196 -0.7596 0.1977
vn 0.6304 -0.7244 0.2790
vn 0.8210 -0.5451 0.1701
vn 0.8354 -0.4937 0.2418
vn 0.9597 -0.2641 0.0962
vn 0.9583 -0.2351 0.1623
vn 0.9969 -0.0675 0.0392
vn 0.9942 -0.0729 0.0796
vn 0.9966 0.0779 0.0264
vn 0.9635 0.2678 -0.0047
vn 0.9198 0.3893 -0.0481
vn 0.8945 0.4399 -0.0798
vn 0.9109 0.4009 -0.0983
vn 0.8853 0.4389 -0.1539
vn 0.8979 0.3875 -0.2087
vn 0.9357 0.2705 -0.2266
vn 0.9665 0.1390 -0.2156
vn 0.9862 0.0173 -0.1647
vn 0.9926 0.0252 -0.1186
vn 0.9960 -0.0523 -0.0721
vn 0.9937 -0.1034 -0.0435
vn 0.9935 -0.1113 -0.0234
vn 0.9995 -0.0328 0.0040
vn 0.9947 -0.0837 -0.0593
vn 0.9907 -0.0478 -0.1277
vn -0.9445 -0.2054 0.2563
vn -0.9495 -0.1364 0.2826
vn -0.9527 -0.0238 0.3029
vn -0.9334 0.1021 0.3441
vn -0.9440 -0.2432 0.2228
vn -0.9046 -0.0946 0.4156
vn -0.8967 -0.0645 0.4378
vn -0.9430 -0.2668 0.1989
vn -0.9166 -0.0955 0.3882
vn -0.9393 -0.2799 0.1982
vn -0.9310 -0.1065 0.3492
vn -0.9430 -0.2758 0.1860
vn -0.9508 -0.1445 0.2742
vn -0.9561 -0.2467 0.1582
vn -0.9740 -0.1494 0.1703
vn -0.9645 -0.2381 0.1146
vn -0.9835 -0.1624 0.0794
vn -0.8863 -0.0580 0.4594
vn -0.8684 -0.0087 0.4958
vn -0.8369 0.0714 0.5427
vn -0.9623 -0.2518 0.1026
vn -0.9248 -0.3481 0.1535
vn -0.8298 -0.5282 0.1802
vn -0.7471 -0.6208 0.2375
vn -0.6039 -0.7619 0.2340
vn -0.3247 -0.9169 0.2319
vn -0.0555 -0.9740 0.2195
vn 0.2040 -0.9578 0.2026
vn 0.4379 -0.8762 0.2015
vn 0.6472 -0.7334 0.2078
vn 0.8396 -0.5127 0.1795
vn 0.9476 -0.2910 0.1322
vn 0.9873 -0.1299 0.0917
vn 0.9989 0.0171 0.0425
vn 0.9982 0.0492 0.0354
vn 0.9857 0.1674 -0.0196
vn 0.9925 0.1087 -0.0562
vn 0.9983 -0.0564 -0.0157
vn 0.9516 0.2916 -0.0971
vn 0.9976 0.0394 0.0564
vn 0.9888 0.0957 0.1147
vn 0.9702 0.1716 0.1710
vn 0.9281 0.2992 0.2215
vn 0.8518 0.4224 0.3100
vn 0.7778 0.4607 0.4275
vn 0.6528 0.5217 0.5492
vn 0.4271 0.6040 0.6729
vn 0.1310 0.6340 0.7622
vn -0.1972 0.6357 0.7463
vn -0.5126 0.5857 0.6278
vn -0.7572 0.4080 0.5101
vn -0.8836 0.2176 0.4146
vn 0.9213 0.2401 0.3060
vn 0.9046 0.2611 0.3368
vn 0.8972 0.2560 0.3598
vn 0.8786 0.3049 0.3675
vn 0.7988 0.4399 0.4104
vn 0.6913 0.4840 0.5364
vn 0.5994 0.4623 0.6535
vn 0.4011 0.4366 0.8053
vn 0.1690 0.3912 0.9046
vn -0.0773 0.3544 0.9319
vn -0.3385 0.3122 0.8877
vn -0.5762 0.2252 0.7857
vn -0.7507 0.1381 0.6460
vn 0.9987 0.0471 -0.0191
vn 0.9875 0.1381 -0.0758
vn 0.9819 0.0626 -0.1787
vn 0.9307 0.2633 0.2540
vn 0.9328 0.3062 0.1903
vn 0.9278 0.3491 0.1317
vn 0.9690 0.2240 -0.1046
vn 0.9492 0.2927 -0.1158
vn 0.9101 0.4140 -0.0183
vn 0.9250 0.3626 -0.1135
vn 0.9389 0.3220 -0.1218
vn 0.9332 0.3417 -0.1116
vn 0.9311 0.3360 -0.1420
vn 0.9096 0.3788 -0.1708
vn 0.9238 0.3660 -0.1125
vn 0.9403 0.3332 -0.0690
vn -0.9683 -0.2457 0.0460
vn -0.8436 -0.5368 0.0163
vn -0.9285 -0.3701 0.0295
vn -0.6857 -0.7272 0.0316
vn -0.6691 -0.7215 0.1780
vn -0.3730 -0.9259 0.0608
vn -0.3357 -0.9170 0.2152
vn 0.0111 -0.9921 0.1251
vn -0.0458 -0.9723 0.2293
vn 0.2435 -0.9564 0.1612
vn 0.2175 -0.9484 0.2305
vn 0.4180 -0.8989 0.1313
vn 0.4456 -0.8674 0.2216
vn 0.6316 -0.7713 0.0786
vn 0.6482 -0.7329 0.2066
vn 0.9083 -0.4172 -0.0306
vn 0.8172 -0.5761 0.0196
vn 0.8348 -0.5300 0.1494
vn 0.9302 -0.3579 0.0818
vn 0.9657 -0.2526 -0.0600
vn 0.9794 -0.1996 0.0311
vn 0.9903 -0.1084 -0.0871
vn 0.9901 0.0733 -0.1197
vn 0.9363 0.3174 -0.1504
vn -0.5469 0.2636 0.7947
vn -0.5870 0.2276 0.7769
vn -0.6500 0.2180 0.7280
vn -0.7125 0.2534 0.6544
vn -0.8945 0.3161 0.3161
vn -0.8033 0.2531 0.5392
vn -0.9964 -0.0146 0.0838
vn -0.9930 -0.1048 -0.0539
vn -0.9695 -0.2280 -0.0898
vn -0.9935 0.0959 -0.0609
vn -0.8482 0.5222 0.0893
vn -0.9829 -0.1340 -0.1263
vn -0.9402 -0.3063 0.1493
vn -0.5299 0.2541 0.8091
vn -0.5788 0.1875 0.7936
vn 0.5055 0.4671 0.7255
vn 0.4680 0.4304 0.7719
vn 0.4425 0.4848 0.7544
vn 0.6063 0.4863 0.6292
vn 0.5142 0.4655 0.7203
vn 0.5532 0.4958 0.6694
vn 0.6054 0.5495 0.5758
vn 0.6017 0.6987 0.3869
vn 0.8635 0.4987 -0.0755
vn 0.5103 0.8514 0.1214
vn 0.7993 0.5962 -0.0750
vn 0.9148 0.3743 -0.1518
vn 0.9238 0.3403 -0.1756
vn 0.8887 0.4389 -0.1328
vn 0.9136 0.3721 -0.1642
vn -0.9312 -0.3584 -0.0664
vn -0.8972 -0.4411 0.0214
vn -0.8438 -0.5308 -0.0795
vn -0.7909 -0.6117 0.0194
vn -0.6438 -0.7642 -0.0406
vn -0.5841 -0.8115 0.0196
vn -0.2341 -0.9719 -0.0267
vn -0.2546 -0.9670 0.0141
vn 0.0496 -0.9985 -0.0216
vn 0.0007 -0.9996 -0.0271
vn 0.2430 -0.9699 -0.0157
vn 0.2015 -0.9774 -0.0647
vn 0.3880 -0.9212 -0.0288
vn 0.3865 -0.9194 -0.0736
vn 0.5767 -0.8157 -0.0456
vn 0.5811 -0.8112 -0.0645
vn 0.7826 -0.6214 -0.0383
vn 0.7730 -0.6327 -0.0467
vn 0.8957 -0.4431 -0.0377
vn 0.8987 -0.4344 -0.0600
vn 0.9535 -0.3007 -0.0218
vn 0.9642 -0.2538 -0.0774
vn 0.9896 -0.1097 -0.0929
vn 0.9893 -0.1457 0.0039
vn 0.9908 0.0742 -0.1132
vn 0.9979 -0.0330 0.0557
vn 0.9602 0.2565 -0.1110
vn 0.9675 0.0769 0.2409
vn 0.9094 0.4107 -0.0660
vn 0.8449 0.2872 0.4513
vn 0.7740 0.6330 -0.0170
vn 0.6706 0.5085 0.5401
vn 0.2138 0.8171 0.5353
vn 0.3944 0.9116 0.1159
vn -0.9846 0.1741 -0.0148
vn -0.7315 0.5911 0.3398
vn -0.9913 -0.0595 -0.1171
vn -0.9992 -0.0107 -0.0396
vn -0.8857 -0.0222 0.4637
vn -0.8248 0.2070 0.5261
vn -0.9943 -0.0947 -0.0496
vn -0.9086 -0.1860 0.3740
vn -0.8122 0.1910 0.5513
vn -0.6704 0.5037 0.5448
vn -0.7097 0.4534 0.5392
vn -0.6659 -0.2883 0.6881
vn -0.5504 -0.2094 0.8082
vn -0.6940 -0.4004 0.5984
vn -0.6830 -0.6077 0.4052
vn -0.5787 -0.7319 0.3596
vn -0.7571 -0.0896 0.6472
vn -0.6531 0.3214 0.6857
vn -0.7467 -0.5888 0.3095
vn -0.3879 -0.8318 0.3970
vn -0.1828 -0.9007 0.3941
vn 0.1774 -0.8880 0.4243
vn 0.3338 -0.8555 0.3958
vn 0.0066 -0.9168 0.3993
vn 0.6418 -0.6710 0.3712
vn 0.7343 -0.5681 0.3716
vn 0.4936 -0.7842 0.3760
vn 0.7872 -0.3924 0.4758
vn 0.7576 -0.2910 0.5842
vn 0.7714 -0.4932 0.4021
vn 0.6087 -0.1412 0.7807
vn 0.3776 0.0090 0.9259
vn 0.2514 0.2596 0.9324
vn 0.1162 0.4640 0.8782
vn 0.4485 0.6813 0.5785
vn 0.5881 0.5224 0.6175
vn 0.1289 -0.5619 0.8171
vn -0.1340 -0.3661 0.9209
vn -0.0125 -0.4499 0.8930
vn -0.0619 -0.5442 0.8367
vn -0.1133 -0.5324 0.8389
vn -0.1130 -0.4240 0.8986
vn -0.3740 -0.8032 0.4637
vn 0.0659 -0.1807 0.9813
vn -0.0343 -0.3959 0.9177
vn 0.0153 -0.5528 0.8332
vn 0.2088 -0.5401 0.8153
vn 0.2041 -0.4242 0.8822
vn 0.1702 -0.3354 0.9266
vn 0.1475 -0.2261 0.9629
vn 0.1142 -0.2079 0.9715
vn 0.0245 -0.1728 0.9846
vn -0.1123 -0.1979 0.9738
vn -0.1176 -0.3072 0.9444
vn -0.5035 0.8221 0.2657
vn -0.2521 0.9274 0.2765
vn -0.2613 0.9566 0.1288
vn -0.5466 0.8263 0.1360
vn 0.1009 0.9670 0.2338
vn 0.4774 0.8652 0.1531
vn 0.1384 0.9432 0.3021
vn 0.0889 0.9787 0.1849
vn 0.3831 0.5975 0.7045
vn 0.7541 0.4647 0.4640
vn -0.7364 0.6384 0.2241
vn -0.6656 0.7208 0.1935
vn 0.3697 0.4799 0.7956
vn 0.1381 0.4172 0.8982
vn -0.2001 0.3698 0.9073
vn -0.3308 0.1882 0.9247
vn 0.3283 0.3366 0.8825
vn 0.1125 0.2208 0.9688
vn -0.0257 0.1429 0.9894
vn -0.1615 0.1134 0.9803
vn -0.1005 0.3300 0.9386
vn 0.0015 0.3878 0.9217
vn -0.1816 0.3055 0.9347
vn 0.2093 0.4211 0.8825
vn 0.0618 0.4301 0.9007
vn 0.5456 -0.7635 0.3457
vn 0.5979 -0.7884 -0.1449
vn 0.8229 -0.5531 -0.1301
vn 0.5534 -0.6933 0.4617
vn -0.0407 -0.4170 0.9080
vn -0.2613 -0.5616 0.7850
vn 0.6766 -0.7139 -0.1801
vn 0.5064 -0.7370 0.4476
vn -0.0103 -0.3206 0.9471
vn 0.4840 -0.8519 -0.2000
vn 0.3907 -0.8086 0.4399
vn 0.0121 -0.2976 0.9546
vn 0.2613 -0.9441 -0.2008
vn 0.2442 -0.8637 0.4408
vn 0.0517 -0.3135 0.9482
vn 0.0199 -0.9825 -0.1853
vn 0.0841 -0.8852 0.4575
vn 0.0901 -0.3251 0.9414
vn -0.2024 -0.9665 -0.1580
vn -0.0580 -0.8853 0.4614
vn 0.1277 -0.3358 0.9332
vn -0.3870 -0.9140 -0.1214
vn -0.1637 -0.8756 0.4544
vn 0.1821 -0.3699 0.9110
vn -0.5093 -0.8568 -0.0809
vn -0.1795 -0.8764 0.4468
vn 0.2878 -0.4370 0.8522
vn 0.5114 0.1563 0.8450
vn 0.3798 0.3232 0.8668
vn -0.1259 -0.9841 -0.1255
vn -0.0454 -0.9665 0.2526
vn 0.5392 -0.5042 0.6746
vn 0.7488 -0.1277 0.6503
vn 0.2307 0.4192 0.8781
vn 0.0462 0.4229 0.9050
vn -0.1441 0.4097 0.9008
vn -0.3396 0.3965 0.8529
vn -0.4836 0.2908 0.8256
vn -0.5742 0.0817 0.8146
vn -0.6865 -0.1871 0.7026
vn 0.7519 -0.6334 -0.1830
vn 0.7532 -0.6178 0.2260
vn 0.2434 -0.9685 0.0523
vn 0.8674 -0.4420 0.2284
vn 0.9644 -0.0896 0.2487
vn 0.2635 0.4853 0.8337
vn 0.0784 0.5169 0.8525
vn 0.1467 0.6774 0.7208
vn -0.0226 0.5186 0.8547
vn -0.0321 0.6952 0.7181
vn -0.1557 0.5494 0.8209
vn -0.1764 0.6428 0.7454
vn -0.2487 0.4756 0.8438
vn -0.3453 0.6050 0.7175
vn -0.3767 0.4471 0.8113
vn -0.4941 0.5078 0.7057
vn -0.5735 0.2689 0.7738
vn 0.2836 0.8041 0.5225
vn -0.7359 -0.1366 0.6632
vn -0.6821 -0.6568 0.3215
vn -0.2849 -0.8040 0.5219
vn -0.0953 -0.9888 0.1144
vn -0.7297 -0.6151 0.2985
vn 0.6078 -0.7537 0.2501
vn 0.8179 -0.0820 0.5695
vn 0.8576 -0.0545 0.5114
vn 0.7265 0.3942 0.5628
vn 0.8579 0.1752 0.4830
vn -0.5736 0.5522 0.6051
vn -0.3322 0.6509 0.6827
vn -0.0458 0.6932 0.7193
vn 0.1779 0.7475 0.6399
vn 0.4537 0.5860 0.6714
vn -0.7911 -0.4043 0.4591
vn -0.7850 -0.3374 0.5195
vn -0.8224 -0.2765 0.4971
vn -0.8701 -0.1181 0.4785
vn -0.8519 0.0817 0.5173
vn -0.7598 0.3191 0.5664
vn 0.0550 0.9837 0.1711
vn -0.2666 0.9538 0.1387
vn -0.5377 0.8267 0.1655
vn 0.0706 0.9405 0.3325
vn -0.2595 0.8987 0.3535
vn -0.5487 0.7617 0.3446
vn 0.1052 0.8094 0.5778
vn -0.2168 0.7804 0.5865
vn -0.5267 0.6114 0.5905
vn 0.9769 0.2127 -0.0216
vn -0.4341 0.5021 0.7480
vn -0.3445 0.4436 0.8274
vn -0.1919 0.4305 0.8819
vn -0.1311 0.4680 0.8739
vn -0.2208 0.4266 0.8771
vn -0.2790 0.4219 0.8626
vn -0.1157 0.4813 0.8689
vn -0.1456 0.5316 0.8344
vn -0.1635 0.6286 0.7604
vn -0.1327 0.4323 0.8919
vn 0.1273 0.6511 0.7482
vn 0.1041 0.5468 0.8308
vn 0.0693 0.5038 0.8611
vn 0.0301 0.4936 0.8692
vn 0.0197 0.4578 0.8889
vn 0.4176 -0.8785 -0.2320
vn 0.2191 -0.9488 -0.2277
vn -0.0109 -0.9776 -0.2101
vn -0.2087 -0.9599 -0.1870
vn -0.3834 -0.9097 -0.1593
vn -0.5146 -0.8473 -0.1315
vn -0.3613 -0.9162 -0.1735
vn 0.6673 -0.6687 -0.3279
vn 0.0676 -0.9433 -0.3251
vn -0.9312 -0.3439 0.1209
vn -0.9732 -0.1659 0.1593
vn -0.9852 -0.0374 0.1671
vn -0.9759 0.1232 0.1799
vn -0.9286 0.3108 0.2029
vn -0.8195 0.5253 0.2291
vn -0.6658 0.7040 0.2472
vn -0.4318 0.8684 0.2437
vn -0.1313 0.9693 0.2081
vn 0.0955 0.9791 0.1795
vn 0.3488 0.9222 0.1672
vn 0.6584 0.7357 0.1589
vn 0.8528 0.5023 0.1431
vn 0.9535 0.2815 0.1076
vn 0.9945 0.0843 0.0621
vn 0.7527 -0.6306 -0.1891
vn 0.6821 -0.6878 -0.2482
vn 0.8083 -0.5530 -0.2023
vn 0.6228 -0.7501 -0.2226
usemtl Material
s 1
f 510/639/510 513/640/511 512/641/512 511/642/513
f 513/640/511 510/639/510 515/643/514 514/644/515
f 515/643/514 517/645/516 516/646/517 514/644/515
f 516/646/517 517/645/516 519/647/518 518/648/519
f 519/647/518 521/649/520 520/650/521 518/648/519
f 520/650/521 521/649/520 523/651/522 522/652/523
f 523/653/522 525/654/524 524/655/525 522/656/523
f 524/655/525 525/654/524 527/657/526 526/658/527
f 527/657/526 529/659/528 528/660/529 526/658/527
f 530/661/530 533/662/531 532/663/532 531/664/533
f 534/665/534 535/666/535 530/661/530 531/664/533
f 529/659/528 535/666/535 534/665/534 528/660/529
f 532/663/532 533/662/531 537/667/536 536/668/537
f 537/667/536 539/669/538 538/670/539 536/668/537
f 538/670/539 539/669/538 541/671/540 540/672/541
f 541/671/540 543/673/542 542/674/543 540/672/541
f 542/674/543 543/673/542 545/675/544 544/676/545
f 511/642/513 512/641/512 547/677/546 546/678/547
f 547/677/546 549/679/548 548/680/549 546/678/547
f 548/680/549 549/679/548 551/681/550 550/682/551
f 551/681/550 553/683/552 552/684/553 550/682/551
f 552/684/553 553/683/552 555/685/554 554/686/555
f 555/685/554 557/687/556 556/688/557 554/686/555
f 557/687/556 559/689/558 558/690/559 556/688/557
f 558/690/559 559/689/558 561/691/560 560/692/561
f 561/691/560 563/693/562 562/694/563 560/692/561
f 564/695/564 567/696/565 566/697/566 565/698/567
f 531/699/533 532/700/532 569/701/568 568/702/569
f 536/703/537 570/704/570 569/701/568 532/700/532
f 538/705/539 571/706/571 570/704/570 536/703/537
f 540/707/541 572/708/572 571/706/571 538/705/539
f 572/708/572 574/709/573 573/710/574
f 574/709/573 576/711/575 575/712/576 573/710/574
f 576/711/575 578/713/577 577/714/578 575/712/576
f 578/715/577 580/716/579 579/717/580 577/718/578
f 580/716/579 581/719/581 579/717/580
f 539/720/538 582/721/582 581/719/581 541/722/540
f 537/723/536 583/724/583 582/721/582 539/720/538
f 533/725/531 584/726/584 583/724/583 537/723/536
f 530/727/530 585/728/585 584/726/584 533/725/531
f 535/729/535 586/730/586 585/728/585 530/727/530
f 587/731/587 586/730/586 535/729/535 529/732/528
f 587/731/587 589/733/588 588/734/589 586/730/586
f 589/733/588 590/735/590 588/734/589
f 591/736/591 590/735/590 525/737/524 523/738/522
f 591/736/591 592/739/592 588/734/589 590/735/590
f 519/740/518 593/741/593 592/739/592 521/742/520
f 517/743/516 594/744/594 593/741/593 519/740/518
f 515/745/514 595/746/595 594/744/594 517/743/516
f 596/747/596 595/746/595 515/745/514 510/748/510
f 597/749/597 596/747/596 510/748/510 511/750/513
f 598/751/598 597/749/597 511/750/513 546/752/547
f 598/751/598 600/753/599 599/754/600 597/749/597
f 601/755/601 603/756/602 602/757/603 600/753/599
f 603/756/602 605/758/604 604/759/605 602/757/603
f 604/759/605 605/758/604 607/760/606 606/761/607
f 607/760/606 609/762/608 608/763/609 606/761/607
f 609/762/608 611/764/610 610/765/611 608/763/609
f 611/764/610 613/766/612 612/767/613 610/765/611
f 613/766/612 564/768/564 565/769/567 612/767/613
f 567/696/565 615/770/614 614/771/615 566/697/566
f 615/770/614 617/772/616 616/773/617 614/771/615
f 617/772/616 619/774/618 618/775/619 616/773/617
f 619/774/618 621/776/620 620/777/621 618/775/619
f 622/778/622 621/776/620 555/779/554 553/780/552
f 623/781/623 622/778/622 553/780/552 551/782/550
f 624/783/624 623/781/623 551/782/550 549/784/548
f 625/785/625 624/783/624 549/784/548 547/786/546
f 512/787/512 626/788/626 625/785/625 547/786/546
f 513/789/511 627/790/627 626/788/626 512/787/512
f 514/791/515 628/792/628 627/790/627 513/789/511
f 516/793/517 629/794/629 628/792/628 514/791/515
f 518/795/519 630/796/630 629/794/629 516/793/517
f 631/797/631 630/796/630 518/795/519 520/798/521
f 632/799/632 631/797/631 520/798/521 522/800/523
f 633/801/633 632/799/632 522/800/523 524/802/525
f 634/803/634 633/801/633 524/802/525 526/804/527
f 635/805/635 634/803/634 526/804/527 528/806/529
f 635/805/635 638/807/636 637/808/637 636/809/638
f 638/807/636 534/810/534 531/699/533 568/702/569
f 639/811/639 640/812/640 585/728/585 586/730/586
f 640/812/640 641/813/641 584/726/584 585/728/585
f 641/813/641 642/814/642 583/724/583 584/726/584
f 639/811/639 645/815/643 644/816/644 643/817/645
f 619/774/618 617/772/616 559/818/558 557/819/556
f 645/815/643 647/820/646 646/821/647 644/816/644
f 647/820/646 649/822/648 648/823/649 646/821/647
f 649/822/648 651/824/650 650/825/651 648/823/649
f 651/824/650 653/826/652 652/827/653 650/825/651
f 653/826/652 655/828/654 654/829/655 652/827/653
f 640/812/640 639/811/639 643/817/645 656/830/656
f 645/815/643 639/811/639 586/730/586 588/734/589
f 621/776/620 619/774/618 557/819/556 555/779/554
f 647/820/646 645/815/643 588/734/589 592/739/592
f 649/822/648 647/820/646 592/739/592 593/741/593
f 651/824/650 649/822/648 593/741/593 594/744/594
f 653/826/652 651/824/650 594/744/594 595/746/595
f 655/828/654 653/826/652 595/746/595 599/754/600
f 641/813/641 640/812/640 656/830/656 657/831/657
f 642/814/642 641/813/641 657/831/657 658/832/658
f 655/828/654 599/754/600 600/753/599 659/833/659
f 659/833/659 600/753/599 602/757/603 660/834/660
f 660/834/660 602/757/603 604/759/605 661/835/661
f 661/835/661 604/759/605 606/761/607 662/836/662
f 663/837/663 662/836/662 606/761/607 608/763/609
f 664/838/664 663/837/663 608/763/609 610/765/611
f 665/839/665 664/838/664 610/765/611 612/767/613
f 666/840/666 665/839/665 612/767/613 565/769/567
f 667/841/667 666/842/666 565/698/567 566/697/566
f 668/843/668 667/841/667 566/697/566 614/771/615
f 669/844/669 668/843/668 614/771/615 616/773/617
f 670/845/670 669/844/669 616/773/617 618/775/619
f 671/846/671 670/845/670 618/775/619 620/777/621
f 672/847/672 671/846/671 620/777/621 673/848/673
f 672/847/672 676/849/674 675/850/675 674/851/676
f 676/849/674 677/852/677 675/850/675
f 678/853/678 637/808/637 638/807/636 679/854/679
f 680/855/680 679/854/679 638/807/636 568/702/569
f 681/856/681 680/855/680 568/702/569 569/701/568
f 682/857/682 681/856/681 569/701/568 570/704/570
f 683/858/683 682/857/682 570/704/570 571/706/571
f 684/859/684 683/858/683 571/706/571 572/708/572
f 685/860/685 684/859/684 572/708/572 573/710/574
f 686/861/686 685/860/685 573/710/574 575/712/576
f 687/862/687 686/861/686 575/712/576 577/714/578
f 688/863/688 687/864/687 577/718/578 579/717/580
f 689/865/689 688/863/688 579/717/580 581/719/581
f 690/866/690 689/865/689 581/719/581 582/721/582
f 691/867/691 678/853/678 679/854/679 692/868/692
f 692/868/692 679/854/679 680/855/680 693/869/693
f 680/855/680 681/856/681 694/870/694 693/869/693
f 681/856/681 682/857/682 695/871/695 694/870/694
f 682/857/682 683/858/683 696/872/696 695/871/695
f 683/858/683 684/859/684 697/873/697 696/872/696
f 684/859/684 685/860/685 698/874/698 697/873/697
f 685/860/685 686/861/686 699/875/699 698/874/698
f 686/861/686 687/862/687 700/876/700 699/875/699
f 687/864/687 688/863/688 701/877/701 700/878/700
f 688/863/688 689/865/689 702/879/702 701/877/701
f 689/865/689 690/866/690 703/880/703 702/879/702
f 690/866/690 582/721/582 583/724/583 642/814/642
f 703/880/703 690/866/690 642/814/642 658/832/658
f 636/809/638 706/881/704 705/882/705 704/883/706
f 706/881/704 708/884/707 707/885/708 705/882/705
f 709/886/709 710/887/710 705/882/705 707/885/708
f 705/882/705 710/887/710 630/796/630 704/883/706
f 630/796/630 710/887/710 711/888/711 629/794/629
f 710/887/710 709/886/709 712/889/712 711/888/711
f 713/890/713 714/891/714 711/888/711 712/889/712
f 629/794/629 711/888/711 714/891/714 628/792/628
f 628/792/628 714/891/714 715/892/715 627/790/627
f 716/893/716 715/892/715 714/891/714 713/890/713
f 716/893/716 718/894/717 717/895/718 715/892/715
f 717/895/718 626/788/626 627/790/627 715/892/715
f 717/895/718 677/852/677 719/896/719 626/788/626
f 720/897/720 654/829/655 655/828/654 659/833/659
f 721/898/721 722/899/722 660/834/660 661/835/661
f 723/900/723 721/898/721 661/835/661 724/901/724
f 725/902/725 723/900/723 724/901/724 726/903/726
f 727/904/727 725/902/725 726/903/726 728/905/728
f 729/906/729 727/904/727 728/905/728 730/907/730
f 731/908/731 729/909/729 730/910/730 732/911/732
f 733/912/733 731/908/731 732/911/732 734/913/734
f 735/914/735 738/915/736 737/916/737 736/917/738
f 739/918/739 735/914/735 736/917/738 740/919/740
f 741/920/741 739/918/739 740/919/740 674/851/676
f 742/921/742 741/920/741 674/851/676 675/850/675
f 743/922/743 742/921/742 675/850/675 677/852/677
f 718/894/717 743/922/743 677/852/677 717/895/718
f 738/915/736 733/912/733 734/913/734 737/916/737
f 722/899/722 720/897/720 659/833/659 660/834/660
f 744/923/744 656/830/656 643/817/645 745/924/745
f 745/924/745 643/817/645 644/816/644 746/925/746
f 667/841/667 668/843/668 734/913/734 732/911/732
f 646/821/647 747/926/747 746/925/746 644/816/644
f 666/842/666 667/841/667 732/911/732 730/910/730
f 748/927/748 749/928/749 648/823/649 650/825/651
f 652/827/653 750/929/750 748/927/748 650/825/651
f 751/930/751 654/829/655 720/897/720 752/931/752
f 750/929/750 754/932/753 753/933/754 748/927/748
f 755/934/755 752/931/752 756/935/756
f 757/936/757 657/831/657 656/830/656 744/923/744
f 757/936/757 758/937/758 658/832/658 657/831/657
f 658/832/658 758/937/758 703/880/703
f 759/938/759 692/868/692 693/869/693 760/939/760
f 694/870/694 761/940/761 760/939/760 693/869/693
f 762/941/762 761/940/761 694/870/694 695/871/695
f 762/941/762 695/871/695 696/872/696
f 763/942/763 764/943/764 708/884/707 691/867/691
f 707/885/708 708/884/707 764/943/764 765/944/765
f 765/944/765 766/945/766 709/886/709 707/885/708
f 709/886/709 766/945/766 712/889/712
f 767/946/767 766/945/766 769/947/768 768/948/769
f 766/945/766 767/946/767 713/890/713 712/889/712
f 770/949/770 716/893/716 713/890/713 767/946/767
f 718/894/717 716/893/716 770/949/770 771/950/771
f 767/946/767 768/948/769 772/951/772 770/949/770
f 773/952/773 771/950/771 770/949/770 772/951/772
f 774/953/774 775/954/775 756/935/756 752/931/752
f 776/955/776 777/956/777 775/954/775 774/953/774
f 778/957/778 779/958/779 777/956/777 776/955/776
f 780/959/780 781/960/781 779/958/779 778/957/778
f 782/961/782 783/962/783 781/960/781 780/959/780
f 784/963/784 785/964/785 783/962/783 782/961/782
f 785/965/785 784/966/784 787/967/786 786/968/787
f 788/969/788 789/970/789 786/968/787 787/967/786
f 790/971/790 791/972/791 789/970/789 788/969/788
f 792/973/792 791/972/791 790/971/790 793/974/793
f 794/975/794 792/973/792 793/974/793 795/976/795
f 794/975/794 795/976/795 797/977/796 796/978/797
f 798/979/798 799/980/799 796/978/797 797/977/796
f 800/981/800 801/982/801 799/980/799 798/979/798
f 800/981/800 718/894/717 771/950/771 773/952/773
f 801/982/801 800/981/800 803/983/802 802/984/803
f 803/983/802 800/981/800 773/952/773 772/951/772
f 803/983/802 772/951/772 768/948/769 804/985/804
f 802/984/803 803/983/802 804/985/804 805/986/805
f 804/985/804 806/987/806 805/986/805
f 807/988/807 804/985/804 768/948/769 769/947/768
f 808/989/808 809/990/809 753/933/754 754/932/753
f 720/897/720 722/899/722 774/953/774 752/931/752
f 722/899/722 721/898/721 776/955/776 774/953/774
f 721/898/721 723/900/723 778/957/778 776/955/776
f 723/900/723 725/902/725 780/959/780 778/957/778
f 725/902/725 727/904/727 782/961/782 780/959/780
f 727/904/727 729/906/729 784/963/784 782/961/782
f 729/909/729 731/908/731 787/967/786 784/966/784
f 731/908/731 733/912/733 788/969/788 787/967/786
f 733/912/733 738/915/736 790/971/790 788/969/788
f 738/915/736 735/914/735 793/974/793 790/971/790
f 735/914/735 739/918/739 795/976/795 793/974/793
f 739/918/739 741/920/741 797/977/796 795/976/795
f 741/920/741 742/921/742 798/979/798 797/977/796
f 742/921/742 743/922/743 800/981/800 798/979/798
f 743/922/743 718/894/717 800/981/800
f 654/829/655 751/930/751 750/929/750 652/827/653
f 751/930/751 810/991/810 754/932/753 750/929/750
f 665/839/665 666/840/666 730/907/730 728/905/728
f 811/992/811 813/993/812 812/994/813 808/989/808
f 810/991/810 811/992/811 808/989/808 754/932/753
f 811/992/811 815/995/814 814/996/815 813/993/812
f 752/931/752 755/934/755 810/991/810 751/930/751
f 755/934/755 815/995/814 811/992/811 810/991/810
f 814/996/815 815/995/814 755/934/755 756/935/756
f 816/997/816 818/998/817 817/999/818 812/994/813
f 819/1000/819 816/997/816 812/994/813 813/993/812
f 820/1001/820 819/1000/819 813/993/812 814/996/815
f 821/1002/821 820/1001/820 814/996/815 756/935/756
f 775/954/775 822/1003/822 821/1002/821 756/935/756
f 777/956/777 823/1004/823 822/1003/822 775/954/775
f 818/998/817 816/997/816 825/1005/824 824/1006/825
f 826/1007/826 825/1005/824 816/997/816 819/1000/819
f 777/956/777 779/958/779 827/1008/827 823/1004/823
f 781/960/781 828/1009/828 827/1008/827 779/958/779
f 829/1010/829 785/965/785 786/968/787 830/1011/830
f 785/964/785 829/1012/829 831/1013/831 783/962/783
f 831/1013/831 828/1009/828 781/960/781 783/962/783
f 832/1014/832 791/972/791 792/973/792 833/1015/833
f 834/1016/834 789/970/789 791/972/791 832/1014/832
f 789/970/789 834/1016/834 830/1011/830 786/968/787
f 835/1017/835 796/978/797 799/980/799 836/1018/836
f 837/1019/837 794/975/794 796/978/797 835/1017/835
f 833/1015/833 792/973/792 794/975/794 837/1019/837
f 799/980/799 801/982/801 838/1020/838 836/1018/836
f 801/982/801 802/984/803 839/1021/839 838/1020/838
f 840/1022/840 839/1021/839 802/984/803 805/986/805
f 841/1023/841 840/1022/840 805/986/805 806/987/806
f 840/1022/840 841/1023/841 843/1024/842 842/1025/843
f 844/1026/844 839/1021/839 840/1022/840 842/1025/843
f 839/1021/839 844/1026/844 845/1027/845 838/1020/838
f 846/1028/846 836/1018/836 838/1020/838 845/1027/845
f 846/1028/846 847/1029/847 835/1017/835 836/1018/836
f 837/1019/837 835/1017/835 847/1029/847 848/1030/848
f 849/1031/849 833/1015/833 837/1019/837 848/1030/848
f 850/1032/850 819/1000/819 820/1001/820 851/1033/851
f 820/1001/820 821/1002/821 852/1034/852 851/1033/851
f 853/1035/853 852/1034/852 821/1002/821 822/1003/822
f 854/1036/854 853/1035/853 822/1003/822 823/1004/823
f 827/1008/827 855/1037/855 854/1036/854 823/1004/823
f 828/1009/828 856/1038/856 855/1037/855 827/1008/827
f 828/1009/828 831/1013/831 857/1039/857 856/1038/856
f 831/1013/831 829/1012/829 858/1040/858 857/1039/857
f 859/1041/859 858/1042/858 829/1010/829 830/1011/830
f 860/1043/860 859/1041/859 830/1011/830 834/1016/834
f 861/1044/861 860/1043/860 834/1016/834 832/1014/832
f 832/1014/832 833/1015/833 849/1031/849 861/1044/861
f 862/1045/862 865/1046/863 864/1047/864 863/1048/865
f 664/838/664 665/839/665 728/905/728 726/903/726
f 866/1049/866 869/1050/867 868/1051/868 867/1052/869
f 870/1053/870 871/1054/871 842/1025/843 843/1024/842
f 872/1055/872 862/1045/862 863/1048/865 873/1056/873
f 818/998/817 872/1055/872 873/1056/873
f 874/1057/874 875/1058/875 761/940/761 762/941/762
f 696/872/696 697/873/697 874/1057/874 762/941/762
f 758/937/758 757/936/757 877/1059/876 876/1060/877
f 702/879/702 703/880/703 758/937/758 876/1060/877
f 697/873/697 698/874/698 878/1061/878 874/1057/874
f 698/874/698 699/875/699 879/1062/879 878/1061/878
f 699/875/699 700/876/700 880/1063/880 879/1062/879
f 701/877/701 881/1064/881 880/1065/880 700/878/700
f 876/1060/877 881/1064/881 701/877/701 702/879/702
f 882/1066/882 883/1067/883 879/1062/879 880/1063/880
f 882/1068/882 880/1065/880 881/1064/881 884/1069/884
f 884/1069/884 881/1064/881 876/1060/877 877/1059/876
f 879/1062/879 883/1067/883 885/1070/885 878/1061/878
f 761/940/761 875/1058/875 886/1071/886 760/939/760
f 875/1058/875 874/1057/874 878/1061/878 885/1070/885
f 581/719/581 580/716/579 543/1072/542 541/722/540
f 580/716/579 578/715/577 545/1073/544 543/1072/542
f 578/713/577 576/711/575 544/1074/545 545/1075/544
f 576/711/575 574/709/573 542/1076/543 544/1074/545
f 574/709/573 572/708/572 540/707/541 542/1076/543
f 887/1077/887 890/1078/888 889/1079/889 888/1080/890
f 891/1081/891 892/1082/892 887/1077/887 888/1080/890
f 888/1080/890 889/1079/889 894/1083/893 893/1084/894
f 895/1085/895 891/1081/891 888/1080/890 893/1084/894
f 893/1084/894 894/1083/893 897/1086/896 896/1087/897
f 898/1088/898 895/1085/895 893/1084/894 896/1087/897
f 896/1087/897 897/1086/896 900/1089/899 899/1090/900
f 901/1091/901 898/1088/898 896/1087/897 899/1090/900
f 899/1090/900 900/1089/899 903/1092/902 902/1093/903
f 904/1094/904 901/1091/901 899/1090/900 902/1093/903
f 902/1093/903 903/1092/902 906/1095/905 905/1096/906
f 907/1097/907 904/1094/904 902/1093/903 905/1096/906
f 905/1096/906 906/1095/905 909/1098/908 908/1099/909
f 910/1100/910 907/1097/907 905/1096/906 908/1099/909
f 908/1099/909 909/1098/908 912/1101/911 911/1102/912
f 910/1100/910 915/1103/913 914/1104/914 913/1105/915
f 911/1102/912 912/1101/911 917/1106/916 916/1107/917
f 915/1103/913 919/1108/918 918/1109/919 914/1104/914
f 907/1097/907 910/1100/910 913/1105/915 920/1110/920
f 915/1103/913 910/1100/910 908/1099/909 911/1102/912
f 919/1108/918 915/1103/913 911/1102/912 916/1107/917
f 904/1094/904 907/1097/907 920/1110/920 921/1111/921
f 901/1091/901 904/1094/904 921/1111/921 922/1112/922
f 898/1088/898 901/1091/901 922/1112/922 923/1113/923
f 895/1085/895 898/1088/898 923/1113/923 924/1114/924
f 891/1081/891 895/1085/895 924/1114/924 925/1115/925
f 892/1082/892 891/1081/891 925/1115/925 926/1116/926
f 916/1107/917 917/1106/916 928/1117/927 927/1118/928
f 928/1117/927 930/1119/929 929/1120/930 927/1118/928
f 927/1118/928 919/1108/918 916/1107/917
f 929/1120/930 918/1109/919 919/1108/918 927/1118/928
f 844/1121/844 931/1122/931 929/1120/930 930/1119/929
f 931/1123/931 844/1026/844 842/1025/843 871/1054/871
f 918/1124/919 929/1125/930 931/1123/931 871/1054/871
f 914/1126/914 918/1124/919 871/1054/871
f 932/1127/932 871/1054/871 870/1053/870
f 933/1128/933 932/1127/932 870/1053/870 934/1129/934
f 935/1130/935 933/1128/933 934/1129/934 936/1131/936
f 865/1132/863 866/1049/866 867/1052/869 864/1133/864
f 937/1134/937 935/1130/935 936/1131/936 938/1135/938
f 939/1136/939 937/1137/937 938/1138/938 940/1139/940
f 941/1140/941 939/1136/939 940/1139/940 942/1141/942
f 943/1142/943 941/1140/941 942/1141/942 824/1006/825
f 869/1050/867 944/1143/944 868/1051/868
f 868/1051/868 806/987/806 807/988/807
f 747/926/747 646/821/647 648/823/649 749/928/749
f 945/1144/945 943/1142/943 824/1006/825 825/1005/824
f 946/1145/946 945/1144/945 825/1005/824 826/1007/826
f 892/1082/892 947/1146/947 887/1077/887
f 947/1146/947 948/1147/948 890/1078/888 887/1077/887
f 947/1146/947 949/1148/949 948/1147/948
f 950/1149/950 850/1150/850 851/1151/851
f 819/1000/819 850/1032/850 946/1145/946 826/1007/826
f 850/1152/850 950/1153/950 948/1147/948 949/1154/949
f 949/1155/949 947/1146/947 892/1082/892 926/1116/926 946/1156/946
f 946/1157/946 850/1152/850 949/1154/949
f 890/1078/888 948/1147/948 950/1153/950
f 950/1149/950 851/1151/851 852/1158/852 951/1159/951
f 951/1159/951 852/1158/852 853/1160/853 952/1161/952
f 953/1162/953 954/1163/954 854/1164/854 855/1165/855
f 954/1163/954 952/1161/952 853/1160/853 854/1164/854
f 859/1166/859 860/1167/860 956/1168/955 955/1169/956
f 957/1170/957 858/1171/858 859/1166/859 955/1169/956
f 957/1172/957 958/1173/958 857/1174/857 858/1175/858
f 958/1173/958 959/1176/959 856/1177/856 857/1174/857
f 959/1176/959 953/1162/953 855/1165/855 856/1177/856
f 960/1178/960 961/1179/961 846/1180/846 845/1181/845
f 961/1179/961 962/1182/962 847/1183/847 846/1180/846
f 962/1182/962 963/1184/963 848/1185/848 847/1183/847
f 963/1184/963 964/1186/964 849/1187/849 848/1185/848
f 861/1188/861 849/1187/849 964/1186/964 965/1189/965
f 965/1189/965 956/1168/955 860/1167/860 861/1188/861
f 871/1054/871 932/1127/932 913/1190/915 914/1126/914
f 930/1191/929 960/1178/960 845/1181/845 844/1192/844
f 932/1127/932 933/1128/933 920/1193/920 913/1190/915
f 933/1128/933 935/1130/935 921/1194/921 920/1193/920
f 935/1130/935 937/1134/937 922/1195/922 921/1194/921
f 937/1137/937 939/1136/939 923/1196/923 922/1197/922
f 939/1136/939 941/1140/941 924/1198/924 923/1196/923
f 941/1140/941 943/1142/943 925/1199/925 924/1198/924
f 943/1142/943 945/1144/945 926/1200/926 925/1199/925
f 945/1144/945 946/1145/946 926/1200/926
f 867/1052/869 868/1051/868 807/988/807 966/1201/966
f 663/837/663 664/838/664 726/903/726 724/901/724
f 966/1201/966 967/1202/967 864/1133/864 867/1052/869
f 863/1048/865 864/1047/864 967/1203/967 968/1204/968
f 873/1056/873 863/1048/865 968/1204/968
f 753/933/754 809/990/809 873/1056/873 968/1204/968
f 966/1201/966 807/988/807 769/947/768 969/1205/969
f 601/755/601 598/751/598 546/752/547 548/1206/549
f 967/1202/967 966/1201/966 969/1205/969 970/1207/970
f 968/1204/968 967/1203/967 970/1208/970 971/1209/971
f 603/756/602 601/755/601 548/1206/549 550/1210/551
f 748/927/748 753/933/754 968/1204/968 971/1209/971
f 969/1205/969 973/1211/972 972/1212/973 970/1207/970
f 605/758/604 603/756/602 550/1210/551 552/1213/553
f 973/1211/972 969/1205/969 769/947/768 766/945/766
f 971/1209/971 970/1208/970 972/1214/973 974/1215/974
f 971/1209/971 974/1215/974 749/928/749 748/927/748
f 624/783/624 625/785/625 626/788/626 719/896/719
f 623/781/623 624/783/624 719/896/719 975/1216/975
f 747/926/747 977/1217/976 976/1218/977 746/925/746
f 622/778/622 623/781/623 975/1216/975 673/848/673
f 877/1059/876 978/1219/978 884/1069/884
f 877/1059/876 757/936/757 978/1219/978
f 979/1220/979 982/1221/980 981/1222/981 980/1223/982
f 621/776/620 622/778/622 673/848/673 620/777/621
f 976/1218/977 983/1224/983 980/1223/982 981/1222/981
f 977/1217/976 984/1225/984 983/1224/983 976/1218/977
f 978/1219/978 985/1226/985 882/1068/882 884/1069/884
f 974/1215/974 972/1214/973 984/1225/984 977/1217/976
f 984/1227/984 987/1228/986 986/1229/987 983/1230/983
f 983/1230/983 986/1229/987 988/1231/988 980/1232/982
f 989/1233/989 979/1234/979 980/1232/982 988/1231/988
f 972/1212/973 973/1211/972 987/1228/986 984/1227/984
f 985/1235/985 990/1236/990 883/1067/883 882/1066/882
f 596/747/596 597/749/597 599/754/600 595/746/595
f 598/751/598 601/755/601 600/753/599
f 589/733/588 587/731/587 529/732/528 527/1237/526
f 883/1067/883 990/1236/990 885/1070/885
f 590/735/590 589/733/588 527/1237/526 525/737/524
f 987/1228/986 765/944/765 764/943/764 986/1229/987
f 986/1229/987 764/943/764 763/942/763 988/1231/988
f 759/938/759 989/1233/989 988/1231/988 763/942/763
f 973/1211/972 766/945/766 765/944/765 987/1228/986
f 990/1236/990 886/1071/886 875/1058/875 885/1070/885
f 977/1217/976 747/926/747 749/928/749 974/1215/974
f 981/1222/981 745/924/745 746/925/746 976/1218/977
f 692/868/692 759/938/759 763/942/763 691/867/691
f 979/1234/979 989/1233/989 990/1236/990 985/1235/985
f 592/739/592 591/736/591 523/738/522 521/742/520
f 982/1221/980 979/1220/979 985/1226/985 978/1219/978
f 607/760/606 605/758/604 552/1213/553 554/1238/555
f 989/1233/989 759/938/759 760/939/760 886/1071/886 990/1236/990
f 982/1221/980 978/1219/978 757/936/757 744/923/744
f 982/1221/980 744/923/744 745/924/745 981/1222/981
f 897/1086/896 992/1239/991 991/1240/992 900/1089/899
f 900/1089/899 991/1240/992 993/1241/993 903/1092/902
f 903/1092/902 993/1241/993 994/1242/994 906/1095/905
f 906/1095/905 994/1242/994 995/1243/995 909/1098/908
f 909/1098/908 995/1243/995 996/1244/996 912/1101/911
f 912/1101/911 996/1244/996 997/1245/997 917/1106/916
f 998/1246/998 928/1117/927 917/1106/916 997/1245/997
f 999/1247/999 930/1119/929 928/1117/927 998/1246/998
f 1000/1248/1000 960/1178/960 930/1191/929 999/1249/999
f 960/1178/960 1000/1248/1000 1001/1250/1001 961/1179/961
f 961/1179/961 1001/1250/1001 1002/1251/1002 962/1182/962
f 962/1182/962 1002/1251/1002 1003/1252/1003 963/1184/963
f 963/1184/963 1003/1252/1003 1004/1253/1004 964/1186/964
f 964/1186/964 1004/1253/1004 1005/1254/1005 965/1189/965
f 965/1189/965 1005/1254/1005 1006/1255/1006 956/1168/955
f 956/1168/955 1006/1255/1006 1007/1256/1007 955/1169/956
f 955/1169/956 1007/1256/1007 1008/1257/1008 957/1170/957
f 957/1172/957 1008/1258/1008 1009/1259/1009 958/1173/958
f 958/1173/958 1009/1259/1009 1010/1260/1010 959/1176/959
f 959/1176/959 1010/1260/1010 1011/1261/1011 953/1162/953
f 953/1162/953 1011/1261/1011 1012/1262/1012 954/1163/954
f 954/1163/954 1012/1262/1012 1013/1263/1013 952/1161/952
f 952/1161/952 1013/1263/1013 1014/1264/1014 951/1159/951
f 951/1159/951 1014/1264/1014 1015/1265/1015 950/1149/950
f 950/1153/950 1015/1266/1015 1016/1267/1016 890/1078/888
f 890/1078/888 1016/1267/1016 1017/1268/1017 889/1079/889
f 889/1079/889 1017/1268/1017 1018/1269/1018 894/1083/893
f 894/1083/893 1018/1269/1018 992/1239/991 897/1086/896
f 617/772/616 615/770/614 561/1270/560 559/818/558
f 615/770/614 567/696/565 563/1271/562 561/1270/560
f 567/696/565 564/695/564 562/1272/563 563/1271/562
f 564/768/564 613/766/612 560/1273/561 562/1274/563
f 613/766/612 611/764/610 558/1275/559 560/1273/561
f 611/764/610 609/762/608 556/1276/557 558/1275/559
f 609/762/608 607/760/606 554/1238/555 556/1276/557
f 662/836/662 663/837/663 724/901/724 661/835/661
f 806/987/806 944/1143/944 843/1024/842 841/1023/841
f 944/1143/944 870/1053/870 843/1024/842
f 944/1143/944 869/1050/867 870/1053/870
f 869/1050/867 866/1049/866 934/1129/934 870/1053/870
f 934/1129/934 866/1049/866 936/1131/936
f 866/1049/866 865/1132/863 938/1135/938 936/1131/936
f 865/1046/863 862/1045/862 940/1139/940 938/1138/938
f 862/1045/862 872/1055/872 942/1141/942 940/1139/940
f 872/1055/872 818/998/817 824/1006/825 942/1141/942
f 806/987/806 868/1051/868 944/1143/944
f 873/1056/873 809/990/809 817/999/818 818/998/817
f 809/990/809 808/989/808 812/994/813 817/999/818
f 806/987/806 804/985/804 807/988/807
f 668/843/668 669/844/669 737/916/737 734/913/734
f 669/844/669 670/845/670 736/917/738 737/916/737
f 670/845/670 671/846/671 740/919/740 736/917/738
f 671/846/671 672/847/672 674/851/676 740/919/740
f 677/852/677 676/849/674 975/1216/975 719/896/719
f 676/849/674 672/847/672 673/848/673 975/1216/975
f 638/807/636 635/805/635 528/806/529 534/810/534
f 631/797/631 632/799/632 704/883/706 630/796/630
f 632/799/632 633/801/633 636/809/638 704/883/706
f 633/801/633 634/803/634 635/805/635 636/809/638
f 637/808/637 678/853/678 706/881/704 636/809/638
f 678/853/678 691/867/691 708/884/707 706/881/704
